time,t_air_c,u10_ms,v10_ms,u100_ms,v100_ms,ghi_wm2
2024-01-01 00:00:00+00:00,-9.66,3.122,5.513,4.513,7.968,0.0
2024-01-01 01:00:00+00:00,-7.65,3.236,5.177,4.678,7.483,0.0
2024-01-01 02:00:00+00:00,-11.21,3.594,5.172,5.194,7.475,0.0
2024-01-01 03:00:00+00:00,-11.99,3.672,4.98,5.307,7.199,0.0
2024-01-01 04:00:00+00:00,-13.03,3.252,4.417,4.701,6.385,0.0
2024-01-01 05:00:00+00:00,-11.85,3.819,5.306,5.521,7.669,0.0
2024-01-01 06:00:00+00:00,-10.94,4.142,4.666,5.987,6.744,0.0
2024-01-01 07:00:00+00:00,-9.97,4.421,5.049,6.391,7.299,0.0
2024-01-01 08:00:00+00:00,-11.14,4.207,4.138,6.081,5.982,0.0
2024-01-01 09:00:00+00:00,-12.51,3.744,2.907,5.412,4.202,0.0
2024-01-01 10:00:00+00:00,-12.36,5.442,2.871,7.866,4.149,14.2
2024-01-01 11:00:00+00:00,-13.35,4.86,1.729,7.025,2.499,45.4
2024-01-01 12:00:00+00:00,-14.81,5.049,0.88,7.298,1.273,73.0
2024-01-01 13:00:00+00:00,-14.28,5.976,-0.142,8.638,-0.206,58.1
2024-01-01 14:00:00+00:00,-15.49,5.28,-1.718,7.632,-2.483,14.2
2024-01-01 15:00:00+00:00,-17.98,4.088,-2.856,5.909,-4.128,0.0
2024-01-01 16:00:00+00:00,-20.04,2.852,-3.986,4.123,-5.761,0.0
2024-01-01 17:00:00+00:00,-18.48,1.305,-7.491,1.886,-10.828,0.0
2024-01-01 18:00:00+00:00,-17.72,-2.302,-7.221,-3.328,-10.438,0.0
2024-01-01 19:00:00+00:00,-16.99,-5.151,-5.966,-7.445,-8.624,0.0
2024-01-01 20:00:00+00:00,-15.29,-7.008,-3.29,-10.129,-4.756,0.0
2024-01-01 21:00:00+00:00,-10.82,-8.069,-0.332,-11.663,-0.48,0.0
2024-01-01 22:00:00+00:00,-10.27,-6.988,3.122,-10.1,4.512,0.0
2024-01-01 23:00:00+00:00,-6.96,-5.527,7.081,-7.988,10.235,0.0
2024-01-02 00:00:00+00:00,-5.11,-1.139,7.115,-1.646,10.285,0.0
2024-01-02 01:00:00+00:00,-3.77,4.045,8.318,5.846,12.024,0.0
2024-01-02 02:00:00+00:00,-4.44,8.031,4.53,11.608,6.548,0.0
2024-01-02 03:00:00+00:00,-3.12,7.948,-0.141,11.488,-0.204,0.0
2024-01-02 04:00:00+00:00,-4.1,6.717,-3.325,9.709,-4.807,0.0
2024-01-02 05:00:00+00:00,-6.41,4.574,-5.751,6.611,-8.312,0.0
2024-01-02 06:00:00+00:00,-7.17,1.882,-5.883,2.721,-8.504,0.0
2024-01-02 07:00:00+00:00,-8.07,-0.479,-7.343,-0.693,-10.614,0.0
2024-01-02 08:00:00+00:00,-9.39,-2.844,-6.382,-4.11,-9.224,0.0
2024-01-02 09:00:00+00:00,-8.45,-4.133,-4.826,-5.974,-6.975,0.0
2024-01-02 10:00:00+00:00,-13.53,-5.539,-3.556,-8.006,-5.139,7.6
2024-01-02 11:00:00+00:00,-15.86,-5.853,-1.464,-8.46,-2.116,23.7
2024-01-02 12:00:00+00:00,-17.49,-4.808,0.05,-6.95,0.072,46.6
2024-01-02 13:00:00+00:00,-19.08,-5.632,1.691,-8.14,2.444,36.8
2024-01-02 14:00:00+00:00,-18.38,-5.13,3.676,-7.416,5.313,9.0
2024-01-02 15:00:00+00:00,-17.32,-4.663,6.0,-6.741,8.673,0.0
2024-01-02 16:00:00+00:00,-17.59,-2.373,6.035,-3.43,8.723,0.0
2024-01-02 17:00:00+00:00,-16.22,-0.571,6.483,-0.825,9.371,0.0
2024-01-02 18:00:00+00:00,-15.41,0.724,6.889,1.047,9.957,0.0
2024-01-02 19:00:00+00:00,-14.73,2.585,6.228,3.736,9.003,0.0
2024-01-02 20:00:00+00:00,-12.09,3.049,4.169,4.407,6.026,0.0
2024-01-02 21:00:00+00:00,-12.93,4.535,3.643,6.554,5.266,0.0
2024-01-02 22:00:00+00:00,-12.53,5.894,2.739,8.519,3.96,0.0
2024-01-02 23:00:00+00:00,-12.54,6.987,1.786,10.1,2.581,0.0
2024-01-03 00:00:00+00:00,-12.45,6.061,0.413,8.76,0.598,0.0
2024-01-03 01:00:00+00:00,-8.31,4.588,-0.45,6.632,-0.65,0.0
2024-01-03 02:00:00+00:00,-9.61,3.606,-0.854,5.212,-1.234,0.0
2024-01-03 03:00:00+00:00,-10.97,3.688,-1.071,5.331,-1.548,0.0
2024-01-03 04:00:00+00:00,-12.53,3.35,-1.028,4.843,-1.485,0.0
2024-01-03 05:00:00+00:00,-13.73,4.079,-0.784,5.896,-1.133,0.0
2024-01-03 06:00:00+00:00,-11.37,3.771,-0.276,5.45,-0.399,0.0
2024-01-03 07:00:00+00:00,-10.6,3.771,0.236,5.45,0.341,0.0
2024-01-03 08:00:00+00:00,-11.86,3.231,0.222,4.67,0.32,0.0
2024-01-03 09:00:00+00:00,-13.02,4.741,0.479,6.853,0.692,0.0
2024-01-03 10:00:00+00:00,-13.38,3.858,0.55,5.576,0.796,5.6
2024-01-03 11:00:00+00:00,-14.11,3.277,0.642,4.737,0.927,35.1
2024-01-03 12:00:00+00:00,-14.5,3.041,1.06,4.396,1.533,28.5
2024-01-03 13:00:00+00:00,-15.81,3.088,1.556,4.463,2.249,19.6
2024-01-03 14:00:00+00:00,-15.2,3.417,2.464,4.939,3.562,5.0
2024-01-03 15:00:00+00:00,-16.92,2.566,2.713,3.71,3.921,0.0
2024-01-03 16:00:00+00:00,-15.92,2.013,3.962,2.909,5.727,0.0
2024-01-03 17:00:00+00:00,-14.13,0.87,5.002,1.257,7.23,0.0
2024-01-03 18:00:00+00:00,-15.12,-0.504,5.591,-0.729,8.081,0.0
2024-01-03 19:00:00+00:00,-14.75,-1.616,4.338,-2.336,6.27,0.0
2024-01-03 20:00:00+00:00,-12.01,-2.835,4.779,-4.098,6.907,0.0
2024-01-03 21:00:00+00:00,-11.94,-3.665,3.745,-5.298,5.413,0.0
2024-01-03 22:00:00+00:00,-11.75,-5.4,2.832,-7.806,4.093,0.0
2024-01-03 23:00:00+00:00,-12.02,-6.754,1.791,-9.763,2.588,0.0
2024-01-04 00:00:00+00:00,-8.83,-8.139,0.276,-11.765,0.4,0.0
2024-01-04 01:00:00+00:00,-9.02,-5.803,-0.572,-8.388,-0.827,0.0
2024-01-04 02:00:00+00:00,-9.66,-5.137,-1.01,-7.425,-1.46,0.0
2024-01-04 03:00:00+00:00,-9.31,-5.263,-1.471,-7.608,-2.127,0.0
2024-01-04 04:00:00+00:00,-5.2,-5.914,-2.284,-8.548,-3.301,0.0
2024-01-04 05:00:00+00:00,-9.39,-4.694,-2.42,-6.785,-3.498,0.0
2024-01-04 06:00:00+00:00,-10.38,-4.931,-2.55,-7.127,-3.686,0.0
2024-01-04 07:00:00+00:00,-10.53,-3.689,-1.661,-5.332,-2.4,0.0
2024-01-04 08:00:00+00:00,-12.16,-4.134,-1.443,-5.975,-2.086,0.0
2024-01-04 09:00:00+00:00,-13.61,-4.913,-1.94,-7.101,-2.805,0.0
2024-01-04 10:00:00+00:00,-12.58,-5.406,-2.091,-7.814,-3.022,18.0
2024-01-04 11:00:00+00:00,-12.99,-5.296,-2.152,-7.655,-3.11,49.3
2024-01-04 12:00:00+00:00,-9.44,-6.89,-2.871,-9.959,-4.15,33.7
2024-01-04 13:00:00+00:00,-6.13,-6.297,-2.618,-9.102,-3.785,50.4
2024-01-04 14:00:00+00:00,-8.93,-6.876,-2.651,-9.939,-3.832,17.2
2024-01-04 15:00:00+00:00,-11.97,-7.14,-2.172,-10.321,-3.14,0.0
2024-01-04 16:00:00+00:00,-11.52,-6.988,-0.684,-10.1,-0.988,0.0
2024-01-04 17:00:00+00:00,-11.35,-8.057,1.542,-11.647,2.23,0.0
2024-01-04 18:00:00+00:00,-12.67,-8.358,4.364,-12.081,6.308,0.0
2024-01-04 19:00:00+00:00,-11.4,-6.13,6.06,-8.86,8.76,0.0
2024-01-04 20:00:00+00:00,-11.57,-3.621,6.547,-5.234,9.463,0.0
2024-01-04 21:00:00+00:00,-14.04,-2.276,8.568,-3.29,12.385,0.0
2024-01-04 22:00:00+00:00,-13.45,-0.032,7.471,-0.046,10.799,0.0
2024-01-04 23:00:00+00:00,-11.53,1.559,6.848,2.254,9.898,0.0
2024-01-05 00:00:00+00:00,-12.04,2.503,5.206,3.618,7.525,0.0
2024-01-05 01:00:00+00:00,-11.15,3.175,5.318,4.589,7.686,0.0
2024-01-05 02:00:00+00:00,-11.2,4.879,5.447,7.052,7.874,0.0
2024-01-05 03:00:00+00:00,-11.16,5.371,4.013,7.764,5.8,0.0
2024-01-05 04:00:00+00:00,-8.2,6.254,2.674,9.04,3.865,0.0
2024-01-05 05:00:00+00:00,-5.83,9.996,1.848,14.449,2.672,0.0
2024-01-05 06:00:00+00:00,-6.57,9.222,-0.696,13.329,-1.006,0.0
2024-01-05 07:00:00+00:00,-8.13,8.772,-3.068,12.679,-4.435,0.0
2024-01-05 08:00:00+00:00,-8.12,9.687,-6.74,14.002,-9.743,0.0
2024-01-05 09:00:00+00:00,-10.65,8.199,-8.665,11.851,-12.525,0.0
2024-01-05 10:00:00+00:00,-11.76,6.154,-12.347,8.895,-17.847,4.6
2024-01-05 11:00:00+00:00,-13.11,3.586,-11.782,5.183,-17.03,14.2
2024-01-05 12:00:00+00:00,-13.9,1.936,-12.064,2.798,-17.438,17.5
2024-01-05 13:00:00+00:00,-14.8,0.058,-10.336,0.083,-14.94,14.2
2024-01-05 14:00:00+00:00,-16.34,-1.257,-8.498,-1.816,-12.283,4.6
2024-01-05 15:00:00+00:00,-15.34,-2.556,-7.442,-3.695,-10.757,0.0
2024-01-05 16:00:00+00:00,-16.81,-3.488,-6.025,-5.042,-8.708,0.0
2024-01-05 17:00:00+00:00,-16.78,-4.202,-5.366,-6.074,-7.756,0.0
2024-01-05 18:00:00+00:00,-15.48,-4.851,-5.351,-7.012,-7.734,0.0
2024-01-05 19:00:00+00:00,-13.5,-4.392,-4.082,-6.349,-5.901,0.0
2024-01-05 20:00:00+00:00,-10.49,-4.571,-3.312,-6.607,-4.787,0.0
2024-01-05 21:00:00+00:00,-9.79,-5.22,-2.538,-7.545,-3.668,0.0
2024-01-05 22:00:00+00:00,-8.94,-5.656,-0.858,-8.175,-1.24,0.0
2024-01-05 23:00:00+00:00,-11.36,-5.38,0.832,-7.776,1.202,0.0
2024-01-06 00:00:00+00:00,-10.46,-5.094,2.496,-7.364,3.608,0.0
2024-01-06 01:00:00+00:00,-8.7,-3.363,3.576,-4.861,5.169,0.0
2024-01-06 02:00:00+00:00,-8.3,-1.794,4.614,-2.593,6.669,0.0
2024-01-06 03:00:00+00:00,-8.87,0.203,4.455,0.293,6.44,0.0
2024-01-06 04:00:00+00:00,-7.74,1.974,3.758,2.853,5.432,0.0
2024-01-06 05:00:00+00:00,-8.06,3.035,2.378,4.387,3.438,0.0
2024-01-06 06:00:00+00:00,-7.6,3.77,0.635,5.449,0.918,0.0
2024-01-06 07:00:00+00:00,-7.83,4.185,-1.491,6.049,-2.155,0.0
2024-01-06 08:00:00+00:00,-10.88,3.157,-3.852,4.564,-5.568,0.0
2024-01-06 09:00:00+00:00,-10.51,0.46,-6.601,0.665,-9.542,0.0
2024-01-06 10:00:00+00:00,-8.22,-2.776,-5.061,-4.013,-7.315,10.6
2024-01-06 11:00:00+00:00,-8.31,-7.024,-3.708,-10.152,-5.36,15.3
2024-01-06 12:00:00+00:00,-9.1,-7.017,0.583,-10.142,0.843,25.2
2024-01-06 13:00:00+00:00,-9.98,-6.092,4.215,-8.805,6.093,14.7
2024-01-06 14:00:00+00:00,-11.69,-2.519,6.675,-3.642,9.649,11.8
2024-01-06 15:00:00+00:00,-9.32,1.243,4.709,1.796,6.807,0.0
2024-01-06 16:00:00+00:00,-10.58,3.701,3.527,5.35,5.098,0.0
2024-01-06 17:00:00+00:00,-10.83,3.83,0.896,5.536,1.295,0.0
2024-01-06 18:00:00+00:00,-14.03,3.642,-1.109,5.264,-1.603,0.0
2024-01-06 19:00:00+00:00,-13.88,2.175,-2.492,3.144,-3.602,0.0
2024-01-06 20:00:00+00:00,-12.07,0.481,-2.505,0.695,-3.621,0.0
2024-01-06 21:00:00+00:00,-12.42,-0.881,-2.557,-1.273,-3.696,0.0
2024-01-06 22:00:00+00:00,-13.97,-2.38,-2.1,-3.44,-3.036,0.0
2024-01-06 23:00:00+00:00,-14.07,-3.221,-0.542,-4.655,-0.783,0.0
2024-01-07 00:00:00+00:00,-13.54,-2.939,1.534,-4.248,2.217,0.0
2024-01-07 01:00:00+00:00,-12.53,-1.699,3.049,-2.456,4.407,0.0
2024-01-07 02:00:00+00:00,-13.07,0.189,3.518,0.273,5.085,0.0
2024-01-07 03:00:00+00:00,-13.02,1.561,2.381,2.256,3.442,0.0
2024-01-07 04:00:00+00:00,-13.14,3.03,1.372,4.38,1.983,0.0
2024-01-07 05:00:00+00:00,-14.32,3.214,-0.191,4.646,-0.275,0.0
2024-01-07 06:00:00+00:00,-15.91,3.012,-1.457,4.353,-2.106,0.0
2024-01-07 07:00:00+00:00,-17.67,2.987,-3.025,4.317,-4.372,0.0
2024-01-07 08:00:00+00:00,-16.4,2.349,-4.59,3.396,-6.634,0.0
2024-01-07 09:00:00+00:00,-16.38,0.732,-4.457,1.057,-6.443,0.0
2024-01-07 10:00:00+00:00,-17.0,-0.585,-3.032,-0.846,-4.383,14.9
2024-01-07 11:00:00+00:00,-17.69,-1.787,-2.541,-2.583,-3.673,45.9
2024-01-07 12:00:00+00:00,-18.29,-2.644,-1.696,-3.821,-2.451,67.8
2024-01-07 13:00:00+00:00,-17.51,-3.324,-0.687,-4.805,-0.992,46.4
2024-01-07 14:00:00+00:00,-14.28,-3.757,0.772,-5.43,1.117,21.8
2024-01-07 15:00:00+00:00,-18.01,-3.122,2.128,-4.513,3.077,0.0
2024-01-07 16:00:00+00:00,-19.11,-2.152,3.751,-3.111,5.421,0.0
2024-01-07 17:00:00+00:00,-17.82,0.026,4.571,0.038,6.607,0.0
2024-01-07 18:00:00+00:00,-14.03,1.813,3.7,2.62,5.349,0.0
2024-01-07 19:00:00+00:00,-14.2,3.656,2.827,5.284,4.086,0.0
2024-01-07 20:00:00+00:00,-10.26,4.794,1.265,6.93,1.829,0.0
2024-01-07 21:00:00+00:00,-10.64,4.886,-1.428,7.063,-2.064,0.0
2024-01-07 22:00:00+00:00,-12.34,3.243,-3.254,4.688,-4.704,0.0
2024-01-07 23:00:00+00:00,-11.27,1.092,-3.884,1.579,-5.614,0.0
2024-01-08 00:00:00+00:00,-11.34,-0.938,-3.245,-1.355,-4.69,0.0
2024-01-08 01:00:00+00:00,-10.48,-2.748,-2.149,-3.972,-3.106,0.0
2024-01-08 02:00:00+00:00,-8.4,-4.131,-0.007,-5.971,-0.01,0.0
2024-01-08 03:00:00+00:00,-8.48,-2.879,2.213,-4.162,3.199,0.0
2024-01-08 04:00:00+00:00,-10.67,-1.041,3.123,-1.505,4.514,0.0
2024-01-08 05:00:00+00:00,-11.5,0.748,3.441,1.082,4.973,0.0
2024-01-08 06:00:00+00:00,-13.38,2.803,3.023,4.051,4.369,0.0
2024-01-08 07:00:00+00:00,-14.5,3.487,0.965,5.04,1.395,0.0
2024-01-08 08:00:00+00:00,-13.01,4.115,-1.206,5.948,-1.744,0.0
2024-01-08 09:00:00+00:00,-10.81,2.837,-2.995,4.1,-4.329,0.0
2024-01-08 10:00:00+00:00,-12.65,0.827,-4.322,1.195,-6.247,26.9
2024-01-08 11:00:00+00:00,-11.19,-1.317,-3.404,-1.903,-4.92,51.0
2024-01-08 12:00:00+00:00,-13.76,-3.523,-2.372,-5.093,-3.429,84.7
2024-01-08 13:00:00+00:00,-13.81,-3.161,-0.278,-4.57,-0.403,71.0
2024-01-08 14:00:00+00:00,-11.99,-3.065,1.646,-4.43,2.379,23.7
2024-01-08 15:00:00+00:00,-11.87,-1.791,2.846,-2.589,4.114,0.0
2024-01-08 16:00:00+00:00,-12.12,-0.097,3.156,-0.14,4.561,0.0
2024-01-08 17:00:00+00:00,-11.18,1.345,2.316,1.945,3.347,0.0
2024-01-08 18:00:00+00:00,-11.21,2.907,1.404,4.202,2.029,0.0
2024-01-08 19:00:00+00:00,-12.37,3.286,-0.448,4.75,-0.648,0.0
2024-01-08 20:00:00+00:00,-10.66,2.464,-2.011,3.562,-2.906,0.0
2024-01-08 21:00:00+00:00,-10.2,0.908,-2.749,1.313,-3.973,0.0
2024-01-08 22:00:00+00:00,-9.55,-1.044,-3.355,-1.509,-4.849,0.0
2024-01-08 23:00:00+00:00,-10.75,-3.795,-2.431,-5.486,-3.514,0.0
2024-01-09 00:00:00+00:00,-8.27,-4.422,0.519,-6.391,0.75,0.0
2024-01-09 01:00:00+00:00,-9.35,-3.356,3.633,-4.851,5.251,0.0
2024-01-09 02:00:00+00:00,-12.38,-0.441,4.143,-0.637,5.988,0.0
2024-01-09 03:00:00+00:00,-10.36,1.964,3.229,2.839,4.667,0.0
2024-01-09 04:00:00+00:00,-12.36,4.461,1.625,6.449,2.349,0.0
2024-01-09 05:00:00+00:00,-12.74,5.919,-2.105,8.555,-3.043,0.0
2024-01-09 06:00:00+00:00,-17.11,2.451,-4.837,3.543,-6.992,0.0
2024-01-09 07:00:00+00:00,-17.37,-1.406,-4.986,-2.032,-7.206,0.0
2024-01-09 08:00:00+00:00,-18.78,-4.376,-3.405,-6.325,-4.922,0.0
2024-01-09 09:00:00+00:00,-17.68,-5.698,-0.069,-8.237,-0.099,0.0
2024-01-09 10:00:00+00:00,-17.82,-3.869,2.624,-5.592,3.793,6.4
2024-01-09 11:00:00+00:00,-17.72,-1.41,4.415,-2.038,6.382,52.0
2024-01-09 12:00:00+00:00,-20.12,1.853,4.506,2.679,6.513,40.8
2024-01-09 13:00:00+00:00,-19.27,5.752,2.937,8.315,4.245,31.1
2024-01-09 14:00:00+00:00,-17.71,6.405,-2.049,9.258,-2.962,6.4
2024-01-09 15:00:00+00:00,-16.29,2.563,-5.284,3.704,-7.638,0.0
2024-01-09 16:00:00+00:00,-14.68,-2.312,-6.391,-3.342,-9.237,0.0
2024-01-09 17:00:00+00:00,-14.24,-7.739,-3.039,-11.187,-4.392,0.0
2024-01-09 18:00:00+00:00,-12.54,-6.785,3.144,-9.807,4.545,0.0
2024-01-09 19:00:00+00:00,-10.76,-2.073,7.158,-2.997,10.346,0.0
2024-01-09 20:00:00+00:00,-10.57,3.869,6.522,5.592,9.428,0.0
2024-01-09 21:00:00+00:00,-9.34,6.951,1.05,10.047,1.518,0.0
2024-01-09 22:00:00+00:00,-9.39,5.07,-4.433,7.328,-6.408,0.0
2024-01-09 23:00:00+00:00,-9.65,-0.247,-6.2,-0.357,-8.962,0.0
2024-01-10 00:00:00+00:00,-7.57,-4.729,-3.421,-6.835,-4.944,0.0
2024-01-10 01:00:00+00:00,-6.18,-7.239,2.428,-10.464,3.509,0.0
2024-01-10 02:00:00+00:00,-6.3,-3.437,7.866,-4.968,11.37,0.0
2024-01-10 03:00:00+00:00,-6.97,3.077,9.505,4.447,13.739,0.0
2024-01-10 04:00:00+00:00,-7.52,8.032,5.401,11.609,7.807,0.0
2024-01-10 05:00:00+00:00,-11.41,8.16,-0.292,11.795,-0.422,0.0
2024-01-10 06:00:00+00:00,-11.11,5.57,-4.316,8.052,-6.239,0.0
2024-01-10 07:00:00+00:00,-10.08,1.904,-6.296,2.752,-9.101,0.0
2024-01-10 08:00:00+00:00,-7.79,-1.828,-5.943,-2.642,-8.591,0.0
2024-01-10 09:00:00+00:00,-9.06,-5.612,-4.451,-8.112,-6.433,0.0
2024-01-10 10:00:00+00:00,-11.75,-5.844,-0.409,-8.447,-0.592,7.0
2024-01-10 11:00:00+00:00,-10.45,-4.555,2.713,-6.584,3.922,16.7
2024-01-10 12:00:00+00:00,-10.3,-2.044,4.15,-2.954,5.998,20.0
2024-01-10 13:00:00+00:00,-8.27,0.221,5.14,0.32,7.43,16.7
2024-01-10 14:00:00+00:00,-9.34,2.786,5.21,4.027,7.531,7.0
2024-01-10 15:00:00+00:00,-9.86,4.466,2.574,6.455,3.72,0.0
2024-01-10 16:00:00+00:00,-13.27,7.035,-0.081,10.168,-0.117,0.0
2024-01-10 17:00:00+00:00,-14.44,7.185,-3.951,10.385,-5.71,0.0
2024-01-10 18:00:00+00:00,-15.29,4.394,-7.272,6.351,-10.511,0.0
2024-01-10 19:00:00+00:00,-14.86,0.342,-7.006,0.495,-10.126,0.0
2024-01-10 20:00:00+00:00,-12.02,-2.996,-6.118,-4.33,-8.843,0.0
2024-01-10 21:00:00+00:00,-8.81,-5.847,-4.484,-8.451,-6.482,0.0
2024-01-10 22:00:00+00:00,-5.77,-8.232,-0.773,-11.899,-1.117,0.0
2024-01-10 23:00:00+00:00,-5.32,-10.371,4.732,-14.991,6.84,0.0
2024-01-11 00:00:00+00:00,-2.27,-5.777,8.523,-8.35,12.319,0.0
2024-01-11 01:00:00+00:00,-3.14,-0.161,8.121,-0.233,11.738,0.0
2024-01-11 02:00:00+00:00,-3.51,3.421,5.766,4.945,8.335,0.0
2024-01-11 03:00:00+00:00,-7.23,6.011,3.474,8.688,5.022,0.0
2024-01-11 04:00:00+00:00,-9.44,7.215,0.675,10.428,0.976,0.0
2024-01-11 05:00:00+00:00,-12.38,6.441,-2.417,9.309,-3.493,0.0
2024-01-11 06:00:00+00:00,-12.21,4.556,-4.699,6.585,-6.792,0.0
2024-01-11 07:00:00+00:00,-9.88,1.144,-4.661,1.653,-6.737,0.0
2024-01-11 08:00:00+00:00,-9.7,-1.0,-4.321,-1.446,-6.245,0.0
2024-01-11 09:00:00+00:00,-6.97,-2.278,-3.089,-3.293,-4.465,0.0
2024-01-11 10:00:00+00:00,-6.82,-3.848,-1.96,-5.563,-2.834,34.1
2024-01-11 11:00:00+00:00,-5.2,-4.075,-0.037,-5.891,-0.054,78.3
2024-01-11 12:00:00+00:00,-6.41,-4.014,1.493,-5.802,2.158,93.4
2024-01-11 13:00:00+00:00,-8.76,-3.799,3.281,-5.491,4.742,77.3
2024-01-11 14:00:00+00:00,-12.74,-1.912,3.437,-2.763,4.968,34.1
2024-01-11 15:00:00+00:00,-12.24,-0.723,5.102,-1.045,7.374,0.0
2024-01-11 16:00:00+00:00,-10.42,1.374,5.175,1.986,7.48,0.0
2024-01-11 17:00:00+00:00,-8.49,3.174,4.659,4.588,6.735,0.0
2024-01-11 18:00:00+00:00,-6.61,4.861,3.56,7.026,5.145,0.0
2024-01-11 19:00:00+00:00,-4.54,6.874,1.794,9.937,2.593,0.0
2024-01-11 20:00:00+00:00,-7.49,7.413,-0.913,10.714,-1.32,0.0
2024-01-11 21:00:00+00:00,-8.01,7.27,-4.287,10.509,-6.197,0.0
2024-01-11 22:00:00+00:00,-8.79,4.194,-4.26,6.062,-6.157,0.0
2024-01-11 23:00:00+00:00,-5.42,2.06,-4.037,2.978,-5.836,0.0
2024-01-12 00:00:00+00:00,-5.65,0.842,-3.797,1.217,-5.488,0.0
2024-01-12 01:00:00+00:00,-8.04,0.055,-3.01,0.079,-4.351,0.0
2024-01-12 02:00:00+00:00,-7.3,-0.467,-3.49,-0.675,-5.045,0.0
2024-01-12 03:00:00+00:00,-6.78,-0.855,-3.154,-1.236,-4.559,0.0
2024-01-12 04:00:00+00:00,-8.84,-1.429,-3.152,-2.066,-4.556,0.0
2024-01-12 05:00:00+00:00,-11.48,-1.718,-2.902,-2.484,-4.195,0.0
2024-01-12 06:00:00+00:00,-13.69,-2.218,-3.085,-3.206,-4.458,0.0
2024-01-12 07:00:00+00:00,-12.28,-2.814,-3.299,-4.067,-4.769,0.0
2024-01-12 08:00:00+00:00,-12.4,-2.788,-2.75,-4.03,-3.975,0.0
2024-01-12 09:00:00+00:00,-13.74,-3.369,-2.721,-4.869,-3.933,0.0
2024-01-12 10:00:00+00:00,-13.03,-3.973,-2.639,-5.742,-3.814,13.8
2024-01-12 11:00:00+00:00,-9.87,-3.851,-2.287,-5.566,-3.306,33.6
2024-01-12 12:00:00+00:00,-7.92,-3.375,-1.929,-4.879,-2.788,21.1
2024-01-12 13:00:00+00:00,-8.46,-3.547,-1.946,-5.126,-2.813,17.8
2024-01-12 14:00:00+00:00,-12.87,-4.166,-2.023,-6.021,-2.924,8.1
2024-01-12 15:00:00+00:00,-13.44,-3.765,-1.536,-5.442,-2.22,0.0
2024-01-12 16:00:00+00:00,-13.9,-3.318,-1.151,-4.795,-1.664,0.0
2024-01-12 17:00:00+00:00,-13.86,-3.423,-0.927,-4.948,-1.34,0.0
2024-01-12 18:00:00+00:00,-12.13,-3.405,-0.402,-4.921,-0.582,0.0
2024-01-12 19:00:00+00:00,-12.52,-3.872,0.179,-5.597,0.258,0.0
2024-01-12 20:00:00+00:00,-11.56,-3.629,0.95,-5.246,1.373,0.0
2024-01-12 21:00:00+00:00,-11.57,-3.249,1.692,-4.696,2.445,0.0
2024-01-12 22:00:00+00:00,-11.14,-2.825,2.334,-4.083,3.373,0.0
2024-01-12 23:00:00+00:00,-10.01,-1.98,2.259,-2.862,3.265,0.0
2024-01-13 00:00:00+00:00,-10.51,-1.702,2.458,-2.46,3.553,0.0
2024-01-13 01:00:00+00:00,-9.97,-2.026,3.779,-2.928,5.462,0.0
2024-01-13 02:00:00+00:00,-11.03,-1.909,3.97,-2.759,5.739,0.0
2024-01-13 03:00:00+00:00,-11.03,-2.079,4.826,-3.005,6.976,0.0
2024-01-13 04:00:00+00:00,-8.63,-1.395,4.496,-2.017,6.499,0.0
2024-01-13 05:00:00+00:00,-10.68,-0.554,4.949,-0.8,7.154,0.0
2024-01-13 06:00:00+00:00,-10.41,0.434,5.68,0.627,8.21,0.0
2024-01-13 07:00:00+00:00,-9.39,1.296,4.315,1.873,6.238,0.0
2024-01-13 08:00:00+00:00,-9.87,2.66,4.416,3.844,6.383,0.0
2024-01-13 09:00:00+00:00,-10.49,3.3,3.411,4.77,4.931,0.0
2024-01-13 10:00:00+00:00,-10.69,4.424,3.093,6.394,4.471,39.5
2024-01-13 11:00:00+00:00,-10.88,4.874,2.804,7.045,4.054,83.8
2024-01-13 12:00:00+00:00,-10.87,5.95,2.656,8.6,3.84,98.9
2024-01-13 13:00:00+00:00,-13.39,5.046,1.661,7.294,2.401,83.8
2024-01-13 14:00:00+00:00,-12.78,5.269,0.896,7.616,1.296,39.5
2024-01-13 15:00:00+00:00,-13.61,4.595,0.236,6.642,0.342,0.0
2024-01-13 16:00:00+00:00,-16.57,4.048,-0.139,5.852,-0.201,0.0
2024-01-13 17:00:00+00:00,-17.59,4.069,-0.705,5.881,-1.019,0.0
2024-01-13 18:00:00+00:00,-14.6,3.978,-1.352,5.75,-1.955,0.0
2024-01-13 19:00:00+00:00,-11.79,3.582,-1.64,5.178,-2.371,0.0
2024-01-13 20:00:00+00:00,-11.73,3.513,-2.272,5.078,-3.284,0.0
2024-01-13 21:00:00+00:00,-10.76,2.955,-2.622,4.271,-3.789,0.0
2024-01-13 22:00:00+00:00,-9.56,2.241,-2.419,3.239,-3.497,0.0
2024-01-13 23:00:00+00:00,-8.52,1.911,-2.653,2.762,-3.834,0.0
2024-01-14 00:00:00+00:00,-4.3,1.237,-1.897,1.789,-2.743,0.0
2024-01-14 01:00:00+00:00,-8.12,1.285,-2.315,1.857,-3.347,0.0
2024-01-14 02:00:00+00:00,-7.99,0.941,-2.335,1.36,-3.375,0.0
2024-01-14 03:00:00+00:00,-8.44,0.594,-2.697,0.858,-3.898,0.0
2024-01-14 04:00:00+00:00,-10.93,-0.006,-2.835,-0.009,-4.098,0.0
2024-01-14 05:00:00+00:00,-13.73,-0.801,-3.177,-1.158,-4.593,0.0
2024-01-14 06:00:00+00:00,-11.98,-1.606,-3.06,-2.321,-4.423,0.0
2024-01-14 07:00:00+00:00,-13.2,-2.093,-2.431,-3.025,-3.514,0.0
2024-01-14 08:00:00+00:00,-14.6,-2.345,-1.932,-3.39,-2.793,0.0
2024-01-14 09:00:00+00:00,-15.31,-2.544,-1.276,-3.678,-1.845,0.0
2024-01-14 10:00:00+00:00,-16.61,-3.904,-0.657,-5.643,-0.949,31.0
2024-01-14 11:00:00+00:00,-16.87,-3.984,0.591,-5.759,0.854,82.7
2024-01-14 12:00:00+00:00,-20.49,-3.689,1.915,-5.332,2.768,78.6
2024-01-14 13:00:00+00:00,-19.05,-3.205,2.964,-4.632,4.284,73.4
2024-01-14 14:00:00+00:00,-17.57,-3.096,4.807,-4.475,6.948,42.4
2024-01-14 15:00:00+00:00,-16.14,-2.485,6.059,-3.592,8.758,0.0
2024-01-14 16:00:00+00:00,-18.52,-1.639,8.042,-2.369,11.624,0.0
2024-01-14 17:00:00+00:00,-18.85,-0.224,8.26,-0.324,11.94,0.0
2024-01-14 18:00:00+00:00,-20.57,1.613,8.173,2.332,11.813,0.0
2024-01-14 19:00:00+00:00,-15.44,2.809,7.007,4.061,10.128,0.0
2024-01-14 20:00:00+00:00,-12.79,3.85,6.524,5.565,9.429,0.0
2024-01-14 21:00:00+00:00,-9.34,4.591,4.782,6.636,6.912,0.0
2024-01-14 22:00:00+00:00,-12.65,5.767,4.173,8.335,6.031,0.0
2024-01-14 23:00:00+00:00,-12.38,5.211,2.53,7.533,3.657,0.0
2024-01-15 00:00:00+00:00,-9.81,4.861,1.697,7.026,2.453,0.0
2024-01-15 01:00:00+00:00,-10.3,5.596,0.936,8.089,1.353,0.0
2024-01-15 02:00:00+00:00,-10.56,4.721,-0.055,6.823,-0.079,0.0
2024-01-15 03:00:00+00:00,-10.83,4.197,-0.828,6.066,-1.196,0.0
2024-01-15 04:00:00+00:00,-12.28,3.989,-1.353,5.766,-1.955,0.0
2024-01-15 05:00:00+00:00,-11.15,4.211,-2.296,6.087,-3.318,0.0
2024-01-15 06:00:00+00:00,-11.56,5.472,-4.414,7.91,-6.38,0.0
2024-01-15 07:00:00+00:00,-11.44,5.079,-5.119,7.341,-7.399,0.0
2024-01-15 08:00:00+00:00,-11.19,4.23,-5.36,6.115,-7.748,0.0
2024-01-15 09:00:00+00:00,-11.28,3.816,-5.968,5.515,-8.627,0.0
2024-01-15 10:00:00+00:00,-13.48,3.035,-6.187,4.387,-8.943,45.3
2024-01-15 11:00:00+00:00,-11.23,2.97,-6.602,4.292,-9.543,89.7
2024-01-15 12:00:00+00:00,-9.86,3.186,-6.887,4.605,-9.954,104.8
2024-01-15 13:00:00+00:00,-8.98,2.991,-6.741,4.324,-9.744,89.7
2024-01-15 14:00:00+00:00,-10.06,2.652,-6.744,3.834,-9.748,45.3
2024-01-15 15:00:00+00:00,-7.56,1.853,-6.964,2.679,-10.067,0.0
2024-01-15 16:00:00+00:00,-8.93,1.811,-8.418,2.618,-12.167,0.0
2024-01-15 17:00:00+00:00,-7.66,1.941,-8.278,2.805,-11.965,0.0
2024-01-15 18:00:00+00:00,-9.46,2.447,-9.914,3.536,-14.33,0.0
2024-01-15 19:00:00+00:00,-9.45,1.554,-10.697,2.246,-15.462,0.0
2024-01-15 20:00:00+00:00,-9.33,1.028,-12.665,1.485,-18.307,0.0
2024-01-15 21:00:00+00:00,-9.32,-0.883,-11.014,-1.277,-15.92,0.0
2024-01-15 22:00:00+00:00,-6.9,-2.614,-11.141,-3.778,-16.104,0.0
2024-01-15 23:00:00+00:00,-6.57,-3.199,-8.015,-4.624,-11.586,0.0
2024-01-16 00:00:00+00:00,-8.38,-4.201,-8.606,-6.072,-12.439,0.0
2024-01-16 01:00:00+00:00,-8.89,-5.168,-8.944,-7.469,-12.928,0.0
2024-01-16 02:00:00+00:00,-5.93,-6.728,-8.89,-9.725,-12.85,0.0
2024-01-16 03:00:00+00:00,-7.8,-7.211,-8.059,-10.422,-11.648,0.0
2024-01-16 04:00:00+00:00,-7.06,-8.434,-7.554,-12.191,-10.919,0.0
2024-01-16 05:00:00+00:00,-10.19,-9.101,-5.808,-13.155,-8.396,0.0
2024-01-16 06:00:00+00:00,-11.11,-10.344,-4.441,-14.952,-6.419,0.0
2024-01-16 07:00:00+00:00,-11.13,-14.126,-3.641,-20.418,-5.263,0.0
2024-01-16 08:00:00+00:00,-11.21,-13.31,-0.905,-19.239,-1.308,0.0
2024-01-16 09:00:00+00:00,-9.34,-13.497,0.765,-19.509,1.106,0.0
2024-01-16 10:00:00+00:00,-8.98,-15.797,2.836,-22.834,4.099,48.4
2024-01-16 11:00:00+00:00,-11.3,-14.524,3.9,-20.994,5.637,92.8
2024-01-16 12:00:00+00:00,-11.82,-17.732,7.799,-25.63,11.274,81.7
2024-01-16 13:00:00+00:00,-11.84,-13.222,8.266,-19.111,11.948,92.8
2024-01-16 14:00:00+00:00,-12.52,-11.583,10.158,-16.743,14.682,45.4
2024-01-16 15:00:00+00:00,-14.78,-8.413,9.505,-12.16,13.739,0.0
2024-01-16 16:00:00+00:00,-15.16,-7.744,13.113,-11.194,18.954,0.0
2024-01-16 17:00:00+00:00,-15.34,-4.899,14.356,-7.081,20.751,0.0
2024-01-16 18:00:00+00:00,-13.29,-1.163,16.111,-1.682,23.288,0.0
2024-01-16 19:00:00+00:00,-13.2,2.145,13.334,3.1,19.273,0.0
2024-01-16 20:00:00+00:00,-11.72,4.254,10.164,6.149,14.692,0.0
2024-01-16 21:00:00+00:00,-7.98,7.201,9.343,10.408,13.504,0.0
2024-01-16 22:00:00+00:00,-6.15,9.505,6.742,13.739,9.745,0.0
2024-01-16 23:00:00+00:00,-6.54,10.303,2.526,14.892,3.65,0.0
2024-01-17 00:00:00+00:00,-6.21,8.735,-0.62,12.626,-0.896,0.0
2024-01-17 01:00:00+00:00,-4.12,7.103,-3.236,10.267,-4.677,0.0
2024-01-17 02:00:00+00:00,-4.76,6.113,-6.301,8.836,-9.108,0.0
2024-01-17 03:00:00+00:00,-7.28,2.915,-7.749,4.213,-11.201,0.0
2024-01-17 04:00:00+00:00,-8.14,-0.389,-9.047,-0.562,-13.077,0.0
2024-01-17 05:00:00+00:00,-7.79,-3.575,-6.46,-5.168,-9.338,0.0
2024-01-17 06:00:00+00:00,-8.05,-8.338,-5.822,-12.052,-8.416,0.0
2024-01-17 07:00:00+00:00,-9.8,-11.068,-2.736,-15.998,-3.954,0.0
2024-01-17 08:00:00+00:00,-8.81,-9.53,1.284,-13.775,1.856,0.0
2024-01-17 09:00:00+00:00,-12.12,-9.167,4.732,-13.251,6.839,0.0
2024-01-17 10:00:00+00:00,-14.39,-8.591,8.6,-12.418,12.431,51.6
2024-01-17 11:00:00+00:00,-15.12,-4.302,8.967,-6.219,12.961,96.1
2024-01-17 12:00:00+00:00,-19.14,-1.898,10.776,-2.743,15.576,111.3
2024-01-17 13:00:00+00:00,-19.46,0.301,14.062,0.435,20.326,96.1
2024-01-17 14:00:00+00:00,-19.56,2.013,12.076,2.909,17.456,38.3
2024-01-17 15:00:00+00:00,-14.28,4.749,11.807,6.865,17.066,0.0
2024-01-17 16:00:00+00:00,-13.51,7.088,10.355,10.246,14.968,0.0
2024-01-17 17:00:00+00:00,-12.6,9.203,7.997,13.302,11.56,0.0
2024-01-17 18:00:00+00:00,-11.35,10.493,5.778,15.168,8.352,0.0
2024-01-17 19:00:00+00:00,-10.21,11.451,1.984,16.552,2.868,0.0
2024-01-17 20:00:00+00:00,-8.14,12.333,-1.7,17.826,-2.457,0.0
2024-01-17 21:00:00+00:00,-9.48,8.788,-3.202,12.703,-4.628,0.0
2024-01-17 22:00:00+00:00,-7.3,11.161,-7.191,16.132,-10.394,0.0
2024-01-17 23:00:00+00:00,-4.73,10.851,-11.375,15.684,-16.442,0.0
2024-01-18 00:00:00+00:00,-5.28,6.474,-11.187,9.357,-16.17,0.0
2024-01-18 01:00:00+00:00,-6.89,3.404,-13.136,4.92,-18.988,0.0
2024-01-18 02:00:00+00:00,-9.3,-0.31,-13.139,-0.448,-18.991,0.0
2024-01-18 03:00:00+00:00,-10.53,-2.444,-12.083,-3.532,-17.465,0.0
2024-01-18 04:00:00+00:00,-13.22,-5.611,-16.426,-8.11,-23.743,0.0
2024-01-18 05:00:00+00:00,-13.01,-6.997,-13.594,-10.113,-19.649,0.0
2024-01-18 06:00:00+00:00,-14.9,-7.729,-10.475,-11.172,-15.141,0.0
2024-01-18 07:00:00+00:00,-15.86,-9.026,-8.727,-13.046,-12.614,0.0
2024-01-18 08:00:00+00:00,-17.72,-9.728,-7.552,-14.062,-10.916,0.0
2024-01-18 09:00:00+00:00,-16.7,-8.726,-6.2,-12.612,-8.962,0.0
2024-01-18 10:00:00+00:00,-18.01,-9.373,-6.702,-13.548,-9.687,19.2
2024-01-18 11:00:00+00:00,-20.45,-8.33,-6.188,-12.04,-8.945,64.9
2024-01-18 12:00:00+00:00,-19.56,-9.192,-6.653,-13.287,-9.616,58.0
2024-01-18 13:00:00+00:00,-20.15,-7.951,-6.695,-11.493,-9.677,30.0
2024-01-18 14:00:00+00:00,-17.33,-7.148,-8.666,-10.333,-12.526,32.2
2024-01-18 15:00:00+00:00,-17.18,-4.47,-7.549,-6.461,-10.911,0.0
2024-01-18 16:00:00+00:00,-15.89,-3.955,-8.684,-5.717,-12.553,0.0
2024-01-18 17:00:00+00:00,-13.01,-3.615,-10.405,-5.226,-15.04,0.0
2024-01-18 18:00:00+00:00,-13.39,-2.999,-12.581,-4.334,-18.185,0.0
2024-01-18 19:00:00+00:00,-11.55,-1.34,-12.056,-1.937,-17.427,0.0
2024-01-18 20:00:00+00:00,-11.01,-0.259,-12.218,-0.375,-17.66,0.0
2024-01-18 21:00:00+00:00,-12.73,0.828,-11.699,1.197,-16.91,0.0
2024-01-18 22:00:00+00:00,-11.34,1.46,-10.218,2.111,-14.769,0.0
2024-01-18 23:00:00+00:00,-11.14,2.427,-10.469,3.508,-15.132,0.0
2024-01-19 00:00:00+00:00,-11.62,4.192,-11.578,6.059,-16.735,0.0
2024-01-19 01:00:00+00:00,-10.83,5.123,-11.973,7.405,-17.307,0.0
2024-01-19 02:00:00+00:00,-11.88,7.442,-14.69,10.757,-21.234,0.0
2024-01-19 03:00:00+00:00,-12.73,5.912,-10.936,8.546,-15.807,0.0
2024-01-19 04:00:00+00:00,-10.88,4.882,-10.976,7.057,-15.865,0.0
2024-01-19 05:00:00+00:00,-11.46,3.869,-8.208,5.592,-11.864,0.0
2024-01-19 06:00:00+00:00,-13.71,4.038,-7.337,5.836,-10.605,0.0
2024-01-19 07:00:00+00:00,-9.78,4.067,-6.61,5.879,-9.555,0.0
2024-01-19 08:00:00+00:00,-8.7,4.21,-6.378,6.086,-9.219,0.0
2024-01-19 09:00:00+00:00,-9.62,6.551,-8.066,9.47,-11.659,0.0
2024-01-19 10:00:00+00:00,-10.83,5.799,-5.393,8.382,-7.795,58.3
2024-01-19 11:00:00+00:00,-14.26,5.847,-4.9,8.451,-7.083,102.9
2024-01-19 12:00:00+00:00,-14.26,7.727,-5.665,11.169,-8.188,117.6
2024-01-19 13:00:00+00:00,-12.93,7.912,-5.742,11.436,-8.3,79.0
2024-01-19 14:00:00+00:00,-13.33,9.73,-6.526,14.064,-9.433,58.3
2024-01-19 15:00:00+00:00,-13.49,9.518,-5.22,13.758,-7.545,0.0
2024-01-19 16:00:00+00:00,-15.07,9.015,-3.931,13.03,-5.681,0.0
2024-01-19 17:00:00+00:00,-15.91,7.377,-2.134,10.662,-3.085,0.0
2024-01-19 18:00:00+00:00,-18.62,6.899,-0.705,9.972,-1.018,0.0
2024-01-19 19:00:00+00:00,-20.24,7.736,1.337,11.182,1.933,0.0
2024-01-19 20:00:00+00:00,-18.44,7.307,3.997,10.562,5.777,0.0
2024-01-19 21:00:00+00:00,-16.63,6.485,5.885,9.374,8.506,0.0
2024-01-19 22:00:00+00:00,-14.54,5.032,6.692,7.273,9.673,0.0
2024-01-19 23:00:00+00:00,-15.66,4.055,7.417,5.862,10.72,0.0
2024-01-20 00:00:00+00:00,-15.8,2.02,6.018,2.919,8.698,0.0
2024-01-20 01:00:00+00:00,-19.59,1.038,5.627,1.5,8.133,0.0
2024-01-20 02:00:00+00:00,-19.11,0.019,5.154,0.028,7.45,0.0
2024-01-20 03:00:00+00:00,-17.39,-1.098,6.186,-1.587,8.941,0.0
2024-01-20 04:00:00+00:00,-17.7,-1.885,4.81,-2.724,6.953,0.0
2024-01-20 05:00:00+00:00,-20.06,-2.66,4.761,-3.845,6.882,0.0
2024-01-20 06:00:00+00:00,-19.7,-2.952,4.02,-4.266,5.81,0.0
2024-01-20 07:00:00+00:00,-21.08,-2.96,2.853,-4.279,4.124,0.0
2024-01-20 08:00:00+00:00,-21.36,-3.536,2.169,-5.111,3.136,0.0
2024-01-20 09:00:00+00:00,-20.52,-3.633,0.967,-5.251,1.398,0.0
2024-01-20 10:00:00+00:00,-23.31,-3.452,0.097,-4.989,0.14,13.6
2024-01-20 11:00:00+00:00,-24.08,-3.832,-0.834,-5.539,-1.206,23.4
2024-01-20 12:00:00+00:00,-23.73,-3.519,-2.058,-5.086,-2.974,26.8
2024-01-20 13:00:00+00:00,-23.26,-2.457,-2.65,-3.551,-3.83,23.4
2024-01-20 14:00:00+00:00,-23.18,-1.667,-4.388,-2.409,-6.343,13.6
2024-01-20 15:00:00+00:00,-22.26,-0.423,-6.253,-0.611,-9.038,0.0
2024-01-20 16:00:00+00:00,-20.62,1.362,-6.124,1.969,-8.851,0.0
2024-01-20 17:00:00+00:00,-19.08,2.622,-4.928,3.79,-7.124,0.0
2024-01-20 18:00:00+00:00,-18.67,4.148,-4.331,5.996,-6.261,0.0
2024-01-20 19:00:00+00:00,-17.8,3.86,-2.826,5.58,-4.084,0.0
2024-01-20 20:00:00+00:00,-18.77,3.906,-1.777,5.646,-2.569,0.0
2024-01-20 21:00:00+00:00,-16.9,3.442,-1.072,4.976,-1.55,0.0
2024-01-20 22:00:00+00:00,-16.6,3.671,-1.011,5.306,-1.461,0.0
2024-01-20 23:00:00+00:00,-15.19,4.0,-0.932,5.781,-1.348,0.0
2024-01-21 00:00:00+00:00,-13.77,4.483,-0.528,6.48,-0.763,0.0
2024-01-21 01:00:00+00:00,-14.51,4.685,0.272,6.772,0.393,0.0
2024-01-21 02:00:00+00:00,-13.18,3.945,0.672,5.702,0.972,0.0
2024-01-21 03:00:00+00:00,-14.28,3.54,0.738,5.117,1.067,0.0
2024-01-21 04:00:00+00:00,-14.45,3.654,0.891,5.282,1.288,0.0
2024-01-21 05:00:00+00:00,-14.9,4.231,1.081,6.116,1.562,0.0
2024-01-21 06:00:00+00:00,-14.56,3.998,1.066,5.779,1.541,0.0
2024-01-21 07:00:00+00:00,-14.05,3.235,1.008,4.676,1.457,0.0
2024-01-21 08:00:00+00:00,-13.47,3.741,1.351,5.407,1.952,0.0
2024-01-21 09:00:00+00:00,-14.16,3.065,1.354,4.43,1.957,0.0
2024-01-21 10:00:00+00:00,-15.18,2.962,1.612,4.281,2.33,57.7
2024-01-21 11:00:00+00:00,-15.1,2.204,1.463,3.186,2.115,97.9
2024-01-21 12:00:00+00:00,-16.26,2.256,1.754,3.261,2.535,68.5
2024-01-21 13:00:00+00:00,-17.46,2.109,1.916,3.049,2.769,47.5
2024-01-21 14:00:00+00:00,-18.77,2.152,2.771,3.111,4.005,18.3
2024-01-21 15:00:00+00:00,-16.23,1.554,3.064,2.246,4.429,0.0
2024-01-21 16:00:00+00:00,-17.78,1.307,3.396,1.89,4.908,0.0
2024-01-21 17:00:00+00:00,-16.65,1.296,3.229,1.873,4.668,0.0
2024-01-21 18:00:00+00:00,-16.28,1.09,2.621,1.576,3.788,0.0
2024-01-21 19:00:00+00:00,-14.84,1.163,2.494,1.681,3.605,0.0
2024-01-21 20:00:00+00:00,-14.11,1.624,2.765,2.348,3.997,0.0
2024-01-21 21:00:00+00:00,-14.03,2.263,2.966,3.271,4.286,0.0
2024-01-21 22:00:00+00:00,-14.03,2.552,2.378,3.688,3.438,0.0
2024-01-21 23:00:00+00:00,-13.17,2.857,1.908,4.129,2.757,0.0
2024-01-22 00:00:00+00:00,-14.08,2.899,1.473,4.191,2.13,0.0
2024-01-22 01:00:00+00:00,-14.06,3.427,1.123,4.954,1.623,0.0
2024-01-22 02:00:00+00:00,-14.37,3.581,0.674,5.177,0.974,0.0
2024-01-22 03:00:00+00:00,-13.62,2.973,0.196,4.297,0.283,0.0
2024-01-22 04:00:00+00:00,-12.76,2.919,0.093,4.22,0.134,0.0
2024-01-22 05:00:00+00:00,-13.23,2.716,-0.08,3.926,-0.116,0.0
2024-01-22 06:00:00+00:00,-13.18,3.248,-0.296,4.694,-0.427,0.0
2024-01-22 07:00:00+00:00,-9.39,3.416,-0.274,4.937,-0.396,0.0
2024-01-22 08:00:00+00:00,-7.32,4.392,-0.519,6.349,-0.751,0.0
2024-01-22 09:00:00+00:00,-6.92,4.294,-0.607,6.206,-0.878,0.0
2024-01-22 10:00:00+00:00,-6.77,4.991,-1.155,7.215,-1.67,15.6
2024-01-22 11:00:00+00:00,-6.42,4.663,-1.319,6.741,-1.907,25.1
2024-01-22 12:00:00+00:00,-6.41,5.404,-1.866,7.812,-2.697,28.4
2024-01-22 13:00:00+00:00,-4.2,5.738,-2.176,8.294,-3.145,56.4
2024-01-22 14:00:00+00:00,-4.23,4.623,-2.401,6.682,-3.47,23.2
2024-01-22 15:00:00+00:00,-5.32,4.113,-2.811,5.945,-4.063,0.0
2024-01-22 16:00:00+00:00,-6.89,3.114,-2.597,4.502,-3.754,0.0
2024-01-22 17:00:00+00:00,-7.89,2.32,-2.481,3.354,-3.585,0.0
2024-01-22 18:00:00+00:00,-9.05,2.256,-3.229,3.261,-4.667,0.0
2024-01-22 19:00:00+00:00,-7.45,1.667,-2.824,2.41,-4.082,0.0
2024-01-22 20:00:00+00:00,-3.79,1.393,-2.998,2.014,-4.333,0.0
2024-01-22 21:00:00+00:00,-2.04,1.458,-3.707,2.108,-5.358,0.0
2024-01-22 22:00:00+00:00,1.71,1.366,-3.53,1.974,-5.103,0.0
2024-01-22 23:00:00+00:00,-0.2,1.592,-3.786,2.301,-5.472,0.0
2024-01-23 00:00:00+00:00,-1.18,1.51,-4.328,2.183,-6.255,0.0
2024-01-23 01:00:00+00:00,-1.1,1.04,-3.564,1.503,-5.152,0.0
2024-01-23 02:00:00+00:00,-1.95,1.011,-4.019,1.461,-5.809,0.0
2024-01-23 03:00:00+00:00,-4.94,0.615,-4.641,0.889,-6.708,0.0
2024-01-23 04:00:00+00:00,-4.48,0.151,-3.902,0.219,-5.64,0.0
2024-01-23 05:00:00+00:00,-4.11,-0.14,-2.822,-0.202,-4.08,0.0
2024-01-23 06:00:00+00:00,-2.02,-0.329,-2.838,-0.475,-4.101,0.0
2024-01-23 07:00:00+00:00,-4.09,-0.704,-3.334,-1.018,-4.819,0.0
2024-01-23 08:00:00+00:00,-6.15,-1.064,-3.801,-1.538,-5.494,0.0
2024-01-23 09:00:00+00:00,-6.55,-1.058,-3.442,-1.529,-4.975,0.4
2024-01-23 10:00:00+00:00,-5.59,-1.043,-3.308,-1.508,-4.781,16.1
2024-01-23 11:00:00+00:00,-6.69,-1.676,-3.96,-2.423,-5.723,33.4
2024-01-23 12:00:00+00:00,-8.88,-1.494,-2.903,-2.16,-4.196,62.6
2024-01-23 13:00:00+00:00,-9.96,-1.985,-3.337,-2.869,-4.823,52.0
2024-01-23 14:00:00+00:00,-11.83,-2.422,-3.964,-3.5,-5.73,18.4
2024-01-23 15:00:00+00:00,-12.35,-2.629,-4.348,-3.799,-6.284,0.4
2024-01-23 16:00:00+00:00,-12.26,-2.644,-4.19,-3.821,-6.057,0.0
2024-01-23 17:00:00+00:00,-12.03,-2.442,-4.17,-3.53,-6.028,0.0
2024-01-23 18:00:00+00:00,-14.24,-2.688,-4.027,-3.885,-5.821,0.0
2024-01-23 19:00:00+00:00,-13.91,-3.544,-4.579,-5.123,-6.619,0.0
2024-01-23 20:00:00+00:00,-12.57,-3.334,-3.648,-4.819,-5.273,0.0
2024-01-23 21:00:00+00:00,-13.06,-2.603,-2.513,-3.763,-3.632,0.0
2024-01-23 22:00:00+00:00,-13.45,-2.898,-2.259,-4.19,-3.265,0.0
2024-01-23 23:00:00+00:00,-11.95,-3.737,-1.738,-5.402,-2.511,0.0
2024-01-24 00:00:00+00:00,-10.98,-5.141,-1.159,-7.431,-1.675,0.0
2024-01-24 01:00:00+00:00,-8.04,-5.89,-0.155,-8.514,-0.224,0.0
2024-01-24 02:00:00+00:00,-6.67,-6.766,1.37,-9.78,1.98,0.0
2024-01-24 03:00:00+00:00,-8.18,-6.04,2.492,-8.731,3.602,0.0
2024-01-24 04:00:00+00:00,-7.73,-6.447,4.094,-9.319,5.918,0.0
2024-01-24 05:00:00+00:00,-10.05,-5.552,5.093,-8.024,7.361,0.0
2024-01-24 06:00:00+00:00,-9.58,-4.576,5.716,-6.614,8.261,0.0
2024-01-24 07:00:00+00:00,-12.03,-3.067,6.657,-4.434,9.622,0.0
2024-01-24 08:00:00+00:00,-13.96,-1.551,6.112,-2.242,8.834,0.0
2024-01-24 09:00:00+00:00,-12.88,-0.583,7.015,-0.843,10.14,1.2
2024-01-24 10:00:00+00:00,-11.73,0.498,8.68,0.72,12.546,16.9
2024-01-24 11:00:00+00:00,-11.91,1.81,8.387,2.616,12.123,26.8
2024-01-24 12:00:00+00:00,-13.53,4.193,8.446,6.06,12.208,30.2
2024-01-24 13:00:00+00:00,-11.35,6.066,8.068,8.769,11.662,26.8
2024-01-24 14:00:00+00:00,-9.9,7.5,7.178,10.841,10.375,16.9
2024-01-24 15:00:00+00:00,-9.52,7.786,4.875,11.254,7.047,1.2
2024-01-24 16:00:00+00:00,-8.94,8.846,3.439,12.787,4.971,0.0
2024-01-24 17:00:00+00:00,-8.67,8.942,1.654,12.926,2.391,0.0
2024-01-24 18:00:00+00:00,-6.69,10.069,0.65,14.555,0.94,0.0
2024-01-24 19:00:00+00:00,-4.72,11.445,0.309,16.543,0.446,0.0
2024-01-24 20:00:00+00:00,-4.19,10.915,-0.207,15.777,-0.299,0.0
2024-01-24 21:00:00+00:00,-4.78,9.705,-0.465,14.028,-0.673,0.0
2024-01-24 22:00:00+00:00,-5.67,8.996,-1.398,13.004,-2.02,0.0
2024-01-24 23:00:00+00:00,-2.4,10.922,-2.771,15.787,-4.006,0.0
2024-01-25 00:00:00+00:00,-3.03,11.098,-4.562,16.041,-6.594,0.0
2024-01-25 01:00:00+00:00,-3.15,11.123,-4.873,16.078,-7.043,0.0
2024-01-25 02:00:00+00:00,-1.92,13.432,-7.335,19.415,-10.603,0.0
2024-01-25 03:00:00+00:00,0.78,9.21,-6.748,13.312,-9.753,0.0
2024-01-25 04:00:00+00:00,2.85,7.325,-7.615,10.588,-11.006,0.0
2024-01-25 05:00:00+00:00,2.34,4.877,-8.118,7.05,-11.734,0.0
2024-01-25 06:00:00+00:00,1.85,3.163,-9.053,4.571,-13.086,0.0
2024-01-25 07:00:00+00:00,-1.11,1.233,-8.456,1.782,-12.223,0.0
2024-01-25 08:00:00+00:00,-0.33,-0.666,-8.221,-0.963,-11.883,0.0
2024-01-25 09:00:00+00:00,-0.92,-2.977,-7.201,-4.304,-10.408,6.2
2024-01-25 10:00:00+00:00,-1.92,-6.011,-7.076,-8.688,-10.228,35.5
2024-01-25 11:00:00+00:00,0.14,-6.878,-4.111,-9.942,-5.942,82.4
2024-01-25 12:00:00+00:00,-1.1,-5.848,-1.528,-8.453,-2.208,116.3
2024-01-25 13:00:00+00:00,-0.79,-5.123,0.423,-7.405,0.612,48.5
2024-01-25 14:00:00+00:00,0.22,-4.601,1.861,-6.65,2.69,36.1
2024-01-25 15:00:00+00:00,-1.27,-4.001,2.861,-5.783,4.136,4.4
2024-01-25 16:00:00+00:00,-4.33,-2.807,3.382,-4.057,4.889,0.0
2024-01-25 17:00:00+00:00,-4.34,-1.669,3.74,-2.412,5.406,0.0
2024-01-25 18:00:00+00:00,-6.3,-0.515,3.311,-0.744,4.786,0.0
2024-01-25 19:00:00+00:00,-5.39,0.048,3.381,0.069,4.887,0.0
2024-01-25 20:00:00+00:00,-5.73,0.698,3.212,1.009,4.643,0.0
2024-01-25 21:00:00+00:00,-8.37,1.149,2.709,1.66,3.916,0.0
2024-01-25 22:00:00+00:00,-9.46,1.446,2.125,2.09,3.072,0.0
2024-01-25 23:00:00+00:00,-10.85,1.964,1.5,2.838,2.168,0.0
2024-01-26 00:00:00+00:00,-10.02,2.662,0.953,3.847,1.378,0.0
2024-01-26 01:00:00+00:00,-12.15,2.642,0.021,3.818,0.031,0.0
2024-01-26 02:00:00+00:00,-9.1,2.684,-1.126,3.879,-1.627,0.0
2024-01-26 03:00:00+00:00,-9.89,2.114,-2.66,3.055,-3.845,0.0
2024-01-26 04:00:00+00:00,-9.82,0.71,-3.268,1.026,-4.723,0.0
2024-01-26 05:00:00+00:00,-10.8,-0.972,-3.656,-1.405,-5.284,0.0
2024-01-26 06:00:00+00:00,-11.55,-2.913,-2.971,-4.21,-4.295,0.0
2024-01-26 07:00:00+00:00,-12.37,-5.573,-1.152,-8.055,-1.666,0.0
2024-01-26 08:00:00+00:00,-11.06,-4.811,1.85,-6.954,2.674,0.0
2024-01-26 09:00:00+00:00,-14.9,-2.719,3.07,-3.931,4.437,6.5
2024-01-26 10:00:00+00:00,-14.03,-1.609,4.941,-2.325,7.142,39.4
2024-01-26 11:00:00+00:00,-16.9,0.469,5.19,0.679,7.502,61.1
2024-01-26 12:00:00+00:00,-15.76,2.502,4.65,3.616,6.722,32.0
2024-01-26 13:00:00+00:00,-15.72,3.758,3.148,5.432,4.55,28.6
2024-01-26 14:00:00+00:00,-14.17,4.383,1.127,6.336,1.629,23.8
2024-01-26 15:00:00+00:00,-12.37,4.477,-0.81,6.471,-1.171,7.4
2024-01-26 16:00:00+00:00,-10.26,3.338,-2.118,4.825,-3.061,0.0
2024-01-26 17:00:00+00:00,-11.27,2.243,-2.681,3.242,-3.875,0.0
2024-01-26 18:00:00+00:00,-10.47,1.516,-3.652,2.191,-5.278,0.0
2024-01-26 19:00:00+00:00,-10.31,0.655,-3.722,0.947,-5.38,0.0
2024-01-26 20:00:00+00:00,-9.14,-0.07,-3.883,-0.101,-5.612,0.0
2024-01-26 21:00:00+00:00,-7.39,-1.059,-3.456,-1.53,-4.995,0.0
2024-01-26 22:00:00+00:00,-5.38,-2.418,-3.381,-3.495,-4.887,0.0
2024-01-26 23:00:00+00:00,-4.25,-3.465,-2.764,-5.008,-3.995,0.0
2024-01-27 00:00:00+00:00,-3.69,-4.02,-1.772,-5.811,-2.561,0.0
2024-01-27 01:00:00+00:00,-4.27,-5.393,-0.428,-7.795,-0.619,0.0
2024-01-27 02:00:00+00:00,-5.86,-6.584,1.516,-9.517,2.192,0.0
2024-01-27 03:00:00+00:00,-4.94,-5.04,3.111,-7.286,4.497,0.0
2024-01-27 04:00:00+00:00,-3.88,-2.983,4.241,-4.312,6.131,0.0
2024-01-27 05:00:00+00:00,-5.1,-0.512,4.948,-0.74,7.151,0.0
2024-01-27 06:00:00+00:00,-5.22,1.892,4.711,2.735,6.81,0.0
2024-01-27 07:00:00+00:00,-4.14,3.594,3.019,5.195,4.364,0.0
2024-01-27 08:00:00+00:00,-6.2,5.389,0.917,7.789,1.326,0.0
2024-01-27 09:00:00+00:00,-7.24,4.656,-1.721,6.73,-2.488,3.9
2024-01-27 10:00:00+00:00,-6.23,3.652,-4.533,5.278,-6.552,19.7
2024-01-27 11:00:00+00:00,-8.01,1.199,-6.335,1.733,-9.157,38.7
2024-01-27 12:00:00+00:00,-6.14,-1.865,-5.873,-2.695,-8.489,63.4
2024-01-27 13:00:00+00:00,-5.26,-3.909,-3.599,-5.65,-5.202,45.1
2024-01-27 14:00:00+00:00,-6.42,-5.603,-0.769,-8.099,-1.112,22.8
2024-01-27 15:00:00+00:00,-4.48,-5.014,2.715,-7.248,3.924,4.9
2024-01-27 16:00:00+00:00,-2.94,-2.675,5.767,-3.866,8.336,0.0
2024-01-27 17:00:00+00:00,-2.2,1.943,6.48,2.809,9.367,0.0
2024-01-27 18:00:00+00:00,-4.46,6.66,3.954,9.627,5.715,0.0
2024-01-27 19:00:00+00:00,-4.08,6.65,-2.168,9.612,-3.134,0.0
2024-01-27 20:00:00+00:00,-5.5,3.102,-7.778,4.483,-11.242,0.0
2024-01-27 21:00:00+00:00,-3.61,-3.704,-5.695,-5.354,-8.231,0.0
2024-01-27 22:00:00+00:00,-3.41,-7.286,-0.699,-10.532,-1.011,0.0
2024-01-27 23:00:00+00:00,-1.83,-5.026,4.888,-7.264,7.065,0.0
2024-01-28 00:00:00+00:00,0.01,0.218,6.462,0.315,9.341,0.0
2024-01-28 01:00:00+00:00,0.42,4.534,5.107,6.553,7.382,0.0
2024-01-28 02:00:00+00:00,-1.86,4.722,0.661,6.826,0.955,0.0
2024-01-28 03:00:00+00:00,-3.34,3.87,-2.531,5.594,-3.659,0.0
2024-01-28 04:00:00+00:00,-2.27,1.059,-5.16,1.53,-7.459,0.0
2024-01-28 05:00:00+00:00,-4.37,-2.871,-4.755,-4.15,-6.873,0.0
2024-01-28 06:00:00+00:00,-1.55,-4.555,-1.661,-6.584,-2.401,0.0
2024-01-28 07:00:00+00:00,-2.49,-4.628,1.54,-6.689,2.226,0.0
2024-01-28 08:00:00+00:00,-4.41,-3.286,4.737,-4.75,6.846,0.0
2024-01-28 09:00:00+00:00,-5.47,0.652,5.238,0.943,7.571,15.5
2024-01-28 10:00:00+00:00,-6.14,5.212,4.322,7.534,6.247,65.9
2024-01-28 11:00:00+00:00,-7.39,6.13,-1.074,8.86,-1.553,81.4
2024-01-28 12:00:00+00:00,-9.59,2.938,-5.451,4.247,-7.879,88.7
2024-01-28 13:00:00+00:00,-9.24,-2.796,-5.597,-4.041,-8.09,86.2
2024-01-28 14:00:00+00:00,-10.07,-5.129,-0.492,-7.414,-0.711,93.8
2024-01-28 15:00:00+00:00,-9.56,-3.568,4.487,-5.158,6.486,22.0
2024-01-28 16:00:00+00:00,-9.25,2.103,4.521,3.04,6.535,0.0
2024-01-28 17:00:00+00:00,-11.49,5.367,0.116,7.757,0.168,0.0
2024-01-28 18:00:00+00:00,-12.21,2.304,-4.059,3.33,-5.867,0.0
2024-01-28 19:00:00+00:00,-14.92,-2.935,-4.14,-4.243,-5.983,0.0
2024-01-28 20:00:00+00:00,-15.2,-7.098,2.192,-10.26,3.169,0.0
2024-01-28 21:00:00+00:00,-13.23,-0.272,8.085,-0.393,11.687,0.0
2024-01-28 22:00:00+00:00,-13.01,6.673,2.368,9.645,3.423,0.0
2024-01-28 23:00:00+00:00,-14.32,4.789,-6.152,6.922,-8.892,0.0
2024-01-29 00:00:00+00:00,-13.73,-3.122,-4.887,-4.513,-7.064,0.0
2024-01-29 01:00:00+00:00,-13.56,-5.499,1.348,-7.948,1.949,0.0
2024-01-29 02:00:00+00:00,-11.44,-0.493,6.225,-0.713,8.998,0.0
2024-01-29 03:00:00+00:00,-13.19,5.571,2.181,8.053,3.153,0.0
2024-01-29 04:00:00+00:00,-13.35,4.592,-6.119,6.638,-8.844,0.0
2024-01-29 05:00:00+00:00,-11.92,-4.929,-5.737,-7.124,-8.293,0.0
2024-01-29 06:00:00+00:00,-9.77,-7.18,3.11,-10.379,4.495,0.0
2024-01-29 07:00:00+00:00,-8.81,1.27,6.416,1.836,9.274,0.0
2024-01-29 08:00:00+00:00,-7.54,7.129,0.263,10.305,0.381,0.0
2024-01-29 09:00:00+00:00,-10.44,1.395,-6.321,2.016,-9.137,20.6
2024-01-29 10:00:00+00:00,-11.78,-5.955,-1.897,-8.607,-2.742,75.6
2024-01-29 11:00:00+00:00,-13.67,-3.658,6.335,-5.288,9.158,83.5
2024-01-29 12:00:00+00:00,-12.44,4.684,4.58,6.77,6.62,59.6
2024-01-29 13:00:00+00:00,-15.0,6.402,-3.711,9.253,-5.365,31.6
2024-01-29 14:00:00+00:00,-15.84,-0.913,-5.796,-1.319,-8.377,54.7
2024-01-29 15:00:00+00:00,-20.15,-5.75,-1.201,-8.311,-1.736,20.2
2024-01-29 16:00:00+00:00,-19.25,-2.877,5.212,-4.159,7.534,0.0
2024-01-29 17:00:00+00:00,-17.1,4.455,4.426,6.439,6.398,0.0
2024-01-29 18:00:00+00:00,-17.9,5.651,-3.047,8.169,-4.404,0.0
2024-01-29 19:00:00+00:00,-15.4,-1.616,-8.176,-2.336,-11.818,0.0
2024-01-29 20:00:00+00:00,-15.76,-8.049,-0.41,-11.634,-0.592,0.0
2024-01-29 21:00:00+00:00,-16.53,-2.013,8.285,-2.91,11.975,0.0
2024-01-29 22:00:00+00:00,-14.31,8.855,3.03,12.8,4.38,0.0
2024-01-29 23:00:00+00:00,-16.97,3.828,-8.315,5.533,-12.019,0.0
2024-01-30 00:00:00+00:00,-12.99,-11.627,-6.299,-16.806,-9.104,0.0
2024-01-30 01:00:00+00:00,-13.51,-6.321,11.01,-9.137,15.915,0.0
2024-01-30 02:00:00+00:00,-14.11,9.431,5.392,13.632,7.794,0.0
2024-01-30 03:00:00+00:00,-14.17,6.79,-11.688,9.814,-16.894,0.0
2024-01-30 04:00:00+00:00,-12.96,-12.143,-6.357,-17.552,-9.189,0.0
2024-01-30 05:00:00+00:00,-14.39,-7.422,13.182,-10.728,19.054,0.0
2024-01-30 06:00:00+00:00,-12.81,14.0,8.295,20.236,11.99,0.0
2024-01-30 07:00:00+00:00,-16.07,6.98,-12.173,10.089,-17.595,0.0
2024-01-30 08:00:00+00:00,-18.0,-12.175,-8.366,-17.598,-12.092,0.0
2024-01-30 09:00:00+00:00,-19.21,-6.893,8.731,-9.963,12.621,26.9
2024-01-30 10:00:00+00:00,-19.06,7.872,8.203,11.378,11.857,102.8
2024-01-30 11:00:00+00:00,-18.86,10.26,-7.363,14.83,-10.643,148.0
2024-01-30 12:00:00+00:00,-20.38,-5.082,-9.222,-7.345,-13.329,163.5
2024-01-30 13:00:00+00:00,-23.27,-10.207,3.784,-14.754,5.469,148.0
2024-01-30 14:00:00+00:00,-23.22,1.452,7.843,2.099,11.336,102.8
2024-01-30 15:00:00+00:00,-21.87,7.97,-0.24,11.521,-0.347,30.7
2024-01-30 16:00:00+00:00,-20.82,0.573,-7.536,0.829,-10.893,0.0
2024-01-30 17:00:00+00:00,-19.82,-7.08,-1.564,-10.233,-2.261,0.0
2024-01-30 18:00:00+00:00,-19.7,-2.241,7.822,-3.239,11.306,0.0
2024-01-30 19:00:00+00:00,-20.55,7.017,3.073,10.142,4.441,0.0
2024-01-30 20:00:00+00:00,-21.04,4.069,-7.067,5.882,-10.216,0.0
2024-01-30 21:00:00+00:00,-19.57,-5.79,-3.815,-8.369,-5.514,0.0
2024-01-30 22:00:00+00:00,-20.19,-3.512,4.83,-5.076,6.981,0.0
2024-01-30 23:00:00+00:00,-18.78,4.45,3.405,6.432,4.921,0.0
2024-01-31 00:00:00+00:00,-18.2,3.705,-5.297,5.355,-7.657,0.0
2024-01-31 01:00:00+00:00,-16.77,-5.017,-3.19,-7.251,-4.611,0.0
2024-01-31 02:00:00+00:00,-15.63,-3.685,5.512,-5.327,7.968,0.0
2024-01-31 03:00:00+00:00,-17.89,4.664,3.18,6.741,4.596,0.0
2024-01-31 04:00:00+00:00,-17.94,4.257,-4.629,6.153,-6.691,0.0
2024-01-31 05:00:00+00:00,-17.43,-4.134,-5.435,-5.975,-7.857,0.0
2024-01-31 06:00:00+00:00,-19.31,-6.747,3.33,-9.753,4.814,0.0
2024-01-31 07:00:00+00:00,-22.56,3.101,8.152,4.482,11.783,0.0
2024-01-31 08:00:00+00:00,-20.94,9.753,-2.436,14.098,-3.521,0.0
2024-01-31 09:00:00+00:00,-20.8,-1.154,-10.634,-1.668,-15.371,7.8
2024-01-31 10:00:00+00:00,-15.71,-9.981,-0.121,-14.427,-0.175,38.9
2024-01-31 11:00:00+00:00,-17.55,-1.497,11.22,-2.164,16.217,148.5
2024-01-31 12:00:00+00:00,-18.82,9.263,1.538,13.389,2.223,168.2
2024-01-31 13:00:00+00:00,-17.89,2.004,-8.841,2.897,-12.779,152.7
2024-01-31 14:00:00+00:00,-15.29,-7.351,-1.984,-10.626,-2.867,107.4
2024-01-31 15:00:00+00:00,-14.5,-1.404,6.354,-2.029,9.184,35.2
2024-01-31 16:00:00+00:00,-13.55,6.07,0.805,8.774,1.164,0.0
2024-01-31 17:00:00+00:00,-15.46,0.648,-6.367,0.937,-9.204,0.0
2024-01-31 18:00:00+00:00,-14.53,-6.601,-0.504,-9.542,-0.729,0.0
2024-01-31 19:00:00+00:00,-13.0,-0.56,5.501,-0.809,7.951,0.0
2024-01-31 20:00:00+00:00,-11.92,5.111,0.471,7.388,0.681,0.0
2024-01-31 21:00:00+00:00,-11.88,1.537,-5.699,2.222,-8.237,0.0
2024-01-31 22:00:00+00:00,-9.05,-4.741,-1.997,-6.853,-2.886,0.0
2024-01-31 23:00:00+00:00,-8.06,-3.144,4.15,-4.544,5.998,0.0
2024-02-01 00:00:00+00:00,-10.18,4.042,5.377,5.843,7.772,0.0
2024-02-01 01:00:00+00:00,-12.88,6.701,-2.683,9.686,-3.878,0.0
2024-02-01 02:00:00+00:00,-11.94,-0.371,-8.153,-0.536,-11.785,0.0
2024-02-01 03:00:00+00:00,-10.7,-7.207,-2.342,-10.418,-3.385,0.0
2024-02-01 04:00:00+00:00,-13.28,-4.958,6.216,-7.166,8.985,0.0
2024-02-01 05:00:00+00:00,-11.86,4.253,7.3,6.148,10.551,0.0
2024-02-01 06:00:00+00:00,-10.89,7.976,-1.441,11.528,-2.082,0.0
2024-02-01 07:00:00+00:00,-11.24,1.776,-9.836,2.567,-14.218,0.0
2024-02-01 08:00:00+00:00,-12.25,-9.339,-6.358,-13.499,-9.19,0.0
2024-02-01 09:00:00+00:00,-13.97,-9.484,4.327,-13.709,6.254,39.9
2024-02-01 10:00:00+00:00,-14.77,-1.159,11.581,-1.676,16.739,108.1
2024-02-01 11:00:00+00:00,-11.35,8.942,5.913,12.926,8.547,138.2
2024-02-01 12:00:00+00:00,-13.16,7.973,-4.748,11.524,-6.863,173.0
2024-02-01 13:00:00+00:00,-12.13,-0.803,-9.775,-1.161,-14.129,157.5
2024-02-01 14:00:00+00:00,-11.42,-10.141,-3.651,-14.659,-5.277,112.1
2024-02-01 15:00:00+00:00,-14.98,-6.431,6.834,-9.296,9.879,39.9
2024-02-01 16:00:00+00:00,-15.64,4.335,10.114,6.266,14.619,0.0
2024-02-01 17:00:00+00:00,-12.67,11.601,0.26,16.768,0.375,0.0
2024-02-01 18:00:00+00:00,-12.31,3.723,-8.619,5.382,-12.458,0.0
2024-02-01 19:00:00+00:00,-14.8,-6.732,-7.295,-9.731,-10.544,0.0
2024-02-01 20:00:00+00:00,-14.08,-8.177,2.464,-11.82,3.562,0.0
2024-02-01 21:00:00+00:00,-14.99,-1.812,9.105,-2.619,13.16,0.0
2024-02-01 22:00:00+00:00,-13.85,8.894,7.314,12.855,10.573,0.0
2024-02-01 23:00:00+00:00,-14.26,11.139,-4.108,16.101,-5.937,0.0
2024-02-02 00:00:00+00:00,-13.89,1.212,-10.105,1.752,-14.606,0.0
2024-02-02 01:00:00+00:00,-15.06,-9.159,-5.578,-13.239,-8.062,0.0
2024-02-02 02:00:00+00:00,-15.07,-7.602,5.422,-10.988,7.838,0.0
2024-02-02 03:00:00+00:00,-13.53,2.033,6.925,2.938,10.01,0.0
2024-02-02 04:00:00+00:00,-14.15,6.088,0.101,8.8,0.146,0.0
2024-02-02 05:00:00+00:00,-10.02,1.026,-4.945,1.483,-7.147,0.0
2024-02-02 06:00:00+00:00,-13.17,-3.97,-1.571,-5.739,-2.271,0.0
2024-02-02 07:00:00+00:00,-14.91,-2.947,4.309,-4.26,6.229,0.0
2024-02-02 08:00:00+00:00,-16.87,2.966,3.349,4.287,4.84,0.0
2024-02-02 09:00:00+00:00,-18.98,4.215,-2.163,6.093,-3.126,9.8
2024-02-02 10:00:00+00:00,-19.54,-1.152,-5.657,-1.666,-8.177,25.7
2024-02-02 11:00:00+00:00,-20.78,-5.177,-0.263,-7.483,-0.38,35.7
2024-02-02 12:00:00+00:00,-18.65,-1.754,4.678,-2.535,6.761,39.1
2024-02-02 13:00:00+00:00,-18.65,4.401,3.163,6.361,4.572,35.7
2024-02-02 14:00:00+00:00,-16.68,4.263,-3.512,6.162,-5.076,25.7
2024-02-02 15:00:00+00:00,-16.05,-2.545,-5.942,-3.679,-8.589,9.8
2024-02-02 16:00:00+00:00,-17.7,-6.959,0.088,-10.059,0.128,0.0
2024-02-02 17:00:00+00:00,-18.09,-2.022,5.277,-2.922,7.628,0.0
2024-02-02 18:00:00+00:00,-15.25,3.67,3.316,5.304,4.793,0.0
2024-02-02 19:00:00+00:00,-15.82,4.196,-2.726,6.066,-3.94,0.0
2024-02-02 20:00:00+00:00,-16.77,-1.326,-4.078,-1.917,-5.895,0.0
2024-02-02 21:00:00+00:00,-16.31,-4.089,0.076,-5.911,0.11,0.0
2024-02-02 22:00:00+00:00,-10.22,-1.337,4.542,-1.932,6.565,0.0
2024-02-02 23:00:00+00:00,-9.42,4.098,2.598,5.923,3.755,0.0
2024-02-03 00:00:00+00:00,-8.17,4.007,-3.014,5.791,-4.357,0.0
2024-02-03 01:00:00+00:00,-12.21,-1.454,-5.29,-2.101,-7.646,0.0
2024-02-03 02:00:00+00:00,-9.63,-6.162,-0.472,-8.906,-0.683,0.0
2024-02-03 03:00:00+00:00,-8.21,-2.241,5.328,-3.24,7.702,0.0
2024-02-03 04:00:00+00:00,-10.03,5.713,4.611,8.258,6.666,0.0
2024-02-03 05:00:00+00:00,-12.8,4.579,-3.686,6.619,-5.328,0.0
2024-02-03 06:00:00+00:00,-14.92,-2.957,-5.479,-4.274,-7.919,0.0
2024-02-03 07:00:00+00:00,-14.76,-5.543,1.411,-8.011,2.04,0.0
2024-02-03 08:00:00+00:00,-11.65,-0.244,5.872,-0.352,8.487,0.0
2024-02-03 09:00:00+00:00,-13.55,5.202,1.737,7.52,2.511,10.9
2024-02-03 10:00:00+00:00,-14.92,2.727,-4.542,3.942,-6.565,26.8
2024-02-03 11:00:00+00:00,-13.13,-3.94,-3.69,-5.696,-5.333,36.8
2024-02-03 12:00:00+00:00,-11.59,-4.068,2.531,-5.88,3.658,40.2
2024-02-03 13:00:00+00:00,-10.29,1.811,4.847,2.618,7.006,36.8
2024-02-03 14:00:00+00:00,-11.08,4.98,-0.166,7.198,-0.239,26.8
2024-02-03 15:00:00+00:00,-11.19,0.98,-3.941,1.416,-5.696,10.9
2024-02-03 16:00:00+00:00,-11.85,-3.382,-2.447,-4.888,-3.537,0.0
2024-02-03 17:00:00+00:00,-12.97,-3.391,1.831,-4.902,2.647,0.0
2024-02-03 18:00:00+00:00,-11.7,0.219,4.295,0.317,6.209,0.0
2024-02-03 19:00:00+00:00,-11.27,3.641,1.635,5.263,2.363,0.0
2024-02-03 20:00:00+00:00,-9.21,3.343,-2.559,4.832,-3.699,0.0
2024-02-03 21:00:00+00:00,-10.92,-0.375,-4.3,-0.542,-6.216,0.0
2024-02-03 22:00:00+00:00,-11.39,-4.973,-2.788,-7.187,-4.03,0.0
2024-02-03 23:00:00+00:00,-12.82,-5.506,2.615,-7.959,3.78,0.0
2024-02-04 00:00:00+00:00,-14.99,-1.295,5.694,-1.872,8.23,0.0
2024-02-04 01:00:00+00:00,-15.83,4.922,5.132,7.115,7.418,0.0
2024-02-04 02:00:00+00:00,-18.23,5.728,-1.286,8.28,-1.86,0.0
2024-02-04 03:00:00+00:00,-16.82,1.836,-5.844,2.654,-8.447,0.0
2024-02-04 04:00:00+00:00,-16.94,-4.463,-5.173,-6.45,-7.478,0.0
2024-02-04 05:00:00+00:00,-17.76,-6.065,1.036,-8.766,1.498,0.0
2024-02-04 06:00:00+00:00,-16.25,-1.98,5.664,-2.861,8.186,0.0
2024-02-04 07:00:00+00:00,-14.31,3.916,4.491,5.66,6.492,0.0
2024-02-04 08:00:00+00:00,-14.08,5.901,-0.957,8.53,-1.383,0.0
2024-02-04 09:00:00+00:00,-12.18,2.607,-5.499,3.768,-7.948,11.9
2024-02-04 10:00:00+00:00,-10.26,-2.508,-4.969,-3.625,-7.183,27.9
2024-02-04 11:00:00+00:00,-13.06,-6.045,-0.836,-8.738,-1.209,37.9
2024-02-04 12:00:00+00:00,-13.89,-3.84,4.084,-5.55,5.903,41.3
2024-02-04 13:00:00+00:00,-15.9,0.967,6.886,1.398,9.954,37.9
2024-02-04 14:00:00+00:00,-14.51,4.73,3.494,6.837,5.05,27.9
2024-02-04 15:00:00+00:00,-18.17,4.841,-0.829,6.997,-1.199,11.9
2024-02-04 16:00:00+00:00,-17.36,2.288,-3.447,3.307,-4.982,0.0
2024-02-04 17:00:00+00:00,-16.0,-0.969,-5.122,-1.401,-7.404,0.0
2024-02-04 18:00:00+00:00,-13.9,-4.956,-3.571,-7.163,-5.161,0.0
2024-02-04 19:00:00+00:00,-12.84,-5.714,0.527,-8.259,0.762,0.0
2024-02-04 20:00:00+00:00,-14.32,-5.13,5.323,-7.415,7.695,0.0
2024-02-04 21:00:00+00:00,-12.32,0.369,7.921,0.534,11.449,0.0
2024-02-04 22:00:00+00:00,-13.91,5.252,4.91,7.592,7.097,0.0
2024-02-04 23:00:00+00:00,-10.66,7.591,0.114,10.972,0.165,0.0
2024-02-05 00:00:00+00:00,-9.85,4.941,-4.518,7.142,-6.531,0.0
2024-02-05 01:00:00+00:00,-7.99,1.098,-6.093,1.588,-8.807,0.0
2024-02-05 02:00:00+00:00,-5.12,-2.406,-5.483,-3.478,-7.926,0.0
2024-02-05 03:00:00+00:00,-2.9,-4.509,-2.807,-6.518,-4.058,0.0
2024-02-05 04:00:00+00:00,-3.08,-4.593,0.216,-6.639,0.313,0.0
2024-02-05 05:00:00+00:00,-3.32,-2.913,2.433,-4.211,3.517,0.0
2024-02-05 06:00:00+00:00,-5.73,-1.286,4.772,-1.859,6.897,0.0
2024-02-05 07:00:00+00:00,-4.42,1.919,5.117,2.774,7.396,0.0
2024-02-05 08:00:00+00:00,-6.61,4.388,2.514,6.343,3.634,0.0
2024-02-05 09:00:00+00:00,-6.63,4.534,-0.407,6.554,-0.588,38.6
2024-02-05 10:00:00+00:00,-10.17,3.407,-2.449,4.924,-3.54,55.7
2024-02-05 11:00:00+00:00,-11.4,1.939,-3.807,2.803,-5.503,131.8
2024-02-05 12:00:00+00:00,-11.23,0.181,-4.688,0.262,-6.776,192.1
2024-02-05 13:00:00+00:00,-10.11,-1.716,-4.438,-2.48,-6.415,140.2
2024-02-05 14:00:00+00:00,-8.9,-2.923,-3.266,-4.225,-4.721,119.5
2024-02-05 15:00:00+00:00,-7.4,-3.285,-1.686,-4.748,-2.436,36.2
2024-02-05 16:00:00+00:00,-7.47,-3.31,-0.387,-4.784,-0.56,0.0
2024-02-05 17:00:00+00:00,-9.38,-2.914,0.655,-4.212,0.947,0.0
2024-02-05 18:00:00+00:00,-11.43,-2.704,1.764,-3.909,2.55,0.0
2024-02-05 19:00:00+00:00,-12.6,-1.967,2.41,-2.843,3.483,0.0
2024-02-05 20:00:00+00:00,-14.11,-1.025,3.053,-1.481,4.413,0.0
2024-02-05 21:00:00+00:00,-15.68,0.206,3.729,0.297,5.39,0.0
2024-02-05 22:00:00+00:00,-12.81,1.954,3.541,2.824,5.118,0.0
2024-02-05 23:00:00+00:00,-14.51,2.88,2.352,4.163,3.4,0.0
2024-02-06 00:00:00+00:00,-12.35,3.348,1.126,4.839,1.627,0.0
2024-02-06 01:00:00+00:00,-12.84,3.687,-0.498,5.33,-0.719,0.0
2024-02-06 02:00:00+00:00,-10.02,3.521,-2.446,5.089,-3.535,0.0
2024-02-06 03:00:00+00:00,-10.42,1.741,-3.766,2.516,-5.444,0.0
2024-02-06 04:00:00+00:00,-9.87,-0.56,-3.95,-0.809,-5.71,0.0
2024-02-06 05:00:00+00:00,-9.79,-2.962,-3.336,-4.281,-4.822,0.0
2024-02-06 06:00:00+00:00,-12.07,-4.705,-1.202,-6.8,-1.738,0.0
2024-02-06 07:00:00+00:00,-12.44,-5.083,2.165,-7.347,3.13,0.0
2024-02-06 08:00:00+00:00,-16.37,-2.846,5.303,-4.113,7.665,0.0
2024-02-06 09:00:00+00:00,-15.07,0.559,5.273,0.808,7.622,14.1
2024-02-06 10:00:00+00:00,-17.37,2.908,3.707,4.203,5.358,30.1
2024-02-06 11:00:00+00:00,-16.78,4.676,1.533,6.759,2.215,40.2
2024-02-06 12:00:00+00:00,-14.9,4.338,-1.005,6.27,-1.453,43.6
2024-02-06 13:00:00+00:00,-17.92,3.123,-2.885,4.514,-4.17,40.2
2024-02-06 14:00:00+00:00,-19.32,0.985,-3.316,1.423,-4.793,30.1
2024-02-06 15:00:00+00:00,-18.41,-0.916,-3.048,-1.324,-4.406,14.1
2024-02-06 16:00:00+00:00,-18.2,-2.857,-2.348,-4.129,-3.395,0.0
2024-02-06 17:00:00+00:00,-19.47,-5.647,-1.105,-8.162,-1.597,0.0
2024-02-06 18:00:00+00:00,-18.9,-4.886,1.504,-7.062,2.174,0.0
2024-02-06 19:00:00+00:00,-18.13,-3.761,3.534,-5.436,5.108,0.0
2024-02-06 20:00:00+00:00,-16.63,-1.18,3.484,-1.706,5.037,0.0
2024-02-06 21:00:00+00:00,-16.07,1.04,4.064,1.504,5.874,0.0
2024-02-06 22:00:00+00:00,-13.64,2.681,2.485,3.875,3.593,0.0
2024-02-06 23:00:00+00:00,-13.62,4.012,0.774,5.799,1.118,0.0
2024-02-07 00:00:00+00:00,-13.9,3.597,-1.068,5.199,-1.543,0.0
2024-02-07 01:00:00+00:00,-11.7,2.348,-2.744,3.393,-3.966,0.0
2024-02-07 02:00:00+00:00,-10.3,0.825,-4.313,1.193,-6.234,0.0
2024-02-07 03:00:00+00:00,-7.29,-1.147,-4.003,-1.658,-5.787,0.0
2024-02-07 04:00:00+00:00,-8.42,-2.231,-2.891,-3.224,-4.178,0.0
2024-02-07 05:00:00+00:00,-7.3,-2.643,-1.445,-3.821,-2.089,0.0
2024-02-07 06:00:00+00:00,-6.29,-3.351,-0.614,-4.843,-0.888,0.0
2024-02-07 07:00:00+00:00,-6.37,-4.373,0.57,-6.32,0.823,0.0
2024-02-07 08:00:00+00:00,-6.02,-4.358,1.904,-6.3,2.751,0.0
2024-02-07 09:00:00+00:00,-6.61,-3.534,2.635,-5.107,3.808,15.3
2024-02-07 10:00:00+00:00,-6.36,-3.239,3.444,-4.681,4.978,31.3
2024-02-07 11:00:00+00:00,-8.39,-2.065,3.141,-2.985,4.54,41.4
2024-02-07 12:00:00+00:00,-8.97,-1.909,3.651,-2.759,5.278,44.8
2024-02-07 13:00:00+00:00,-8.77,-1.486,5.04,-2.148,7.284,41.4
2024-02-07 14:00:00+00:00,-11.01,-0.447,5.185,-0.647,7.495,31.3
2024-02-07 15:00:00+00:00,-11.61,0.585,6.156,0.845,8.898,15.3
2024-02-07 16:00:00+00:00,-12.92,1.84,6.572,2.659,9.499,0.0
2024-02-07 17:00:00+00:00,-11.48,3.589,6.507,5.187,9.406,0.0
2024-02-07 18:00:00+00:00,-11.54,6.69,5.923,9.67,8.561,0.0
2024-02-07 19:00:00+00:00,-7.98,7.289,2.828,10.536,4.087,0.0
2024-02-07 20:00:00+00:00,-9.22,6.778,0.445,9.797,0.643,0.0
2024-02-07 21:00:00+00:00,-9.92,7.509,-1.98,10.854,-2.862,0.0
2024-02-07 22:00:00+00:00,-10.37,6.757,-4.236,9.766,-6.123,0.0
2024-02-07 23:00:00+00:00,-12.37,3.719,-4.06,5.376,-5.869,0.0
2024-02-08 00:00:00+00:00,-10.04,2.799,-5.325,4.046,-7.697,0.0
2024-02-08 01:00:00+00:00,-9.33,1.2,-5.535,1.734,-8.0,0.0
2024-02-08 02:00:00+00:00,-11.32,-0.135,-5.687,-0.195,-8.22,0.0
2024-02-08 03:00:00+00:00,-12.79,-1.074,-4.624,-1.552,-6.683,0.0
2024-02-08 04:00:00+00:00,-12.73,-1.378,-3.533,-1.992,-5.106,0.0
2024-02-08 05:00:00+00:00,-9.72,-1.376,-3.355,-1.989,-4.849,0.0
2024-02-08 06:00:00+00:00,-7.16,-1.452,-4.251,-2.099,-6.145,0.0
2024-02-08 07:00:00+00:00,-7.84,-0.935,-4.582,-1.351,-6.623,0.0
2024-02-08 08:00:00+00:00,-6.38,-0.403,-5.024,-0.583,-7.262,0.0
2024-02-08 09:00:00+00:00,-9.43,0.423,-4.908,0.611,-7.094,36.3
2024-02-08 10:00:00+00:00,-8.41,1.576,-4.715,2.278,-6.815,112.8
2024-02-08 11:00:00+00:00,-8.96,2.828,-4.207,4.088,-6.081,93.6
2024-02-08 12:00:00+00:00,-9.79,3.676,-4.145,5.314,-5.991,101.8
2024-02-08 13:00:00+00:00,-10.52,3.8,-3.534,5.493,-5.108,59.8
2024-02-08 14:00:00+00:00,-11.02,4.48,-3.021,6.476,-4.367,32.5
2024-02-08 15:00:00+00:00,-8.69,3.634,-1.592,5.252,-2.302,16.4
2024-02-08 16:00:00+00:00,-9.94,4.314,-0.813,6.236,-1.175,0.0
2024-02-08 17:00:00+00:00,-9.79,4.113,0.244,5.945,0.353,0.0
2024-02-08 18:00:00+00:00,-7.75,2.975,0.755,4.3,1.091,0.0
2024-02-08 19:00:00+00:00,-5.57,2.787,1.213,4.028,1.754,0.0
2024-02-08 20:00:00+00:00,-6.47,2.577,1.884,3.725,2.723,0.0
2024-02-08 21:00:00+00:00,-4.6,2.182,2.616,3.154,3.781,0.0
2024-02-08 22:00:00+00:00,-4.44,0.979,2.829,1.415,4.089,0.0
2024-02-08 23:00:00+00:00,-8.53,0.182,2.88,0.263,4.163,0.0
2024-02-09 00:00:00+00:00,-7.19,-0.671,2.917,-0.97,4.217,0.0
2024-02-09 01:00:00+00:00,-5.41,-1.377,2.421,-1.991,3.5,0.0
2024-02-09 02:00:00+00:00,-5.85,-2.103,1.964,-3.039,2.839,0.0
2024-02-09 03:00:00+00:00,-6.5,-2.355,1.193,-3.404,1.724,0.0
2024-02-09 04:00:00+00:00,-5.48,-2.703,0.342,-3.907,0.494,0.0
2024-02-09 05:00:00+00:00,-5.06,-2.814,-0.616,-4.067,-0.891,0.0
2024-02-09 06:00:00+00:00,-5.42,-2.56,-1.583,-3.7,-2.287,0.0
2024-02-09 07:00:00+00:00,-5.69,-1.963,-2.484,-2.837,-3.59,0.0
2024-02-09 08:00:00+00:00,-3.59,-1.107,-3.013,-1.6,-4.355,0.0
2024-02-09 09:00:00+00:00,-5.94,-0.061,-3.566,-0.089,-5.154,45.8
2024-02-09 10:00:00+00:00,-10.03,0.921,-2.811,1.332,-4.063,152.9
2024-02-09 11:00:00+00:00,-10.64,1.749,-2.406,2.528,-3.478,181.1
2024-02-09 12:00:00+00:00,-9.68,2.29,-1.654,3.31,-2.391,214.5
2024-02-09 13:00:00+00:00,-9.43,2.584,-0.857,3.735,-1.238,189.4
2024-02-09 14:00:00+00:00,-11.8,2.787,0.079,4.028,0.114,152.9
2024-02-09 15:00:00+00:00,-15.46,3.657,1.516,5.286,2.191,78.3
2024-02-09 16:00:00+00:00,-14.07,2.12,2.239,3.064,3.236,0.0
2024-02-09 17:00:00+00:00,-7.3,1.259,4.13,1.82,5.97,0.0
2024-02-09 18:00:00+00:00,-8.0,-1.416,5.272,-2.047,7.621,0.0
2024-02-09 19:00:00+00:00,-9.01,-3.802,3.564,-5.496,5.152,0.0
2024-02-09 20:00:00+00:00,-9.93,-5.411,0.994,-7.822,1.437,0.0
2024-02-09 21:00:00+00:00,-10.05,-5.832,-2.321,-8.43,-3.355,0.0
2024-02-09 22:00:00+00:00,-10.65,-3.041,-3.884,-4.395,-5.614,0.0
2024-02-09 23:00:00+00:00,-11.33,-0.343,-5.212,-0.496,-7.533,0.0
2024-02-10 00:00:00+00:00,-10.19,3.28,-5.088,4.74,-7.355,0.0
2024-02-10 01:00:00+00:00,-12.03,5.538,-1.206,8.005,-1.743,0.0
2024-02-10 02:00:00+00:00,-10.77,5.061,2.337,7.316,3.378,0.0
2024-02-10 03:00:00+00:00,-9.67,2.178,4.664,3.148,6.741,0.0
2024-02-10 04:00:00+00:00,-10.76,-1.509,6.181,-2.181,8.935,0.0
2024-02-10 05:00:00+00:00,-8.87,-6.78,5.419,-9.801,7.833,0.0
2024-02-10 06:00:00+00:00,-9.1,-6.203,0.487,-8.966,0.704,0.0
2024-02-10 07:00:00+00:00,-8.39,-5.405,-3.302,-7.813,-4.773,0.0
2024-02-10 08:00:00+00:00,-7.69,-2.468,-6.383,-3.568,-9.226,0.0
2024-02-10 09:00:00+00:00,-6.39,1.6,-5.711,2.313,-8.255,85.2
2024-02-10 10:00:00+00:00,-7.07,5.168,-3.658,7.47,-5.288,158.4
2024-02-10 11:00:00+00:00,-6.15,6.099,0.258,8.815,0.374,204.4
2024-02-10 12:00:00+00:00,-7.84,4.573,3.912,6.61,5.655,220.1
2024-02-10 13:00:00+00:00,-11.04,1.596,6.255,2.307,9.041,204.4
2024-02-10 14:00:00+00:00,-11.01,-2.13,6.166,-3.079,8.912,158.4
2024-02-10 15:00:00+00:00,-11.75,-5.187,3.574,-7.498,5.166,85.2
2024-02-10 16:00:00+00:00,-11.22,-4.909,-0.382,-7.095,-0.552,0.0
2024-02-10 17:00:00+00:00,-11.38,-3.032,-3.515,-4.383,-5.081,0.0
2024-02-10 18:00:00+00:00,-10.35,0.351,-4.617,0.508,-6.674,0.0
2024-02-10 19:00:00+00:00,-8.64,4.009,-4.048,5.795,-5.851,0.0
2024-02-10 20:00:00+00:00,-8.48,6.137,-0.152,8.871,-0.22,0.0
2024-02-10 21:00:00+00:00,-7.97,4.88,4.248,7.054,6.14,0.0
2024-02-10 22:00:00+00:00,-5.61,0.903,5.149,1.305,7.443,0.0
2024-02-10 23:00:00+00:00,-5.4,-2.04,3.758,-2.949,5.432,0.0
2024-02-11 00:00:00+00:00,-4.93,-3.992,1.993,-5.771,2.881,0.0
2024-02-11 01:00:00+00:00,-2.81,-4.91,-0.573,-7.097,-0.829,0.0
2024-02-11 02:00:00+00:00,-5.05,-3.413,-2.619,-4.933,-3.786,0.0
2024-02-11 03:00:00+00:00,-5.43,-2.385,-5.49,-3.448,-7.936,0.0
2024-02-11 04:00:00+00:00,-5.47,0.672,-6.383,0.971,-9.227,0.0
2024-02-11 05:00:00+00:00,-6.36,3.508,-4.811,5.071,-6.954,0.0
2024-02-11 06:00:00+00:00,-5.94,5.559,-2.334,8.035,-3.373,0.0
2024-02-11 07:00:00+00:00,-7.23,5.935,0.88,8.578,1.272,0.0
2024-02-11 08:00:00+00:00,-9.32,4.581,4.417,6.622,6.385,0.0
2024-02-11 09:00:00+00:00,-8.34,1.537,7.362,2.221,10.641,19.9
2024-02-11 10:00:00+00:00,-7.32,-2.362,6.509,-3.414,9.409,36.1
2024-02-11 11:00:00+00:00,-8.04,-5.319,4.232,-7.689,6.117,46.2
2024-02-11 12:00:00+00:00,-7.26,-6.052,0.904,-8.748,1.307,49.7
2024-02-11 13:00:00+00:00,-9.17,-5.551,-1.764,-8.024,-2.549,46.2
2024-02-11 14:00:00+00:00,-10.17,-4.634,-3.908,-6.698,-5.649,36.1
2024-02-11 15:00:00+00:00,-10.73,-2.642,-5.309,-3.818,-7.674,19.9
2024-02-11 16:00:00+00:00,-9.55,-0.96,-7.605,-1.387,-10.992,0.0
2024-02-11 17:00:00+00:00,-8.69,1.085,-6.548,1.568,-9.465,0.0
2024-02-11 18:00:00+00:00,-9.36,2.335,-4.974,3.375,-7.19,0.0
2024-02-11 19:00:00+00:00,-7.87,3.87,-4.002,5.593,-5.785,0.0
2024-02-11 20:00:00+00:00,-6.01,3.811,-2.0,5.509,-2.892,0.0
2024-02-11 21:00:00+00:00,-6.67,4.081,-0.405,5.899,-0.585,0.0
2024-02-11 22:00:00+00:00,-5.18,5.489,1.607,7.935,2.323,0.0
2024-02-11 23:00:00+00:00,-5.04,4.133,3.726,5.975,5.386,0.0
2024-02-12 00:00:00+00:00,-2.08,2.196,5.323,3.174,7.694,0.0
2024-02-12 01:00:00+00:00,-4.34,-0.064,5.172,-0.093,7.476,0.0
2024-02-12 02:00:00+00:00,-4.04,-2.605,4.777,-3.765,6.904,0.0
2024-02-12 03:00:00+00:00,-3.71,-4.223,2.79,-6.104,4.033,0.0
2024-02-12 04:00:00+00:00,-1.37,-4.182,-0.05,-6.045,-0.072,0.0
2024-02-12 05:00:00+00:00,-2.81,-4.339,-2.918,-6.272,-4.218,0.0
2024-02-12 06:00:00+00:00,-4.42,-1.778,-5.253,-2.57,-7.593,0.0
2024-02-12 07:00:00+00:00,-4.42,1.671,-7.074,2.416,-10.225,0.0
2024-02-12 08:00:00+00:00,-3.28,5.309,-5.542,7.674,-8.011,0.2
2024-02-12 09:00:00+00:00,-5.38,6.971,-1.862,10.076,-2.691,43.5
2024-02-12 10:00:00+00:00,-6.25,6.237,1.998,9.016,2.888,59.9
2024-02-12 11:00:00+00:00,-9.24,4.014,5.051,5.802,7.301,144.1
2024-02-12 12:00:00+00:00,-8.69,0.885,7.249,1.279,10.478,155.5
2024-02-12 13:00:00+00:00,-10.16,-2.718,6.209,-3.929,8.974,68.6
2024-02-12 14:00:00+00:00,-7.73,-5.489,4.876,-7.934,7.048,62.9
2024-02-12 15:00:00+00:00,-9.18,-8.456,2.191,-12.223,3.166,40.8
2024-02-12 16:00:00+00:00,-10.07,-11.877,-1.626,-17.167,-2.35,0.3
2024-02-12 17:00:00+00:00,-6.11,-9.408,-4.423,-13.599,-6.392,0.0
2024-02-12 18:00:00+00:00,-6.46,-6.177,-5.708,-8.928,-8.251,0.0
2024-02-12 19:00:00+00:00,-6.9,-4.922,-7.912,-7.115,-11.437,0.0
2024-02-12 20:00:00+00:00,-8.16,-2.711,-10.779,-3.919,-15.581,0.0
2024-02-12 21:00:00+00:00,-8.67,1.333,-12.045,1.926,-17.41,0.0
2024-02-12 22:00:00+00:00,-6.78,5.08,-9.782,7.342,-14.14,0.0
2024-02-12 23:00:00+00:00,-5.37,9.11,-7.479,13.167,-10.81,0.0
2024-02-13 00:00:00+00:00,-5.23,11.118,-3.126,16.071,-4.519,0.0
2024-02-13 01:00:00+00:00,-6.79,11.457,1.966,16.56,2.842,0.0
2024-02-13 02:00:00+00:00,-6.98,10.118,6.889,14.625,9.958,0.0
2024-02-13 03:00:00+00:00,-9.0,6.823,10.588,9.862,15.304,0.0
2024-02-13 04:00:00+00:00,-9.66,2.755,11.206,3.982,16.198,0.0
2024-02-13 05:00:00+00:00,-9.65,-0.899,9.801,-1.3,14.167,0.0
2024-02-13 06:00:00+00:00,-8.0,-3.119,8.707,-4.509,12.585,0.0
2024-02-13 07:00:00+00:00,-8.9,-4.003,7.309,-5.786,10.564,0.0
2024-02-13 08:00:00+00:00,-10.15,-3.73,4.463,-5.392,6.451,2.9
2024-02-13 09:00:00+00:00,-11.81,-4.92,3.477,-7.112,5.026,29.9
2024-02-13 10:00:00+00:00,-12.53,-5.003,2.821,-7.231,4.078,38.5
2024-02-13 11:00:00+00:00,-14.02,-5.324,2.252,-7.696,3.256,48.7
2024-02-13 12:00:00+00:00,-14.1,-6.134,2.217,-8.866,3.205,110.1
2024-02-13 13:00:00+00:00,-14.46,-5.695,1.89,-8.232,2.733,107.8
2024-02-13 14:00:00+00:00,-16.19,-5.565,2.222,-8.044,3.212,69.5
2024-02-13 15:00:00+00:00,-19.95,-6.341,3.113,-9.165,4.499,61.3
2024-02-13 16:00:00+00:00,-17.97,-6.464,3.442,-9.344,4.975,2.6
2024-02-13 17:00:00+00:00,-15.69,-5.996,3.562,-8.667,5.149,0.0
2024-02-13 18:00:00+00:00,-11.45,-4.42,2.741,-6.389,3.962,0.0
2024-02-13 19:00:00+00:00,-9.67,-4.565,3.186,-6.598,4.605,0.0
2024-02-13 20:00:00+00:00,-11.49,-5.899,4.198,-8.526,6.068,0.0
2024-02-13 21:00:00+00:00,-8.14,-4.8,3.808,-6.938,5.505,0.0
2024-02-13 22:00:00+00:00,-5.95,-4.384,4.379,-6.337,6.329,0.0
2024-02-13 23:00:00+00:00,-4.68,-5.127,5.791,-7.411,8.371,0.0
2024-02-14 00:00:00+00:00,-6.87,-3.743,5.497,-5.41,7.946,0.0
2024-02-14 01:00:00+00:00,-7.28,-3.425,6.279,-4.95,9.077,0.0
2024-02-14 02:00:00+00:00,-7.9,-3.63,6.764,-5.247,9.778,0.0
2024-02-14 03:00:00+00:00,-8.49,-3.392,7.542,-4.902,10.901,0.0
2024-02-14 04:00:00+00:00,-6.87,-3.136,8.361,-4.532,12.085,0.0
2024-02-14 05:00:00+00:00,-8.36,-2.561,7.512,-3.702,10.858,0.0
2024-02-14 06:00:00+00:00,-10.91,-1.99,6.077,-2.876,8.784,0.0
2024-02-14 07:00:00+00:00,-13.47,-1.913,5.676,-2.765,8.205,0.0
2024-02-14 08:00:00+00:00,-10.5,-1.524,5.059,-2.203,7.313,7.7
2024-02-14 09:00:00+00:00,-10.31,-1.463,5.38,-2.114,7.777,70.8
2024-02-14 10:00:00+00:00,-12.9,-0.805,4.456,-1.163,6.44,146.2
2024-02-14 11:00:00+00:00,-14.03,-0.704,5.549,-1.018,8.02,91.8
2024-02-14 12:00:00+00:00,-14.99,-0.977,6.518,-1.412,9.422,129.9
2024-02-14 13:00:00+00:00,-14.26,-1.216,7.042,-1.757,10.178,112.3
2024-02-14 14:00:00+00:00,-14.55,-1.252,6.005,-1.809,8.679,134.9
2024-02-14 15:00:00+00:00,-13.73,-1.087,5.523,-1.571,7.983,83.6
2024-02-14 16:00:00+00:00,-13.39,-0.387,5.381,-0.559,7.777,9.1
2024-02-14 17:00:00+00:00,-16.01,0.119,6.058,0.171,8.757,0.0
2024-02-14 18:00:00+00:00,-12.89,0.696,5.69,1.006,8.225,0.0
2024-02-14 19:00:00+00:00,-14.8,0.874,4.957,1.264,7.165,0.0
2024-02-14 20:00:00+00:00,-12.47,1.344,5.786,1.942,8.364,0.0
2024-02-14 21:00:00+00:00,-10.17,1.956,6.474,2.827,9.358,0.0
2024-02-14 22:00:00+00:00,-9.77,2.85,7.303,4.119,10.556,0.0
2024-02-14 23:00:00+00:00,-9.15,3.579,8.352,5.173,12.073,0.0
2024-02-15 00:00:00+00:00,-8.17,2.961,7.188,4.28,10.39,0.0
2024-02-15 01:00:00+00:00,-8.61,3.514,6.955,5.079,10.054,0.0
2024-02-15 02:00:00+00:00,-10.37,3.54,6.593,5.117,9.529,0.0
2024-02-15 03:00:00+00:00,-11.19,4.089,6.525,5.911,9.432,0.0
2024-02-15 04:00:00+00:00,-13.36,4.45,4.852,6.433,7.014,0.0
2024-02-15 05:00:00+00:00,-12.38,4.481,4.292,6.477,6.203,0.0
2024-02-15 06:00:00+00:00,-13.98,5.012,5.166,7.245,7.468,0.0
2024-02-15 07:00:00+00:00,-14.02,4.941,5.509,7.142,7.963,0.0
2024-02-15 08:00:00+00:00,-13.8,5.611,6.513,8.111,9.414,16.9
2024-02-15 09:00:00+00:00,-14.77,3.461,4.909,5.003,7.095,113.0
2024-02-15 10:00:00+00:00,-14.47,3.015,6.255,4.358,9.042,186.7
2024-02-15 11:00:00+00:00,-12.99,2.361,7.031,3.412,10.163,212.0
2024-02-15 12:00:00+00:00,-13.4,1.765,8.49,2.552,12.272,248.9
2024-02-15 13:00:00+00:00,-14.94,0.444,7.754,0.642,11.208,233.1
2024-02-15 14:00:00+00:00,-17.36,-0.991,7.951,-1.433,11.492,186.7
2024-02-15 15:00:00+00:00,-16.25,-1.654,6.867,-2.39,9.926,113.0
2024-02-15 16:00:00+00:00,-15.59,-3.241,6.781,-4.685,9.801,16.9
2024-02-15 17:00:00+00:00,-16.61,-3.589,5.391,-5.187,7.792,0.0
2024-02-15 18:00:00+00:00,-12.54,-4.123,5.565,-5.96,8.044,0.0
2024-02-15 19:00:00+00:00,-9.66,-4.512,6.162,-6.521,8.907,0.0
2024-02-15 20:00:00+00:00,-8.83,-4.607,5.693,-6.659,8.229,0.0
2024-02-15 21:00:00+00:00,-6.25,-3.78,4.61,-5.464,6.663,0.0
2024-02-15 22:00:00+00:00,-6.53,-3.57,3.413,-5.16,4.933,0.0
2024-02-15 23:00:00+00:00,-5.49,-3.719,2.551,-5.375,3.687,0.0
2024-02-16 00:00:00+00:00,-4.19,-4.076,1.824,-5.891,2.636,0.0
2024-02-16 01:00:00+00:00,-4.04,-5.024,0.875,-7.262,1.265,0.0
2024-02-16 02:00:00+00:00,-2.78,-4.94,-0.034,-7.14,-0.049,0.0
2024-02-16 03:00:00+00:00,-6.63,-4.663,-1.002,-6.74,-1.449,0.0
2024-02-16 04:00:00+00:00,-7.66,-5.02,-1.887,-7.256,-2.728,0.0
2024-02-16 05:00:00+00:00,-8.0,-5.642,-2.849,-8.155,-4.118,0.0
2024-02-16 06:00:00+00:00,-8.03,-4.856,-3.346,-7.019,-4.836,0.0
2024-02-16 07:00:00+00:00,-7.78,-3.452,-3.409,-4.989,-4.928,0.0
2024-02-16 08:00:00+00:00,-8.11,-3.195,-4.301,-4.618,-6.217,13.8
2024-02-16 09:00:00+00:00,-8.12,-2.491,-4.711,-3.601,-6.81,43.8
2024-02-16 10:00:00+00:00,-8.01,-2.155,-5.934,-3.115,-8.577,42.4
2024-02-16 11:00:00+00:00,-10.3,-2.209,-9.596,-3.194,-13.871,52.6
2024-02-16 12:00:00+00:00,-10.43,-1.491,-6.995,-2.155,-10.11,87.3
2024-02-16 13:00:00+00:00,-7.37,-1.233,-5.261,-1.782,-7.604,52.6
2024-02-16 14:00:00+00:00,-7.29,-0.917,-5.566,-1.325,-8.045,42.4
2024-02-16 15:00:00+00:00,-8.94,-0.351,-5.357,-0.508,-7.743,53.9
2024-02-16 16:00:00+00:00,-8.42,0.435,-5.171,0.629,-7.474,5.0
2024-02-16 17:00:00+00:00,-9.65,1.044,-5.114,1.509,-7.392,0.0
2024-02-16 18:00:00+00:00,-8.38,1.339,-4.7,1.935,-6.793,0.0
2024-02-16 19:00:00+00:00,-9.36,1.77,-5.306,2.558,-7.669,0.0
2024-02-16 20:00:00+00:00,-8.36,2.004,-4.364,2.896,-6.307,0.0
2024-02-16 21:00:00+00:00,-9.02,3.165,-6.145,4.575,-8.883,0.0
2024-02-16 22:00:00+00:00,-5.5,4.221,-7.53,6.102,-10.884,0.0
2024-02-16 23:00:00+00:00,-2.1,5.075,-7.869,7.336,-11.374,0.0
2024-02-17 00:00:00+00:00,-3.48,4.899,-6.476,7.081,-9.36,0.0
2024-02-17 01:00:00+00:00,-3.31,6.091,-7.097,8.803,-10.258,0.0
2024-02-17 02:00:00+00:00,-4.31,5.186,-6.298,7.496,-9.104,0.0
2024-02-17 03:00:00+00:00,-5.29,4.058,-5.278,5.866,-7.629,0.0
2024-02-17 04:00:00+00:00,-4.52,3.128,-4.173,4.521,-6.032,0.0
2024-02-17 05:00:00+00:00,-4.68,2.837,-3.223,4.1,-4.659,0.0
2024-02-17 06:00:00+00:00,-4.36,2.855,-3.329,4.127,-4.812,0.0
2024-02-17 07:00:00+00:00,-7.31,3.298,-3.205,4.767,-4.633,0.0
2024-02-17 08:00:00+00:00,-7.23,3.38,-2.703,4.885,-3.907,28.2
2024-02-17 09:00:00+00:00,-8.08,3.05,-1.814,4.408,-2.621,124.6
2024-02-17 10:00:00+00:00,-9.67,3.374,-0.995,4.877,-1.438,198.5
2024-02-17 11:00:00+00:00,-10.01,3.877,-0.225,5.604,-0.325,245.0
2024-02-17 12:00:00+00:00,-9.37,4.964,0.759,7.175,1.096,260.8
2024-02-17 13:00:00+00:00,-9.91,5.388,2.228,7.788,3.221,245.0
2024-02-17 14:00:00+00:00,-11.05,5.809,4.239,8.396,6.128,198.5
2024-02-17 15:00:00+00:00,-10.59,4.061,5.088,5.869,7.355,124.6
2024-02-17 16:00:00+00:00,-9.46,2.575,6.833,3.722,9.877,28.2
2024-02-17 17:00:00+00:00,-8.5,0.345,6.354,0.498,9.184,0.0
2024-02-17 18:00:00+00:00,-9.75,-0.863,4.245,-1.248,6.136,0.0
2024-02-17 19:00:00+00:00,-8.65,-1.498,3.263,-2.165,4.716,0.0
2024-02-17 20:00:00+00:00,-9.44,-2.427,2.97,-3.508,4.293,0.0
2024-02-17 21:00:00+00:00,-10.16,-3.213,2.49,-4.645,3.599,0.0
2024-02-17 22:00:00+00:00,-9.23,-4.254,2.073,-6.149,2.997,0.0
2024-02-17 23:00:00+00:00,-9.44,-4.373,1.445,-6.321,2.089,0.0
2024-02-18 00:00:00+00:00,-4.96,-3.568,0.586,-5.157,0.847,0.0
2024-02-18 01:00:00+00:00,-4.37,-3.05,0.04,-4.408,0.058,0.0
2024-02-18 02:00:00+00:00,-4.6,-3.378,-0.459,-4.883,-0.664,0.0
2024-02-18 03:00:00+00:00,-3.58,-3.559,-1.104,-5.145,-1.596,0.0
2024-02-18 04:00:00+00:00,-6.92,-3.351,-1.866,-4.843,-2.697,0.0
2024-02-18 05:00:00+00:00,-8.88,-2.702,-2.163,-3.906,-3.127,0.0
2024-02-18 06:00:00+00:00,-10.8,-2.315,-2.936,-3.346,-4.244,0.0
2024-02-18 07:00:00+00:00,-9.61,-1.386,-2.773,-2.003,-4.008,0.0
2024-02-18 08:00:00+00:00,-11.11,-1.034,-3.795,-1.494,-5.486,16.0
2024-02-18 09:00:00+00:00,-14.24,-0.238,-3.231,-0.343,-4.67,73.3
2024-02-18 10:00:00+00:00,-13.4,0.497,-2.678,0.719,-3.871,204.5
2024-02-18 11:00:00+00:00,-12.15,1.126,-2.552,1.628,-3.689,157.8
2024-02-18 12:00:00+00:00,-12.28,1.72,-2.301,2.486,-3.325,131.6
2024-02-18 13:00:00+00:00,-13.84,2.331,-1.908,3.369,-2.758,118.5
2024-02-18 14:00:00+00:00,-12.17,3.037,-1.475,4.39,-2.131,45.0
2024-02-18 15:00:00+00:00,-8.51,3.172,-0.869,4.585,-1.257,50.4
2024-02-18 16:00:00+00:00,-8.35,3.401,-0.17,4.915,-0.246,19.5
2024-02-18 17:00:00+00:00,-4.6,3.593,0.53,5.194,0.766,0.0
2024-02-18 18:00:00+00:00,-6.71,3.543,1.271,5.121,1.838,0.0
2024-02-18 19:00:00+00:00,-6.38,3.099,1.955,4.479,2.826,0.0
2024-02-18 20:00:00+00:00,-7.11,2.336,2.535,3.376,3.664,0.0
2024-02-18 21:00:00+00:00,-4.18,1.64,2.802,2.371,4.05,0.0
2024-02-18 22:00:00+00:00,-2.16,1.119,4.12,1.617,5.955,0.0
2024-02-18 23:00:00+00:00,-1.53,0.375,4.928,0.542,7.123,0.0
2024-02-19 00:00:00+00:00,-1.49,-0.682,5.562,-0.985,8.04,0.0
2024-02-19 01:00:00+00:00,-1.37,-1.635,5.975,-2.363,8.637,0.0
2024-02-19 02:00:00+00:00,-2.47,-2.361,5.26,-3.413,7.603,0.0
2024-02-19 03:00:00+00:00,-3.6,-3.454,4.911,-4.992,7.098,0.0
2024-02-19 04:00:00+00:00,-5.13,-5.168,4.515,-7.47,6.527,0.0
2024-02-19 05:00:00+00:00,-6.01,-6.31,3.56,-9.121,5.146,0.0
2024-02-19 06:00:00+00:00,-5.3,-7.111,2.242,-10.279,3.24,0.0
2024-02-19 07:00:00+00:00,-8.49,-7.922,0.035,-11.45,0.05,0.0
2024-02-19 08:00:00+00:00,-10.38,-7.706,-2.091,-11.138,-3.022,39.8
2024-02-19 09:00:00+00:00,-10.58,-7.118,-5.076,-10.288,-7.338,119.8
2024-02-19 10:00:00+00:00,-11.33,-7.369,-9.586,-10.652,-13.856,210.5
2024-02-19 11:00:00+00:00,-13.99,-3.464,-11.445,-5.008,-16.543,257.1
2024-02-19 12:00:00+00:00,-15.67,0.007,-14.093,0.01,-20.37,273.0
2024-02-19 13:00:00+00:00,-11.5,3.718,-11.773,5.374,-17.017,257.1
2024-02-19 14:00:00+00:00,-9.17,9.354,-9.628,13.52,-13.916,210.5
2024-02-19 15:00:00+00:00,-8.98,14.091,-5.185,20.367,-7.495,136.4
2024-02-19 16:00:00+00:00,-9.16,11.37,1.388,16.435,2.006,29.8
2024-02-19 17:00:00+00:00,-7.52,13.427,8.746,19.408,12.642,0.0
2024-02-19 18:00:00+00:00,-7.44,6.089,10.256,8.802,14.825,0.0
2024-02-19 19:00:00+00:00,-4.15,1.419,11.386,2.051,16.457,0.0
2024-02-19 20:00:00+00:00,-5.52,-4.003,12.097,-5.787,17.486,0.0
2024-02-19 21:00:00+00:00,-3.35,-8.768,11.384,-12.673,16.455,0.0
2024-02-19 22:00:00+00:00,-2.55,-10.87,7.815,-15.711,11.296,0.0
2024-02-19 23:00:00+00:00,-2.39,-11.95,4.931,-17.274,7.128,0.0
2024-02-20 00:00:00+00:00,-0.34,-10.86,1.315,-15.698,1.901,0.0
2024-02-20 01:00:00+00:00,1.4,-9.978,-1.204,-14.423,-1.74,0.0
2024-02-20 02:00:00+00:00,2.24,-8.488,-2.204,-12.269,-3.186,0.0
2024-02-20 03:00:00+00:00,0.31,-6.305,-3.034,-9.113,-4.385,0.0
2024-02-20 04:00:00+00:00,-1.12,-6.397,-5.29,-9.246,-7.647,0.0
2024-02-20 05:00:00+00:00,-1.16,-5.351,-7.516,-7.734,-10.863,0.0
2024-02-20 06:00:00+00:00,0.19,-3.072,-7.768,-4.44,-11.228,0.0
2024-02-20 07:00:00+00:00,-1.72,-0.403,-6.887,-0.582,-9.955,0.0
2024-02-20 08:00:00+00:00,-4.1,1.697,-6.337,2.452,-9.16,10.7
2024-02-20 09:00:00+00:00,-5.44,3.127,-5.696,4.52,-8.233,84.8
2024-02-20 10:00:00+00:00,-6.88,4.032,-4.756,5.829,-6.874,163.9
2024-02-20 11:00:00+00:00,-8.16,4.201,-3.609,6.072,-5.216,258.2
2024-02-20 12:00:00+00:00,-7.85,5.258,-2.308,7.6,-3.336,204.6
2024-02-20 13:00:00+00:00,-6.57,5.494,-0.85,7.941,-1.229,123.5
2024-02-20 14:00:00+00:00,-9.34,5.061,0.348,7.315,0.503,91.3
2024-02-20 15:00:00+00:00,-9.61,4.282,1.37,6.189,1.98,40.0
2024-02-20 16:00:00+00:00,-9.21,4.059,2.178,5.867,3.148,20.1
2024-02-20 17:00:00+00:00,-8.54,3.528,3.122,5.1,4.513,0.0
2024-02-20 18:00:00+00:00,-10.35,3.33,5.209,4.813,7.53,0.0
2024-02-20 19:00:00+00:00,-8.73,1.008,4.779,1.457,6.908,0.0
2024-02-20 20:00:00+00:00,-7.09,-0.898,4.477,-1.298,6.471,0.0
2024-02-20 21:00:00+00:00,-5.12,-2.512,4.116,-3.631,5.95,0.0
2024-02-20 22:00:00+00:00,-2.22,-3.606,3.048,-5.212,4.405,0.0
2024-02-20 23:00:00+00:00,-2.73,-4.629,1.44,-6.692,2.082,0.0
2024-02-21 00:00:00+00:00,-0.37,-4.288,-0.741,-6.198,-1.072,0.0
2024-02-21 01:00:00+00:00,-0.65,-3.712,-2.911,-5.366,-4.207,0.0
2024-02-21 02:00:00+00:00,-3.2,-2.14,-4.284,-3.093,-6.193,0.0
2024-02-21 03:00:00+00:00,-5.15,0.023,-5.99,0.033,-8.658,0.0
2024-02-21 04:00:00+00:00,-7.74,3.112,-5.039,4.498,-7.283,0.0
2024-02-21 05:00:00+00:00,-9.56,4.525,-2.784,6.541,-4.025,0.0
2024-02-21 06:00:00+00:00,-9.65,5.458,-0.7,7.89,-1.012,0.0
2024-02-21 07:00:00+00:00,-11.87,5.005,1.122,7.235,1.621,0.0
2024-02-21 08:00:00+00:00,-11.86,4.832,2.894,6.984,4.183,18.7
2024-02-21 09:00:00+00:00,-11.44,3.171,4.054,4.583,5.86,32.7
2024-02-21 10:00:00+00:00,-12.89,1.662,5.117,2.402,7.397,49.0
2024-02-21 11:00:00+00:00,-12.78,-0.507,4.77,-0.733,6.895,59.3
2024-02-21 12:00:00+00:00,-12.58,-2.553,4.575,-3.69,6.613,62.8
2024-02-21 13:00:00+00:00,-13.88,-4.961,4.332,-7.171,6.262,59.3
2024-02-21 14:00:00+00:00,-14.18,-5.011,2.072,-7.242,2.995,49.0
2024-02-21 15:00:00+00:00,-13.23,-5.188,-0.34,-7.498,-0.491,32.7
2024-02-21 16:00:00+00:00,-14.81,-3.853,-2.448,-5.569,-3.539,11.4
2024-02-21 17:00:00+00:00,-15.04,-3.333,-4.904,-4.818,-7.089,0.0
2024-02-21 18:00:00+00:00,-14.53,-1.408,-7.469,-2.035,-10.796,0.0
2024-02-21 19:00:00+00:00,-14.14,1.873,-7.941,2.708,-11.478,0.0
2024-02-21 20:00:00+00:00,-12.42,5.406,-7.408,7.815,-10.708,0.0
2024-02-21 21:00:00+00:00,-10.02,8.795,-3.993,12.712,-5.771,0.0
2024-02-21 22:00:00+00:00,-7.54,7.874,0.304,11.382,0.44,0.0
2024-02-21 23:00:00+00:00,-8.18,8.303,3.824,12.002,5.528,0.0
2024-02-22 00:00:00+00:00,-7.11,7.86,8.892,11.361,12.853,0.0
2024-02-22 01:00:00+00:00,-5.7,4.481,13.502,6.477,19.517,0.0
2024-02-22 02:00:00+00:00,-7.51,-1.466,15.048,-2.119,21.751,0.0
2024-02-22 03:00:00+00:00,-5.69,-6.047,10.934,-8.741,15.804,0.0
2024-02-22 04:00:00+00:00,-4.41,-7.857,6.28,-11.357,9.077,0.0
2024-02-22 05:00:00+00:00,-8.5,-9.753,4.341,-14.097,6.275,0.0
2024-02-22 06:00:00+00:00,-10.35,-8.309,1.655,-12.011,2.393,0.0
2024-02-22 07:00:00+00:00,-12.01,-7.756,0.087,-11.211,0.126,0.0
2024-02-22 08:00:00+00:00,-16.25,-6.939,-1.291,-10.03,-1.866,32.5
2024-02-22 09:00:00+00:00,-16.05,-5.435,-1.701,-7.855,-2.458,129.1
2024-02-22 10:00:00+00:00,-17.79,-4.831,-2.013,-6.984,-2.91,179.7
2024-02-22 11:00:00+00:00,-16.15,-4.53,-2.334,-6.548,-3.373,249.0
2024-02-22 12:00:00+00:00,-14.51,-4.38,-2.776,-6.33,-4.013,291.7
2024-02-22 13:00:00+00:00,-14.77,-4.643,-3.204,-6.711,-4.632,275.8
2024-02-22 14:00:00+00:00,-17.37,-4.727,-4.003,-6.833,-5.786,217.4
2024-02-22 15:00:00+00:00,-16.43,-4.365,-4.54,-6.309,-6.562,84.9
2024-02-22 16:00:00+00:00,-15.88,-4.472,-5.681,-6.464,-8.212,27.4
2024-02-22 17:00:00+00:00,-14.96,-3.85,-6.514,-5.564,-9.416,0.0
2024-02-22 18:00:00+00:00,-15.51,-3.752,-7.923,-5.423,-11.453,0.0
2024-02-22 19:00:00+00:00,-13.02,-2.973,-8.62,-4.297,-12.46,0.0
2024-02-22 20:00:00+00:00,-12.83,-2.17,-9.124,-3.137,-13.189,0.0
2024-02-22 21:00:00+00:00,-11.49,-0.55,-9.035,-0.794,-13.059,0.0
2024-02-22 22:00:00+00:00,-13.88,1.473,-10.606,2.13,-15.33,0.0
2024-02-22 23:00:00+00:00,-9.72,2.994,-10.335,4.328,-14.939,0.0
2024-02-23 00:00:00+00:00,-9.37,4.615,-9.479,6.671,-13.701,0.0
2024-02-23 01:00:00+00:00,-6.73,5.176,-7.84,7.481,-11.332,0.0
2024-02-23 02:00:00+00:00,-5.39,6.649,-7.347,9.61,-10.619,0.0
2024-02-23 03:00:00+00:00,-4.97,7.538,-5.836,10.895,-8.435,0.0
2024-02-23 04:00:00+00:00,-4.57,7.289,-4.101,10.535,-5.927,0.0
2024-02-23 05:00:00+00:00,-4.95,7.738,-2.619,11.185,-3.786,0.0
2024-02-23 06:00:00+00:00,-5.89,9.164,-1.102,13.246,-1.593,0.0
2024-02-23 07:00:00+00:00,-5.12,8.256,0.47,11.933,0.68,0.0
2024-02-23 08:00:00+00:00,-4.1,7.767,2.024,11.226,2.926,54.1
2024-02-23 09:00:00+00:00,-4.37,7.418,3.475,10.722,5.024,35.4
2024-02-23 10:00:00+00:00,-5.18,7.083,5.33,10.238,7.703,166.9
2024-02-23 11:00:00+00:00,-4.35,6.504,6.709,9.401,9.697,168.8
2024-02-23 12:00:00+00:00,-5.88,6.077,7.598,8.784,10.982,135.2
2024-02-23 13:00:00+00:00,-6.39,5.134,8.929,7.421,12.906,220.7
2024-02-23 14:00:00+00:00,-5.25,3.142,9.089,4.541,13.137,150.1
2024-02-23 15:00:00+00:00,-5.86,1.85,7.069,2.674,10.218,117.1
2024-02-23 16:00:00+00:00,-4.62,1.614,6.901,2.333,9.975,49.9
2024-02-23 17:00:00+00:00,-4.58,0.931,6.793,1.345,9.818,0.0
2024-02-23 18:00:00+00:00,-4.36,-0.409,5.205,-0.591,7.524,0.0
2024-02-23 19:00:00+00:00,-6.88,-1.237,5.095,-1.789,7.364,0.0
2024-02-23 20:00:00+00:00,-5.68,-2.704,4.858,-3.908,7.022,0.0
2024-02-23 21:00:00+00:00,-6.28,-4.85,4.798,-7.01,6.935,0.0
2024-02-23 22:00:00+00:00,-7.06,-5.93,2.595,-8.572,3.751,0.0
2024-02-23 23:00:00+00:00,-10.35,-5.781,0.521,-8.356,0.753,0.0
2024-02-24 00:00:00+00:00,-10.59,-4.607,-1.012,-6.66,-1.463,0.0
2024-02-24 01:00:00+00:00,-9.86,-4.374,-2.39,-6.322,-3.454,0.0
2024-02-24 02:00:00+00:00,-14.32,-3.214,-3.508,-4.646,-5.071,0.0
2024-02-24 03:00:00+00:00,-15.86,-1.821,-4.137,-2.632,-5.98,0.0
2024-02-24 04:00:00+00:00,-16.1,-0.275,-4.895,-0.398,-7.075,0.0
2024-02-24 05:00:00+00:00,-14.81,1.881,-5.705,2.719,-8.246,0.0
2024-02-24 06:00:00+00:00,-15.31,2.855,-3.448,4.127,-4.985,0.0
2024-02-24 07:00:00+00:00,-17.23,3.827,-2.488,5.531,-3.597,0.0
2024-02-24 08:00:00+00:00,-14.64,4.383,-1.103,6.335,-1.594,44.6
2024-02-24 09:00:00+00:00,-20.09,4.687,0.31,6.774,0.447,92.9
2024-02-24 10:00:00+00:00,-16.68,3.4,1.206,4.915,1.743,223.0
2024-02-24 11:00:00+00:00,-18.0,2.545,1.999,3.679,2.89,263.6
2024-02-24 12:00:00+00:00,-15.61,2.125,3.884,3.072,5.614,228.3
2024-02-24 13:00:00+00:00,-12.99,0.501,4.189,0.725,6.056,288.4
2024-02-24 14:00:00+00:00,-15.59,-0.92,3.733,-1.329,5.396,171.7
2024-02-24 15:00:00+00:00,-17.6,-2.893,3.496,-4.181,5.053,66.5
2024-02-24 16:00:00+00:00,-18.18,-3.077,1.324,-4.448,1.914,15.3
2024-02-24 17:00:00+00:00,-20.62,-2.895,-0.305,-4.184,-0.441,0.0
2024-02-24 18:00:00+00:00,-19.05,-2.598,-1.726,-3.756,-2.495,0.0
2024-02-24 19:00:00+00:00,-15.18,-1.601,-3.022,-2.314,-4.368,0.0
2024-02-24 20:00:00+00:00,-13.46,-0.119,-3.24,-0.172,-4.684,0.0
2024-02-24 21:00:00+00:00,-12.24,1.377,-2.782,1.99,-4.022,0.0
2024-02-24 22:00:00+00:00,-12.04,2.712,-1.967,3.92,-2.843,0.0
2024-02-24 23:00:00+00:00,-12.03,3.182,-0.529,4.6,-0.764,0.0
2024-02-25 00:00:00+00:00,-10.01,3.068,0.725,4.434,1.047,0.0
2024-02-25 01:00:00+00:00,-12.31,2.741,1.792,3.962,2.59,0.0
2024-02-25 02:00:00+00:00,-7.28,1.894,2.87,2.738,4.148,0.0
2024-02-25 03:00:00+00:00,-6.3,0.82,3.273,1.186,4.731,0.0
2024-02-25 04:00:00+00:00,-7.43,-0.349,3.476,-0.504,5.025,0.0
2024-02-25 05:00:00+00:00,-7.92,-2.099,3.463,-3.035,5.006,0.0
2024-02-25 06:00:00+00:00,-7.28,-3.202,2.013,-4.628,2.909,0.0
2024-02-25 07:00:00+00:00,-7.61,-4.273,0.3,-6.177,0.434,0.0
2024-02-25 08:00:00+00:00,-6.59,-4.349,-1.999,-6.286,-2.889,30.3
2024-02-25 09:00:00+00:00,-6.13,-2.89,-3.468,-4.178,-5.013,76.6
2024-02-25 10:00:00+00:00,-4.63,-1.232,-4.279,-1.781,-6.186,125.5
2024-02-25 11:00:00+00:00,-5.91,1.126,-6.394,1.628,-9.242,187.2
2024-02-25 12:00:00+00:00,-6.33,3.664,-4.976,5.297,-7.193,152.9
2024-02-25 13:00:00+00:00,-6.11,4.696,-2.444,6.788,-3.532,82.2
2024-02-25 14:00:00+00:00,-6.94,4.19,0.091,6.057,0.131,155.4
2024-02-25 15:00:00+00:00,-5.31,4.1,1.77,5.927,2.558,139.2
2024-02-25 16:00:00+00:00,-5.23,2.883,3.46,4.167,5.001,58.8
2024-02-25 17:00:00+00:00,-5.23,1.052,5.438,1.521,7.86,0.0
2024-02-25 18:00:00+00:00,-7.68,-1.812,4.977,-2.619,7.194,0.0
2024-02-25 19:00:00+00:00,-6.15,-4.334,3.34,-6.264,4.827,0.0
2024-02-25 20:00:00+00:00,-5.9,-4.642,0.408,-6.71,0.589,0.0
2024-02-25 21:00:00+00:00,-5.02,-3.466,-1.954,-5.01,-2.825,0.0
2024-02-25 22:00:00+00:00,-1.14,-1.709,-2.939,-2.47,-4.248,0.0
2024-02-25 23:00:00+00:00,0.66,0.034,-4.291,0.049,-6.202,0.0
2024-02-26 00:00:00+00:00,1.01,2.796,-4.806,4.042,-6.947,0.0
2024-02-26 01:00:00+00:00,-0.25,5.371,-3.55,7.764,-5.131,0.0
2024-02-26 02:00:00+00:00,0.03,6.925,-0.951,10.009,-1.375,0.0
2024-02-26 03:00:00+00:00,0.15,6.342,1.972,9.168,2.851,0.0
2024-02-26 04:00:00+00:00,0.19,4.259,3.92,6.156,5.666,0.0
2024-02-26 05:00:00+00:00,-0.82,2.261,5.63,3.268,8.138,0.0
2024-02-26 06:00:00+00:00,-1.79,-0.393,4.628,-0.568,6.689,0.0
2024-02-26 07:00:00+00:00,-2.46,-2.614,3.547,-3.778,5.126,0.0
2024-02-26 08:00:00+00:00,-1.28,-3.882,1.53,-5.612,2.212,23.8
2024-02-26 09:00:00+00:00,-1.57,-3.994,-0.477,-5.773,-0.69,67.5
2024-02-26 10:00:00+00:00,-3.72,-3.257,-2.219,-4.708,-3.207,77.2
2024-02-26 11:00:00+00:00,-4.67,-2.139,-4.131,-3.092,-5.971,104.7
2024-02-26 12:00:00+00:00,-5.84,-0.648,-4.742,-0.936,-6.855,77.6
2024-02-26 13:00:00+00:00,-10.47,1.539,-5.124,2.225,-7.407,66.3
2024-02-26 14:00:00+00:00,-10.41,3.298,-3.591,4.768,-5.19,55.9
2024-02-26 15:00:00+00:00,-11.19,4.188,-1.619,6.054,-2.34,45.0
2024-02-26 16:00:00+00:00,-10.46,3.943,0.124,5.699,0.179,18.1
2024-02-26 17:00:00+00:00,-7.46,5.26,2.155,7.602,3.115,0.0
2024-02-26 18:00:00+00:00,-4.74,3.937,3.332,5.691,4.816,0.0
2024-02-26 19:00:00+00:00,-5.75,3.304,4.684,4.776,6.771,0.0
2024-02-26 20:00:00+00:00,-2.44,2.053,5.168,2.967,7.469,0.0
2024-02-26 21:00:00+00:00,-3.0,0.263,4.67,0.381,6.75,0.0
2024-02-26 22:00:00+00:00,-3.54,-1.454,4.909,-2.101,7.096,0.0
2024-02-26 23:00:00+00:00,-3.33,-3.025,4.38,-4.372,6.332,0.0
2024-02-27 00:00:00+00:00,-3.74,-4.492,3.49,-6.494,5.045,0.0
2024-02-27 01:00:00+00:00,-3.16,-4.687,1.733,-6.775,2.504,0.0
2024-02-27 02:00:00+00:00,-1.38,-5.045,-0.157,-7.292,-0.227,0.0
2024-02-27 03:00:00+00:00,-2.6,-3.702,-1.912,-5.352,-2.763,0.0
2024-02-27 04:00:00+00:00,-1.9,-2.068,-3.011,-2.99,-4.353,0.0
2024-02-27 05:00:00+00:00,-0.33,-0.374,-3.221,-0.541,-4.655,0.0
2024-02-27 06:00:00+00:00,-1.85,1.372,-3.337,1.983,-4.823,0.0
2024-02-27 07:00:00+00:00,-3.25,2.387,-1.898,3.45,-2.744,0.0
2024-02-27 08:00:00+00:00,-3.67,3.636,-0.877,5.255,-1.268,59.1
2024-02-27 09:00:00+00:00,-4.54,4.903,1.159,7.086,1.675,114.3
2024-02-27 10:00:00+00:00,-6.63,3.866,3.152,5.588,4.556,171.9
2024-02-27 11:00:00+00:00,-6.29,1.671,3.553,2.416,5.136,241.8
2024-02-27 12:00:00+00:00,-6.64,0.192,4.445,0.277,6.425,300.7
2024-02-27 13:00:00+00:00,-7.85,-1.391,4.194,-2.011,6.063,250.3
2024-02-27 14:00:00+00:00,-7.63,-2.477,2.643,-3.581,3.82,260.6
2024-02-27 15:00:00+00:00,-8.61,-2.619,1.051,-3.786,1.52,185.8
2024-02-27 16:00:00+00:00,-7.73,-1.981,-0.114,-2.863,-0.165,74.3
2024-02-27 17:00:00+00:00,-7.42,-2.399,-1.524,-3.468,-2.203,0.0
2024-02-27 18:00:00+00:00,-7.1,-1.372,-2.503,-1.984,-3.618,0.0
2024-02-27 19:00:00+00:00,-3.87,-0.175,-3.192,-0.254,-4.613,0.0
2024-02-27 20:00:00+00:00,-0.66,1.64,-3.42,2.37,-4.944,0.0
2024-02-27 21:00:00+00:00,0.57,3.582,-2.328,5.178,-3.364,0.0
2024-02-27 22:00:00+00:00,-0.92,4.619,-0.448,6.677,-0.648,0.0
2024-02-27 23:00:00+00:00,-1.08,4.678,1.533,6.762,2.216,0.0
2024-02-28 00:00:00+00:00,-1.75,3.078,3.126,4.449,4.519,0.0
2024-02-28 01:00:00+00:00,-2.06,1.886,4.444,2.726,6.424,0.0
2024-02-28 02:00:00+00:00,-4.09,0.386,5.509,0.558,7.963,0.0
2024-02-28 03:00:00+00:00,-4.07,-1.251,5.513,-1.808,7.968,0.0
2024-02-28 04:00:00+00:00,-0.32,-3.123,5.364,-4.514,7.753,0.0
2024-02-28 05:00:00+00:00,-2.26,-5.831,5.06,-8.429,7.315,0.0
2024-02-28 06:00:00+00:00,-2.19,-7.6,2.889,-10.986,4.177,0.0
2024-02-28 07:00:00+00:00,-5.05,-8.196,0.051,-11.846,0.074,0.0
2024-02-28 08:00:00+00:00,-4.25,-8.652,-2.462,-12.506,-3.558,44.7
2024-02-28 09:00:00+00:00,-4.58,-6.306,-4.091,-9.115,-5.913,42.3
2024-02-28 10:00:00+00:00,-2.98,-4.354,-4.936,-6.294,-7.135,59.6
2024-02-28 11:00:00+00:00,-7.5,-2.554,-4.884,-3.692,-7.059,138.3
2024-02-28 12:00:00+00:00,-8.79,-1.629,-5.778,-2.354,-8.352,72.6
2024-02-28 13:00:00+00:00,-7.07,-0.369,-5.959,-0.533,-8.614,69.1
2024-02-28 14:00:00+00:00,-11.02,0.604,-6.069,0.873,-8.772,58.8
2024-02-28 15:00:00+00:00,-13.06,2.04,-5.734,2.949,-8.288,42.7
2024-02-28 16:00:00+00:00,-12.4,3.583,-5.264,5.179,-7.609,20.8
2024-02-28 17:00:00+00:00,-10.2,3.501,-3.364,5.06,-4.862,0.0
2024-02-28 18:00:00+00:00,-8.2,3.689,-3.06,5.332,-4.424,0.0
2024-02-28 19:00:00+00:00,-6.89,3.826,-2.876,5.53,-4.156,0.0
2024-02-28 20:00:00+00:00,-6.82,3.984,-2.705,5.759,-3.91,0.0
2024-02-28 21:00:00+00:00,-5.88,4.227,-2.294,6.109,-3.316,0.0
2024-02-28 22:00:00+00:00,-5.54,3.732,-1.264,5.394,-1.828,0.0
2024-02-28 23:00:00+00:00,-7.57,4.556,-0.937,6.585,-1.354,0.0
2024-02-29 00:00:00+00:00,-4.19,4.698,-0.539,6.79,-0.779,0.0
2024-02-29 01:00:00+00:00,-8.3,3.87,-0.144,5.593,-0.207,0.0
2024-02-29 02:00:00+00:00,-7.49,4.746,0.696,6.861,1.007,0.0
2024-02-29 03:00:00+00:00,-6.41,6.16,1.934,8.904,2.795,0.0
2024-02-29 04:00:00+00:00,-7.12,5.023,3.094,7.261,4.472,0.0
2024-02-29 05:00:00+00:00,-5.05,4.448,3.676,6.43,5.313,0.0
2024-02-29 06:00:00+00:00,-4.25,3.702,4.351,5.351,6.289,0.0
2024-02-29 07:00:00+00:00,-6.37,3.668,5.693,5.302,8.228,0.0
2024-02-29 08:00:00+00:00,-7.61,2.846,4.941,4.114,7.142,44.0
2024-02-29 09:00:00+00:00,-7.07,2.227,5.153,3.219,7.448,43.7
2024-02-29 10:00:00+00:00,-5.98,1.466,4.732,2.119,6.84,60.2
2024-02-29 11:00:00+00:00,-5.96,1.44,6.163,2.082,8.908,86.8
2024-02-29 12:00:00+00:00,-7.61,1.052,6.109,1.521,8.831,206.8
2024-02-29 13:00:00+00:00,-11.14,0.454,7.472,0.656,10.801,293.9
2024-02-29 14:00:00+00:00,-11.38,-0.779,6.901,-1.126,9.975,203.8
2024-02-29 15:00:00+00:00,-11.64,-1.581,6.716,-2.285,9.708,43.7
2024-02-29 16:00:00+00:00,-10.06,-2.276,7.619,-3.29,11.013,39.7
2024-02-29 17:00:00+00:00,-10.05,-2.807,8.533,-4.057,12.333,0.0
2024-02-29 18:00:00+00:00,-7.87,-2.731,8.411,-3.948,12.158,0.0
2024-02-29 19:00:00+00:00,-6.03,-1.868,8.304,-2.701,12.003,0.0
2024-02-29 20:00:00+00:00,-3.96,-0.522,9.216,-0.754,13.321,0.0
2024-02-29 21:00:00+00:00,0.94,0.932,9.342,1.347,13.504,0.0
2024-02-29 22:00:00+00:00,2.57,2.093,7.524,3.026,10.876,0.0
2024-02-29 23:00:00+00:00,2.99,2.768,7.606,4.0,10.994,0.0
2024-03-01 00:00:00+00:00,2.35,3.099,6.915,4.479,9.995,0.0
2024-03-01 01:00:00+00:00,1.81,3.513,7.42,5.078,10.726,0.0
2024-03-01 02:00:00+00:00,0.92,3.818,7.237,5.519,10.461,0.0
2024-03-01 03:00:00+00:00,0.51,4.122,8.478,5.958,12.254,0.0
2024-03-01 04:00:00+00:00,-1.73,3.528,8.256,5.1,11.934,0.0
2024-03-01 05:00:00+00:00,-0.51,3.391,8.445,4.901,12.207,0.0
2024-03-01 06:00:00+00:00,-0.76,2.744,8.041,3.966,11.623,0.0
2024-03-01 07:00:00+00:00,-0.71,2.794,8.918,4.039,12.891,0.0
2024-03-01 08:00:00+00:00,-3.66,2.337,9.156,3.378,13.234,107.2
2024-03-01 09:00:00+00:00,-4.21,3.001,10.408,4.338,15.044,205.0
2024-03-01 10:00:00+00:00,-2.84,5.493,12.002,7.94,17.348,280.1
2024-03-01 11:00:00+00:00,-4.61,6.169,9.489,8.917,13.716,327.2
2024-03-01 12:00:00+00:00,-3.38,6.59,7.722,9.525,11.161,343.3
2024-03-01 13:00:00+00:00,-2.76,6.087,5.9,8.799,8.528,327.2
2024-03-01 14:00:00+00:00,-3.68,6.225,4.997,8.998,7.222,280.1
2024-03-01 15:00:00+00:00,-7.65,6.963,4.769,10.065,6.893,205.0
2024-03-01 16:00:00+00:00,-7.49,5.6,3.255,8.094,4.704,107.2
2024-03-01 17:00:00+00:00,-5.91,4.507,2.314,6.515,3.345,0.0
2024-03-01 18:00:00+00:00,-7.42,4.06,2.266,5.868,3.275,0.0
2024-03-01 19:00:00+00:00,-8.84,4.663,3.051,6.74,4.41,0.0
2024-03-01 20:00:00+00:00,-7.32,4.797,3.624,6.933,5.239,0.0
2024-03-01 21:00:00+00:00,-6.19,4.528,4.564,6.545,6.596,0.0
2024-03-01 22:00:00+00:00,-6.95,3.312,4.747,4.787,6.862,0.0
2024-03-01 23:00:00+00:00,-5.27,2.792,4.64,4.036,6.706,0.0
2024-03-02 00:00:00+00:00,-6.08,2.642,4.693,3.819,6.784,0.0
2024-03-02 01:00:00+00:00,-4.54,2.45,4.871,3.542,7.04,0.0
2024-03-02 02:00:00+00:00,-5.41,1.677,4.462,2.423,6.449,0.0
2024-03-02 03:00:00+00:00,-3.51,1.36,5.056,1.966,7.308,0.0
2024-03-02 04:00:00+00:00,-0.91,1.026,5.776,1.484,8.349,0.0
2024-03-02 05:00:00+00:00,-3.11,0.761,5.125,1.1,7.408,0.0
2024-03-02 06:00:00+00:00,-4.21,0.715,4.635,1.034,6.7,0.0
2024-03-02 07:00:00+00:00,-3.7,1.057,5.582,1.528,8.069,0.0
2024-03-02 08:00:00+00:00,-4.18,1.725,5.551,2.493,8.023,25.0
2024-03-02 09:00:00+00:00,-4.54,2.621,6.709,3.789,9.698,46.5
2024-03-02 10:00:00+00:00,-3.03,3.125,5.893,4.516,8.518,63.1
2024-03-02 11:00:00+00:00,-1.49,4.401,6.191,6.362,8.949,73.4
2024-03-02 12:00:00+00:00,-2.91,4.13,4.739,5.969,6.849,144.2
2024-03-02 13:00:00+00:00,-2.68,4.995,4.489,7.22,6.488,154.1
2024-03-02 14:00:00+00:00,-1.94,5.238,4.087,7.571,5.908,251.2
2024-03-02 15:00:00+00:00,-1.89,4.736,3.392,6.846,4.902,204.8
2024-03-02 16:00:00+00:00,-3.0,4.245,2.73,6.137,3.946,113.6
2024-03-02 17:00:00+00:00,-2.92,4.691,2.474,6.781,3.577,0.0
2024-03-02 18:00:00+00:00,-4.04,5.851,1.868,8.457,2.701,0.0
2024-03-02 19:00:00+00:00,-3.51,6.163,0.877,8.908,1.268,0.0
2024-03-02 20:00:00+00:00,-0.9,6.519,-0.282,9.423,-0.408,0.0
2024-03-02 21:00:00+00:00,0.13,6.442,-0.98,9.312,-1.417,0.0
2024-03-02 22:00:00+00:00,0.64,7.695,-1.777,11.123,-2.568,0.0
2024-03-02 23:00:00+00:00,-0.29,6.022,-2.364,8.704,-3.418,0.0
2024-03-03 00:00:00+00:00,0.18,7.139,-3.97,10.319,-5.739,0.0
2024-03-03 01:00:00+00:00,-1.46,6.636,-4.59,9.592,-6.635,0.0
2024-03-03 02:00:00+00:00,-2.09,6.643,-5.036,9.601,-7.279,0.0
2024-03-03 03:00:00+00:00,-2.37,6.36,-5.558,9.193,-8.034,0.0
2024-03-03 04:00:00+00:00,-2.47,4.314,-4.729,6.236,-6.836,0.0
2024-03-03 05:00:00+00:00,-2.69,3.7,-4.816,5.348,-6.961,0.0
2024-03-03 06:00:00+00:00,-1.18,3.285,-4.545,4.749,-6.57,0.0
2024-03-03 07:00:00+00:00,-0.2,2.779,-3.503,4.018,-5.064,4.2
2024-03-03 08:00:00+00:00,-0.07,3.193,-4.075,4.616,-5.891,85.7
2024-03-03 09:00:00+00:00,-0.02,3.285,-4.223,4.749,-6.104,175.9
2024-03-03 10:00:00+00:00,-2.57,4.22,-5.822,6.1,-8.416,289.1
2024-03-03 11:00:00+00:00,-3.33,3.56,-5.278,5.146,-7.629,294.0
2024-03-03 12:00:00+00:00,-3.01,3.606,-5.486,5.212,-7.93,273.2
2024-03-03 13:00:00+00:00,-2.23,3.68,-5.213,5.319,-7.535,290.2
2024-03-03 14:00:00+00:00,-4.35,3.183,-5.238,4.601,-7.571,189.8
2024-03-03 15:00:00+00:00,-7.26,3.342,-6.208,4.83,-8.973,198.9
2024-03-03 16:00:00+00:00,-6.84,2.5,-6.477,3.614,-9.362,120.0
2024-03-03 17:00:00+00:00,-6.73,1.888,-7.036,2.73,-10.17,6.0
2024-03-03 18:00:00+00:00,-7.65,0.335,-6.533,0.484,-9.443,0.0
2024-03-03 19:00:00+00:00,-6.78,-1.093,-6.1,-1.58,-8.817,0.0
2024-03-03 20:00:00+00:00,-7.25,-2.476,-5.795,-3.578,-8.376,0.0
2024-03-03 21:00:00+00:00,-7.24,-3.343,-4.934,-4.832,-7.132,0.0
2024-03-03 22:00:00+00:00,-7.49,-4.463,-4.573,-6.451,-6.61,0.0
2024-03-03 23:00:00+00:00,-7.17,-4.238,-3.499,-6.125,-5.057,0.0
2024-03-04 00:00:00+00:00,-6.01,-3.238,-2.228,-4.681,-3.22,0.0
2024-03-04 01:00:00+00:00,-8.09,-3.078,-1.876,-4.449,-2.712,0.0
2024-03-04 02:00:00+00:00,-6.34,-3.773,-2.012,-5.454,-2.908,0.0
2024-03-04 03:00:00+00:00,-3.45,-3.892,-2.146,-5.626,-3.102,0.0
2024-03-04 04:00:00+00:00,-5.92,-4.576,-2.352,-6.614,-3.4,0.0
2024-03-04 05:00:00+00:00,-9.56,-5.772,-2.853,-8.344,-4.124,0.0
2024-03-04 06:00:00+00:00,-6.83,-7.466,-3.491,-10.792,-5.046,0.0
2024-03-04 07:00:00+00:00,-8.71,-6.0,-2.491,-8.673,-3.6,2.7
2024-03-04 08:00:00+00:00,-7.51,-6.158,-2.802,-8.9,-4.049,27.8
2024-03-04 09:00:00+00:00,-8.15,-6.798,-4.046,-9.826,-5.848,49.4
2024-03-04 10:00:00+00:00,-12.36,-5.471,-4.684,-7.908,-6.771,65.9
2024-03-04 11:00:00+00:00,-15.89,-4.836,-6.073,-6.99,-8.778,76.3
2024-03-04 12:00:00+00:00,-14.73,-3.046,-5.482,-4.403,-7.924,79.9
2024-03-04 13:00:00+00:00,-11.72,-1.829,-5.77,-2.644,-8.341,76.3
2024-03-04 14:00:00+00:00,-13.82,-1.062,-6.45,-1.534,-9.323,65.9
2024-03-04 15:00:00+00:00,-12.83,-0.569,-7.857,-0.822,-11.357,49.4
2024-03-04 16:00:00+00:00,-13.89,-0.407,-7.853,-0.588,-11.352,27.8
2024-03-04 17:00:00+00:00,-11.37,-0.059,-8.598,-0.085,-12.428,2.7
2024-03-04 18:00:00+00:00,-8.2,0.42,-8.616,0.608,-12.454,0.0
2024-03-04 19:00:00+00:00,-9.02,1.234,-8.379,1.783,-12.112,0.0
2024-03-04 20:00:00+00:00,-10.05,3.203,-9.453,4.63,-13.663,0.0
2024-03-04 21:00:00+00:00,-10.62,4.96,-7.855,7.169,-11.354,0.0
2024-03-04 22:00:00+00:00,-10.91,6.993,-7.588,10.109,-10.968,0.0
2024-03-04 23:00:00+00:00,-11.9,9.334,-7.045,13.492,-10.183,0.0
2024-03-05 00:00:00+00:00,-10.65,11.454,-4.299,16.556,-6.214,0.0
2024-03-05 01:00:00+00:00,-10.35,9.633,-1.127,13.924,-1.629,0.0
2024-03-05 02:00:00+00:00,-10.86,7.296,0.927,10.546,1.339,0.0
2024-03-05 03:00:00+00:00,-9.22,6.792,2.684,9.818,3.88,0.0
2024-03-05 04:00:00+00:00,-8.31,6.053,4.545,8.75,6.57,0.0
2024-03-05 05:00:00+00:00,-11.39,5.638,6.969,8.149,10.073,0.0
2024-03-05 06:00:00+00:00,-12.27,2.425,5.873,3.505,8.489,0.0
2024-03-05 07:00:00+00:00,-10.18,0.843,6.308,1.218,9.117,18.7
2024-03-05 08:00:00+00:00,-6.94,-0.933,5.523,-1.348,7.983,133.0
2024-03-05 09:00:00+00:00,-8.2,-2.562,4.121,-3.703,5.956,199.6
2024-03-05 10:00:00+00:00,-9.82,-3.899,2.593,-5.636,3.747,303.7
2024-03-05 11:00:00+00:00,-11.45,-3.811,0.965,-5.509,1.395,245.1
2024-03-05 12:00:00+00:00,-10.62,-4.958,-0.536,-7.167,-0.775,342.0
2024-03-05 13:00:00+00:00,-10.18,-3.768,-1.884,-5.447,-2.724,353.7
2024-03-05 14:00:00+00:00,-12.58,-2.655,-2.608,-3.838,-3.769,306.4
2024-03-05 15:00:00+00:00,-11.53,-1.446,-3.317,-2.09,-4.794,231.1
2024-03-05 16:00:00+00:00,-13.27,0.29,-3.729,0.42,-5.389,120.7
2024-03-05 17:00:00+00:00,-12.86,1.685,-2.656,2.435,-3.839,12.4
2024-03-05 18:00:00+00:00,-11.2,2.381,-1.661,3.442,-2.401,0.0
2024-03-05 19:00:00+00:00,-12.05,2.644,-0.639,3.822,-0.923,0.0
2024-03-05 20:00:00+00:00,-10.84,3.051,0.491,4.41,0.71,0.0
2024-03-05 21:00:00+00:00,-10.45,2.257,1.663,3.263,2.403,0.0
2024-03-05 22:00:00+00:00,-12.18,1.103,2.585,1.594,3.737,0.0
2024-03-05 23:00:00+00:00,-8.16,-0.333,3.662,-0.481,5.294,0.0
2024-03-06 00:00:00+00:00,-9.91,-1.506,2.532,-2.176,3.659,0.0
2024-03-06 01:00:00+00:00,-14.0,-2.66,1.676,-3.845,2.423,0.0
2024-03-06 02:00:00+00:00,-10.63,-3.282,0.572,-4.743,0.826,0.0
2024-03-06 03:00:00+00:00,-10.43,-2.613,-0.646,-3.777,-0.933,0.0
2024-03-06 04:00:00+00:00,-10.07,-1.67,-1.535,-2.413,-2.218,0.0
2024-03-06 05:00:00+00:00,-7.18,-0.69,-2.464,-0.997,-3.562,0.0
2024-03-06 06:00:00+00:00,-5.68,0.836,-2.252,1.209,-3.256,0.0
2024-03-06 07:00:00+00:00,-6.93,2.465,-1.551,3.563,-2.242,11.7
2024-03-06 08:00:00+00:00,-8.14,2.997,0.178,4.332,0.257,73.2
2024-03-06 09:00:00+00:00,-9.38,2.379,2.073,3.438,2.997,188.7
2024-03-06 10:00:00+00:00,-12.34,0.566,3.581,0.818,5.176,178.4
2024-03-06 11:00:00+00:00,-11.8,-1.786,3.378,-2.582,4.882,98.3
2024-03-06 12:00:00+00:00,-14.55,-3.232,1.552,-4.672,2.243,82.8
2024-03-06 13:00:00+00:00,-19.35,-3.552,-1.015,-5.134,-1.467,79.3
2024-03-06 14:00:00+00:00,-20.21,-2.028,-3.095,-2.931,-4.474,132.8
2024-03-06 15:00:00+00:00,-19.35,0.728,-3.934,1.052,-5.686,109.4
2024-03-06 16:00:00+00:00,-18.72,3.229,-2.231,4.667,-3.224,105.4
2024-03-06 17:00:00+00:00,-16.44,4.2,0.61,6.071,0.881,25.1
2024-03-06 18:00:00+00:00,-15.64,3.059,4.422,4.421,6.391,0.0
2024-03-06 19:00:00+00:00,-13.74,-1.022,5.369,-1.478,7.76,0.0
2024-03-06 20:00:00+00:00,-12.27,-4.418,2.427,-6.385,3.509,0.0
2024-03-06 21:00:00+00:00,-10.63,-4.802,-2.273,-6.941,-3.286,0.0
2024-03-06 22:00:00+00:00,-9.16,-0.612,-5.333,-0.884,-7.708,0.0
2024-03-06 23:00:00+00:00,-7.94,5.059,-4.109,7.312,-5.94,0.0
2024-03-07 00:00:00+00:00,-8.25,7.095,1.518,10.256,2.194,0.0
2024-03-07 01:00:00+00:00,-7.76,3.903,8.392,5.642,12.13,0.0
2024-03-07 02:00:00+00:00,-6.49,-4.292,7.095,-6.203,10.255,0.0
2024-03-07 03:00:00+00:00,-5.73,-7.638,0.812,-11.041,1.174,0.0
2024-03-07 04:00:00+00:00,-9.69,-5.099,-5.425,-7.371,-7.841,0.0
2024-03-07 05:00:00+00:00,-9.61,1.716,-7.968,2.481,-11.517,0.0
2024-03-07 06:00:00+00:00,-10.4,9.403,-2.85,13.591,-4.12,0.0
2024-03-07 07:00:00+00:00,-9.72,8.603,7.083,12.435,10.238,6.9
2024-03-07 08:00:00+00:00,-9.19,-1.248,10.317,-1.804,14.912,32.1
2024-03-07 09:00:00+00:00,-5.92,-9.284,4.644,-13.42,6.712,53.7
2024-03-07 10:00:00+00:00,-4.43,-9.785,-5.558,-14.144,-8.033,93.3
2024-03-07 11:00:00+00:00,-4.94,-0.935,-12.49,-1.351,-18.053,313.1
2024-03-07 12:00:00+00:00,-6.66,9.97,-7.942,14.411,-11.48,319.6
2024-03-07 13:00:00+00:00,-9.55,13.564,3.743,19.606,5.41,367.0
2024-03-07 14:00:00+00:00,-12.55,5.111,15.567,7.387,22.502,319.6
2024-03-07 15:00:00+00:00,-12.23,-10.257,12.07,-14.826,17.447,148.3
2024-03-07 16:00:00+00:00,-11.24,-15.649,-2.78,-22.619,-4.019,32.1
2024-03-07 17:00:00+00:00,-11.24,-3.432,-10.786,-4.96,-15.59,14.0
2024-03-07 18:00:00+00:00,-10.44,8.157,-8.051,11.79,-11.638,0.0
2024-03-07 19:00:00+00:00,-11.53,12.311,4.886,17.795,7.062,0.0
2024-03-07 20:00:00+00:00,-12.67,0.228,11.774,0.329,17.018,0.0
2024-03-07 21:00:00+00:00,-10.56,-10.426,6.746,-15.07,9.751,0.0
2024-03-07 22:00:00+00:00,-7.99,-9.762,-4.547,-14.111,-6.572,0.0
2024-03-07 23:00:00+00:00,-7.04,-0.446,-7.283,-0.645,-10.528,0.0
2024-03-08 00:00:00+00:00,-6.72,7.026,-3.83,10.156,-5.536,0.0
2024-03-08 01:00:00+00:00,-4.1,5.73,4.412,8.282,6.377,0.0
2024-03-08 02:00:00+00:00,-6.04,-1.251,6.986,-1.809,10.098,0.0
2024-03-08 03:00:00+00:00,-5.14,-7.195,1.743,-10.401,2.52,0.0
2024-03-08 04:00:00+00:00,-4.05,-4.431,-5.432,-6.404,-7.851,0.0
2024-03-08 05:00:00+00:00,-7.52,2.207,-5.378,3.19,-7.774,0.0
2024-03-08 06:00:00+00:00,-8.75,6.374,-1.164,9.213,-1.682,0.0
2024-03-08 07:00:00+00:00,-8.5,4.356,4.846,6.296,7.004,38.0
2024-03-08 08:00:00+00:00,-10.58,-1.718,5.211,-2.484,7.532,152.5
2024-03-08 09:00:00+00:00,-10.19,-6.438,1.013,-9.305,1.464,250.8
2024-03-08 10:00:00+00:00,-10.14,-3.732,-4.893,-5.395,-7.072,326.3
2024-03-08 11:00:00+00:00,-9.14,2.801,-5.434,4.049,-7.854,373.7
2024-03-08 12:00:00+00:00,-14.1,4.842,0.14,6.999,0.202,389.9
2024-03-08 13:00:00+00:00,-12.37,1.917,4.704,2.77,6.799,373.7
2024-03-08 14:00:00+00:00,-12.03,-2.955,3.203,-4.271,4.63,326.3
2024-03-08 15:00:00+00:00,-11.18,-4.17,-1.336,-6.027,-1.932,250.8
2024-03-08 16:00:00+00:00,-10.03,-0.581,-3.853,-0.84,-5.57,152.5
2024-03-08 17:00:00+00:00,-9.79,3.053,-2.601,4.414,-3.76,38.0
2024-03-08 18:00:00+00:00,-9.14,3.776,1.125,5.459,1.626,0.0
2024-03-08 19:00:00+00:00,-10.86,1.165,3.604,1.684,5.21,0.0
2024-03-08 20:00:00+00:00,-10.75,-2.7,3.71,-3.902,5.363,0.0
2024-03-08 21:00:00+00:00,-11.49,-4.804,0.475,-6.944,0.686,0.0
2024-03-08 22:00:00+00:00,-10.97,-3.184,-2.692,-4.603,-3.891,0.0
2024-03-08 23:00:00+00:00,-8.79,-0.422,-3.95,-0.609,-5.709,0.0
2024-03-09 00:00:00+00:00,-8.14,2.502,-3.632,3.617,-5.25,0.0
2024-03-09 01:00:00+00:00,-6.18,3.692,-0.923,5.336,-1.334,0.0
2024-03-09 02:00:00+00:00,-1.33,3.273,1.756,4.73,2.538,0.0
2024-03-09 03:00:00+00:00,0.66,1.319,4.08,1.906,5.898,0.0
2024-03-09 04:00:00+00:00,0.18,-1.384,3.35,-2.0,4.842,0.0
2024-03-09 05:00:00+00:00,-3.58,-3.814,1.407,-5.513,2.033,0.0
2024-03-09 06:00:00+00:00,-5.79,-3.176,-1.442,-4.59,-2.085,0.0
2024-03-09 07:00:00+00:00,-6.46,-1.256,-3.8,-1.816,-5.492,30.1
2024-03-09 08:00:00+00:00,-4.2,1.241,-2.965,1.793,-4.286,121.3
2024-03-09 09:00:00+00:00,-6.41,2.919,-1.148,4.219,-1.659,230.2
2024-03-09 10:00:00+00:00,-6.61,2.785,1.301,4.026,1.881,332.9
2024-03-09 11:00:00+00:00,-7.33,1.076,3.784,1.555,5.469,380.4
2024-03-09 12:00:00+00:00,-5.92,-2.189,3.714,-3.164,5.368,310.2
2024-03-09 13:00:00+00:00,-5.04,-4.88,0.894,-7.053,1.293,158.0
2024-03-09 14:00:00+00:00,-5.42,-3.603,-2.3,-5.208,-3.325,141.7
2024-03-09 15:00:00+00:00,-6.43,-1.176,-4.502,-1.699,-6.507,56.6
2024-03-09 16:00:00+00:00,-6.72,2.5,-5.02,3.614,-7.255,78.4
2024-03-09 17:00:00+00:00,-4.01,6.011,-2.67,8.688,-3.86,20.5
2024-03-09 18:00:00+00:00,-4.95,7.617,2.238,11.01,3.234,0.0
2024-03-09 19:00:00+00:00,-4.96,4.188,6.422,6.053,9.283,0.0
2024-03-09 20:00:00+00:00,-4.83,-2.161,8.275,-3.124,11.96,0.0
2024-03-09 21:00:00+00:00,-6.12,-6.457,4.11,-9.334,5.941,0.0
2024-03-09 22:00:00+00:00,-4.25,-7.237,-1.486,-10.46,-2.148,0.0
2024-03-09 23:00:00+00:00,-3.92,-3.2,-4.7,-4.625,-6.793,0.0
2024-03-10 00:00:00+00:00,-3.65,1.304,-6.741,1.885,-9.743,0.0
2024-03-10 01:00:00+00:00,-1.09,5.899,-4.778,8.526,-6.907,0.0
2024-03-10 02:00:00+00:00,0.83,8.225,-0.59,11.889,-0.852,0.0
2024-03-10 03:00:00+00:00,0.92,7.554,4.644,10.919,6.713,0.0
2024-03-10 04:00:00+00:00,1.78,4.246,8.833,6.137,12.768,0.0
2024-03-10 05:00:00+00:00,1.04,-1.496,11.484,-2.162,16.6,0.0
2024-03-10 06:00:00+00:00,-1.0,-6.83,8.295,-9.873,11.99,0.0
2024-03-10 07:00:00+00:00,1.67,-12.378,3.975,-17.892,5.746,44.0
2024-03-10 08:00:00+00:00,-0.19,-9.814,-3.089,-14.185,-4.465,134.4
2024-03-10 09:00:00+00:00,-0.81,-6.488,-8.184,-9.378,-11.829,198.8
2024-03-10 10:00:00+00:00,-2.79,-0.434,-7.668,-0.628,-11.084,112.0
2024-03-10 11:00:00+00:00,-4.0,3.336,-4.801,4.822,-6.94,103.4
2024-03-10 12:00:00+00:00,-3.9,6.392,-2.486,9.24,-3.593,170.7
2024-03-10 13:00:00+00:00,-7.75,5.541,0.717,8.01,1.036,165.1
2024-03-10 14:00:00+00:00,-8.37,6.896,4.542,9.968,6.565,273.4
2024-03-10 15:00:00+00:00,-11.98,4.87,7.951,7.039,11.493,264.1
2024-03-10 16:00:00+00:00,-10.48,1.241,8.631,1.793,12.476,165.6
2024-03-10 17:00:00+00:00,-11.19,-1.783,7.069,-2.577,10.218,51.0
2024-03-10 18:00:00+00:00,-10.69,-4.233,5.469,-6.119,7.905,0.0
2024-03-10 19:00:00+00:00,-10.72,-5.235,2.826,-7.566,4.084,0.0
2024-03-10 20:00:00+00:00,-10.09,-5.848,0.825,-8.453,1.193,0.0
2024-03-10 21:00:00+00:00,-6.19,-6.947,-1.585,-10.041,-2.291,0.0
2024-03-10 22:00:00+00:00,-6.43,-4.998,-3.627,-7.224,-5.243,0.0
2024-03-10 23:00:00+00:00,-6.53,-2.399,-4.769,-3.468,-6.894,0.0
2024-03-11 00:00:00+00:00,-3.95,0.065,-5.11,0.094,-7.386,0.0
2024-03-11 01:00:00+00:00,-3.4,1.975,-4.596,2.855,-6.644,0.0
2024-03-11 02:00:00+00:00,-3.03,3.503,-3.492,5.063,-5.048,0.0
2024-03-11 03:00:00+00:00,-5.37,5.293,-1.715,7.651,-2.479,0.0
2024-03-11 04:00:00+00:00,-4.7,5.501,0.844,7.951,1.221,0.0
2024-03-11 05:00:00+00:00,-5.62,5.089,3.486,7.355,5.039,0.0
2024-03-11 06:00:00+00:00,-5.87,3.932,6.59,5.684,9.526,0.0
2024-03-11 07:00:00+00:00,-7.41,0.871,8.628,1.259,12.471,12.7
2024-03-11 08:00:00+00:00,-6.67,-3.468,7.712,-5.012,11.148,37.9
2024-03-11 09:00:00+00:00,-3.95,-7.58,5.464,-10.957,7.899,59.6
2024-03-11 10:00:00+00:00,-3.58,-11.479,0.908,-16.592,1.312,76.2
2024-03-11 11:00:00+00:00,-3.68,-8.45,-4.062,-12.214,-5.871,86.6
2024-03-11 12:00:00+00:00,-6.68,-5.987,-8.711,-8.654,-12.591,90.2
2024-03-11 13:00:00+00:00,-7.89,-0.984,-11.215,-1.422,-16.21,86.6
2024-03-11 14:00:00+00:00,-9.33,3.183,-7.311,4.6,-10.568,76.2
2024-03-11 15:00:00+00:00,-7.59,6.037,-5.142,8.726,-7.432,151.1
2024-03-11 16:00:00+00:00,-4.9,9.751,-2.558,14.094,-3.698,120.8
2024-03-11 17:00:00+00:00,-1.47,8.724,1.528,12.611,2.209,37.7
2024-03-11 18:00:00+00:00,-1.19,6.366,4.031,9.202,5.826,0.0
2024-03-11 19:00:00+00:00,-0.52,4.928,5.627,7.123,8.134,0.0
2024-03-11 20:00:00+00:00,-2.13,2.657,6.494,3.84,9.387,0.0
2024-03-11 21:00:00+00:00,-5.0,-0.359,7.099,-0.519,10.261,0.0
2024-03-11 22:00:00+00:00,-3.85,-4.038,5.646,-5.837,8.16,0.0
2024-03-11 23:00:00+00:00,-6.65,-4.491,1.937,-6.491,2.799,0.0
2024-03-12 00:00:00+00:00,-5.47,-4.612,-0.357,-6.667,-0.516,0.0
2024-03-12 01:00:00+00:00,-5.56,-3.734,-2.606,-5.398,-3.767,0.0
2024-03-12 02:00:00+00:00,-5.48,-1.59,-3.278,-2.299,-4.739,0.0
2024-03-12 03:00:00+00:00,-4.72,0.035,-3.76,0.051,-5.435,0.0
2024-03-12 04:00:00+00:00,-4.54,1.492,-3.277,2.156,-4.736,0.0
2024-03-12 05:00:00+00:00,-8.4,3.738,-3.284,5.403,-4.747,0.0
2024-03-12 06:00:00+00:00,-9.41,5.7,-1.512,8.24,-2.185,0.0
2024-03-12 07:00:00+00:00,-10.75,4.983,1.589,7.202,2.297,14.1
2024-03-12 08:00:00+00:00,-10.36,2.888,3.764,4.175,5.441,39.3
2024-03-12 09:00:00+00:00,-12.11,0.261,4.582,0.378,6.623,61.0
2024-03-12 10:00:00+00:00,-13.68,-2.264,3.738,-3.273,5.402,156.9
2024-03-12 11:00:00+00:00,-11.65,-3.672,1.714,-5.308,2.477,208.2
2024-03-12 12:00:00+00:00,-9.55,-4.049,-0.8,-5.852,-1.156,190.4
2024-03-12 13:00:00+00:00,-10.52,-2.372,-2.36,-3.429,-3.412,88.1
2024-03-12 14:00:00+00:00,-8.53,-0.724,-2.77,-1.047,-4.004,77.7
2024-03-12 15:00:00+00:00,-9.91,0.654,-2.639,0.946,-3.814,61.0
2024-03-12 16:00:00+00:00,-9.83,1.722,-1.676,2.49,-2.422,67.3
2024-03-12 17:00:00+00:00,-8.38,2.256,-0.771,3.26,-1.115,32.8
2024-03-12 18:00:00+00:00,-10.27,2.68,0.287,3.873,0.415,0.0
2024-03-12 19:00:00+00:00,-11.76,2.591,1.466,3.746,2.118,0.0
2024-03-12 20:00:00+00:00,-8.72,2.508,2.84,3.625,4.105,0.0
2024-03-12 21:00:00+00:00,-9.89,1.119,3.622,1.617,5.235,0.0
2024-03-12 22:00:00+00:00,-8.92,-0.514,3.515,-0.743,5.08,0.0
2024-03-12 23:00:00+00:00,-6.35,-2.219,2.869,-3.208,4.147,0.0
2024-03-13 00:00:00+00:00,-6.02,-3.783,1.653,-5.469,2.39,0.0
2024-03-13 01:00:00+00:00,-5.22,-4.173,-0.612,-6.032,-0.885,0.0
2024-03-13 02:00:00+00:00,-5.73,-4.02,-3.191,-5.811,-4.612,0.0
2024-03-13 03:00:00+00:00,-4.54,-2.382,-4.193,-3.442,-6.061,0.0
2024-03-13 04:00:00+00:00,-4.72,-0.81,-5.885,-1.172,-8.507,0.0
2024-03-13 05:00:00+00:00,-2.45,1.697,-5.222,2.453,-7.548,0.0
2024-03-13 06:00:00+00:00,-3.3,4.198,-4.532,6.068,-6.55,0.0
2024-03-13 07:00:00+00:00,-3.39,5.177,-2.596,7.484,-3.752,52.6
2024-03-13 08:00:00+00:00,-2.64,5.411,-0.717,7.822,-1.036,152.5
2024-03-13 09:00:00+00:00,0.12,5.017,1.218,7.251,1.76,187.5
2024-03-13 10:00:00+00:00,2.14,6.196,3.983,8.955,5.757,359.6
2024-03-13 11:00:00+00:00,2.01,3.734,5.528,5.397,7.99,407.2
2024-03-13 12:00:00+00:00,3.03,1.251,7.383,1.809,10.672,423.4
2024-03-13 13:00:00+00:00,1.08,-1.825,6.761,-2.638,9.772,407.2
2024-03-13 14:00:00+00:00,-0.55,-5.06,5.971,-7.314,8.63,359.6
2024-03-13 15:00:00+00:00,-4.32,-6.116,2.778,-8.84,4.015,284.0
2024-03-13 16:00:00+00:00,-4.58,-5.91,-0.14,-8.542,-0.203,185.4
2024-03-13 17:00:00+00:00,-4.2,-4.886,-2.46,-7.062,-3.556,70.6
2024-03-13 18:00:00+00:00,-6.32,-3.604,-4.159,-5.209,-6.011,0.0
2024-03-13 19:00:00+00:00,-5.44,-1.851,-5.25,-2.676,-7.589,0.0
2024-03-13 20:00:00+00:00,-6.08,0.025,-4.989,0.036,-7.211,0.0
2024-03-13 21:00:00+00:00,-4.64,1.756,-5.694,2.538,-8.23,0.0
2024-03-13 22:00:00+00:00,-1.86,3.081,-5.887,4.453,-8.509,0.0
2024-03-13 23:00:00+00:00,1.63,3.857,-5.234,5.575,-7.566,0.0
2024-03-14 00:00:00+00:00,3.24,5.767,-4.574,8.335,-6.611,0.0
2024-03-14 01:00:00+00:00,2.75,7.975,-3.702,11.527,-5.351,0.0
2024-03-14 02:00:00+00:00,4.63,11.258,-2.005,16.272,-2.899,0.0
2024-03-14 03:00:00+00:00,2.56,11.022,0.099,15.931,0.143,0.0
2024-03-14 04:00:00+00:00,1.95,7.929,2.261,11.461,3.269,0.0
2024-03-14 05:00:00+00:00,3.02,7.061,4.308,10.207,6.227,0.0
2024-03-14 06:00:00+00:00,1.25,5.352,5.066,7.736,7.323,0.0
2024-03-14 07:00:00+00:00,1.0,4.831,6.649,6.984,9.611,77.2
2024-03-14 08:00:00+00:00,-1.34,2.925,6.013,4.228,8.691,192.0
2024-03-14 09:00:00+00:00,-3.63,1.977,6.206,2.858,8.971,290.7
2024-03-14 10:00:00+00:00,-2.09,0.916,5.549,1.324,8.02,366.3
2024-03-14 11:00:00+00:00,-1.64,0.074,6.962,0.107,10.064,413.9
2024-03-14 12:00:00+00:00,-2.58,-1.141,7.275,-1.649,10.515,430.1
2024-03-14 13:00:00+00:00,-1.7,-2.622,7.198,-3.791,10.404,397.0
2024-03-14 14:00:00+00:00,-3.98,-3.799,6.072,-5.492,8.777,265.5
2024-03-14 15:00:00+00:00,-4.29,-5.945,5.799,-8.594,8.383,237.6
2024-03-14 16:00:00+00:00,-5.66,-5.786,2.999,-8.363,4.335,162.2
2024-03-14 17:00:00+00:00,-5.18,-7.668,2.317,-11.084,3.349,64.2
2024-03-14 18:00:00+00:00,-4.1,-7.888,1.144,-11.401,1.654,0.0
2024-03-14 19:00:00+00:00,-2.94,-9.766,-0.377,-14.116,-0.545,0.0
2024-03-14 20:00:00+00:00,-1.25,-8.63,-1.517,-12.475,-2.193,0.0
2024-03-14 21:00:00+00:00,0.02,-8.325,-3.308,-12.034,-4.782,0.0
2024-03-14 22:00:00+00:00,0.32,-8.469,-6.232,-12.242,-9.008,0.0
2024-03-14 23:00:00+00:00,2.01,-5.855,-6.99,-8.464,-10.104,0.0
2024-03-15 00:00:00+00:00,3.01,-4.753,-10.012,-6.87,-14.472,0.0
2024-03-15 01:00:00+00:00,4.95,-1.076,-8.706,-1.555,-12.584,0.0
2024-03-15 02:00:00+00:00,3.92,1.375,-8.326,1.987,-12.035,0.0
2024-03-15 03:00:00+00:00,2.73,3.685,-7.792,5.327,-11.263,0.0
2024-03-15 04:00:00+00:00,2.49,6.166,-7.257,8.912,-10.49,0.0
2024-03-15 05:00:00+00:00,4.84,5.978,-4.955,8.64,-7.162,0.0
2024-03-15 06:00:00+00:00,4.2,7.339,-3.765,10.608,-5.442,0.0
2024-03-15 07:00:00+00:00,2.92,8.66,-2.337,12.518,-3.378,51.2
2024-03-15 08:00:00+00:00,3.16,8.438,-1.379,12.196,-1.993,128.7
2024-03-15 09:00:00+00:00,5.34,6.933,-0.756,10.021,-1.093,65.4
2024-03-15 10:00:00+00:00,1.5,6.329,-0.837,9.148,-1.209,127.6
2024-03-15 11:00:00+00:00,-0.22,5.975,-1.725,8.636,-2.493,92.5
2024-03-15 12:00:00+00:00,-3.67,4.932,-1.96,7.13,-2.833,162.1
2024-03-15 13:00:00+00:00,-3.57,4.375,-2.406,6.324,-3.478,92.5
2024-03-15 14:00:00+00:00,-5.78,3.693,-2.526,5.338,-3.651,201.9
2024-03-15 15:00:00+00:00,-6.8,4.076,-3.073,5.892,-4.442,297.3
2024-03-15 16:00:00+00:00,-5.74,4.209,-3.049,6.084,-4.408,198.7
2024-03-15 17:00:00+00:00,-5.53,4.987,-2.822,7.208,-4.079,83.8
2024-03-15 18:00:00+00:00,-4.33,5.142,-2.446,7.433,-3.536,0.0
2024-03-15 19:00:00+00:00,-3.65,5.785,-2.196,8.362,-3.173,0.0
2024-03-15 20:00:00+00:00,-1.33,5.918,-1.903,8.553,-2.751,0.0
2024-03-15 21:00:00+00:00,-2.64,5.834,-1.068,8.433,-1.543,0.0
2024-03-15 22:00:00+00:00,-5.1,4.973,0.022,7.189,0.032,0.0
2024-03-15 23:00:00+00:00,-6.59,5.779,0.537,8.353,0.776,0.0
2024-03-16 00:00:00+00:00,-5.65,5.811,1.21,8.399,1.749,0.0
2024-03-16 01:00:00+00:00,-5.81,4.708,1.248,6.805,1.804,0.0
2024-03-16 02:00:00+00:00,-5.59,4.832,1.329,6.985,1.921,0.0
2024-03-16 03:00:00+00:00,-6.58,4.986,1.753,7.206,2.534,0.0
2024-03-16 04:00:00+00:00,-7.24,4.057,1.604,5.864,2.318,0.0
2024-03-16 05:00:00+00:00,-8.62,4.352,2.342,6.291,3.386,0.0
2024-03-16 06:00:00+00:00,-8.91,3.539,3.114,5.116,4.501,0.0
2024-03-16 07:00:00+00:00,-10.13,2.79,3.764,4.033,5.441,19.9
2024-03-16 08:00:00+00:00,-11.91,1.925,4.114,2.783,5.946,45.2
2024-03-16 09:00:00+00:00,-12.61,1.349,4.128,1.95,5.966,66.9
2024-03-16 10:00:00+00:00,-13.95,0.361,4.704,0.522,6.799,83.5
2024-03-16 11:00:00+00:00,-14.49,-1.332,5.712,-1.926,8.256,94.0
2024-03-16 12:00:00+00:00,-14.45,-2.858,4.676,-4.132,6.759,118.4
2024-03-16 13:00:00+00:00,-16.38,-4.47,4.573,-6.461,6.61,94.0
2024-03-16 14:00:00+00:00,-16.32,-4.223,2.446,-6.104,3.536,83.5
2024-03-16 15:00:00+00:00,-15.88,-4.338,1.066,-6.27,1.541,147.0
2024-03-16 16:00:00+00:00,-13.43,-4.893,0.01,-7.073,0.015,118.3
2024-03-16 17:00:00+00:00,-11.94,-5.44,-1.323,-7.863,-1.912,22.5
2024-03-16 18:00:00+00:00,-12.11,-4.75,-2.492,-6.866,-3.601,0.0
2024-03-16 19:00:00+00:00,-10.99,-4.04,-3.393,-5.839,-4.905,0.0
2024-03-16 20:00:00+00:00,-8.9,-3.038,-3.968,-4.392,-5.736,0.0
2024-03-16 21:00:00+00:00,-7.62,-2.302,-4.635,-3.327,-6.699,0.0
2024-03-16 22:00:00+00:00,-5.59,-1.636,-6.499,-2.364,-9.394,0.0
2024-03-16 23:00:00+00:00,-5.28,-0.083,-6.719,-0.12,-9.712,0.0
2024-03-17 00:00:00+00:00,-4.33,1.146,-5.521,1.657,-7.98,0.0
2024-03-17 01:00:00+00:00,-4.04,2.683,-5.191,3.878,-7.503,0.0
2024-03-17 02:00:00+00:00,-3.54,3.112,-3.677,4.498,-5.315,0.0
2024-03-17 03:00:00+00:00,-6.33,4.005,-2.841,5.789,-4.106,0.0
2024-03-17 04:00:00+00:00,-7.57,4.518,-1.839,6.531,-2.658,0.0
2024-03-17 05:00:00+00:00,-11.18,3.638,-0.428,5.258,-0.619,0.0
2024-03-17 06:00:00+00:00,-11.29,3.384,0.288,4.892,0.416,0.0
2024-03-17 07:00:00+00:00,-11.53,3.341,0.962,4.829,1.391,21.3
2024-03-17 08:00:00+00:00,-12.94,3.8,1.793,5.492,2.592,46.6
2024-03-17 09:00:00+00:00,-12.62,3.094,2.202,4.472,3.183,68.3
2024-03-17 10:00:00+00:00,-14.85,2.656,2.403,3.839,3.474,85.0
2024-03-17 11:00:00+00:00,-14.7,1.796,2.366,2.596,3.42,95.5
2024-03-17 12:00:00+00:00,-11.15,1.428,2.392,2.064,3.458,190.4
2024-03-17 13:00:00+00:00,-11.76,1.032,2.434,1.491,3.518,95.5
2024-03-17 14:00:00+00:00,-7.8,0.66,2.488,0.954,3.596,85.0
2024-03-17 15:00:00+00:00,-5.75,0.366,2.691,0.529,3.89,68.3
2024-03-17 16:00:00+00:00,-6.75,-0.25,3.556,-0.361,5.14,46.6
2024-03-17 17:00:00+00:00,-7.15,-0.998,3.549,-1.443,5.13,21.3
2024-03-17 18:00:00+00:00,-6.79,-1.181,2.193,-1.706,3.169,0.0
2024-03-17 19:00:00+00:00,-3.34,-1.884,2.326,-2.723,3.362,0.0
2024-03-17 20:00:00+00:00,-1.7,-2.101,1.749,-3.037,2.528,0.0
2024-03-17 21:00:00+00:00,0.31,-2.401,1.247,-3.47,1.802,0.0
2024-03-17 22:00:00+00:00,0.13,-2.725,0.504,-3.939,0.729,0.0
2024-03-17 23:00:00+00:00,2.0,-3.078,-0.37,-4.449,-0.535,0.0
2024-03-18 00:00:00+00:00,2.2,-3.439,-1.399,-4.972,-2.021,0.0
2024-03-18 01:00:00+00:00,3.23,-4.241,-2.799,-6.13,-4.046,0.0
2024-03-18 02:00:00+00:00,3.26,-3.939,-3.784,-5.693,-5.469,0.0
2024-03-18 03:00:00+00:00,-0.57,-3.702,-4.366,-5.351,-6.311,0.0
2024-03-18 04:00:00+00:00,-3.19,-3.394,-4.996,-4.906,-7.222,0.0
2024-03-18 05:00:00+00:00,-7.13,-2.981,-5.561,-4.309,-8.038,0.0
2024-03-18 06:00:00+00:00,-9.3,-1.75,-5.274,-2.529,-7.623,0.0
2024-03-18 07:00:00+00:00,-9.15,-0.522,-6.305,-0.755,-9.113,24.0
2024-03-18 08:00:00+00:00,-7.81,0.766,-6.778,1.107,-9.798,151.4
2024-03-18 09:00:00+00:00,-5.1,1.933,-4.851,2.794,-7.011,99.0
2024-03-18 10:00:00+00:00,-3.2,2.885,-4.36,4.17,-6.302,208.8
2024-03-18 11:00:00+00:00,-3.42,3.073,-2.835,4.442,-4.099,354.1
2024-03-18 12:00:00+00:00,-5.46,3.686,-2.393,5.328,-3.459,226.4
2024-03-18 13:00:00+00:00,-4.43,5.06,-2.002,7.314,-2.893,338.1
2024-03-18 14:00:00+00:00,-6.49,5.249,-0.563,7.587,-0.813,318.7
2024-03-18 15:00:00+00:00,-2.85,5.06,0.479,7.314,0.693,289.5
2024-03-18 16:00:00+00:00,-4.39,5.267,1.565,7.613,2.262,218.5
2024-03-18 17:00:00+00:00,-6.36,3.644,1.998,5.267,2.888,103.6
2024-03-18 18:00:00+00:00,-5.28,2.73,2.388,3.947,3.451,0.0
2024-03-18 19:00:00+00:00,-4.26,1.726,2.542,2.495,3.674,0.0
2024-03-18 20:00:00+00:00,-2.41,1.011,2.858,1.461,4.131,0.0
2024-03-18 21:00:00+00:00,0.26,0.322,3.142,0.466,4.541,0.0
2024-03-18 22:00:00+00:00,-1.79,-0.312,2.974,-0.451,4.299,0.0
2024-03-18 23:00:00+00:00,-1.71,-0.667,2.717,-0.964,3.927,0.0
2024-03-19 00:00:00+00:00,-3.64,-1.007,2.691,-1.455,3.89,0.0
2024-03-19 01:00:00+00:00,-2.55,-1.263,2.651,-1.825,3.832,0.0
2024-03-19 02:00:00+00:00,-2.92,-1.096,2.417,-1.584,3.494,0.0
2024-03-19 03:00:00+00:00,-3.68,-1.431,3.14,-2.069,4.538,0.0
2024-03-19 04:00:00+00:00,-3.03,-1.586,3.478,-2.292,5.028,0.0
2024-03-19 05:00:00+00:00,-1.13,-1.518,3.479,-2.195,5.029,0.0
2024-03-19 06:00:00+00:00,-4.27,-1.137,2.541,-1.643,3.672,0.0
2024-03-19 07:00:00+00:00,-6.82,-1.14,2.629,-1.647,3.8,110.2
2024-03-19 08:00:00+00:00,-5.57,-1.217,2.479,-1.759,3.584,225.1
2024-03-19 09:00:00+00:00,-5.59,-1.307,2.453,-1.889,3.546,323.9
2024-03-19 10:00:00+00:00,-4.77,-1.746,2.749,-2.523,3.974,399.6
2024-03-19 11:00:00+00:00,-6.4,-1.528,2.324,-2.209,3.36,447.2
2024-03-19 12:00:00+00:00,-7.18,-2.079,3.188,-3.004,4.608,463.5
2024-03-19 13:00:00+00:00,-6.42,-2.093,2.784,-3.026,4.024,447.2
2024-03-19 14:00:00+00:00,-7.03,-1.811,2.08,-2.618,3.006,399.6
2024-03-19 15:00:00+00:00,-7.3,-1.977,2.167,-2.858,3.132,323.9
2024-03-19 16:00:00+00:00,-6.93,-1.868,1.892,-2.7,2.735,225.1
2024-03-19 17:00:00+00:00,-4.08,-2.081,1.799,-3.009,2.601,110.2
2024-03-19 18:00:00+00:00,-4.04,-2.536,1.89,-3.666,2.732,0.0
2024-03-19 19:00:00+00:00,-2.47,-2.774,1.578,-4.009,2.281,0.0
2024-03-19 20:00:00+00:00,0.05,-3.068,1.323,-4.434,1.912,0.0
2024-03-19 21:00:00+00:00,-1.77,-3.3,1.515,-4.77,2.189,0.0
2024-03-19 22:00:00+00:00,-0.75,-2.944,1.289,-4.255,1.863,0.0
2024-03-19 23:00:00+00:00,-0.44,-3.446,1.526,-4.981,2.206,0.0
2024-03-20 00:00:00+00:00,-2.15,-3.884,1.444,-5.615,2.087,0.0
2024-03-20 01:00:00+00:00,-3.54,-3.97,1.487,-5.738,2.149,0.0
2024-03-20 02:00:00+00:00,-1.29,-3.638,1.437,-5.258,2.077,0.0
2024-03-20 03:00:00+00:00,-0.39,-3.883,2.204,-5.613,3.186,0.0
2024-03-20 04:00:00+00:00,-0.49,-3.495,2.556,-5.052,3.695,0.0
2024-03-20 05:00:00+00:00,0.72,-3.836,3.131,-5.544,4.525,0.0
2024-03-20 06:00:00+00:00,1.97,-3.309,3.419,-4.782,4.942,0.0
2024-03-20 07:00:00+00:00,-0.19,-3.976,4.868,-5.747,7.037,25.7
2024-03-20 08:00:00+00:00,1.07,-2.643,3.973,-3.82,5.743,51.0
2024-03-20 09:00:00+00:00,0.94,-3.32,5.154,-4.799,7.45,72.7
2024-03-20 10:00:00+00:00,0.12,-4.241,7.458,-6.13,10.78,89.4
2024-03-20 11:00:00+00:00,-0.71,-4.089,7.285,-5.911,10.53,99.8
2024-03-20 12:00:00+00:00,-0.82,-3.145,6.308,-4.546,9.118,138.1
2024-03-20 13:00:00+00:00,-0.73,-2.675,6.345,-3.866,9.171,137.6
2024-03-20 14:00:00+00:00,-0.46,-2.254,6.949,-3.258,10.044,366.5
2024-03-20 15:00:00+00:00,-0.62,-2.368,8.33,-3.423,12.041,326.4
2024-03-20 16:00:00+00:00,-1.37,-1.534,6.498,-2.217,9.392,182.9
2024-03-20 17:00:00+00:00,-3.13,-0.603,6.496,-0.871,9.39,63.5
2024-03-20 18:00:00+00:00,-7.38,0.317,8.774,0.458,12.682,0.0
2024-03-20 19:00:00+00:00,-8.16,2.005,10.158,2.898,14.683,0.0
2024-03-20 20:00:00+00:00,-7.64,2.261,7.379,3.269,10.666,0.0
2024-03-20 21:00:00+00:00,-7.59,4.9,9.48,7.083,13.703,0.0
2024-03-20 22:00:00+00:00,-7.47,5.703,7.596,8.244,10.98,0.0
2024-03-20 23:00:00+00:00,-4.11,6.332,6.616,9.153,9.563,0.0
2024-03-21 00:00:00+00:00,-3.15,7.926,6.963,11.456,10.065,0.0
2024-03-21 01:00:00+00:00,-2.61,7.984,6.887,11.54,9.955,0.0
2024-03-21 02:00:00+00:00,-1.95,8.608,6.711,12.442,9.701,0.0
2024-03-21 03:00:00+00:00,-3.49,7.492,4.843,10.83,7.0,0.0
2024-03-21 04:00:00+00:00,-2.98,7.975,4.393,11.527,6.349,0.0
2024-03-21 05:00:00+00:00,-4.65,7.579,2.885,10.956,4.17,0.0
2024-03-21 06:00:00+00:00,-5.39,6.577,1.589,9.507,2.297,0.0
2024-03-21 07:00:00+00:00,-5.88,7.669,1.677,11.085,2.423,117.1
2024-03-21 08:00:00+00:00,-7.76,8.135,1.932,11.758,2.793,238.3
2024-03-21 09:00:00+00:00,-5.77,9.388,1.841,13.57,2.661,337.1
2024-03-21 10:00:00+00:00,-6.6,9.484,1.593,13.709,2.303,412.8
2024-03-21 11:00:00+00:00,-2.51,9.734,0.992,14.069,1.434,382.0
2024-03-21 12:00:00+00:00,-1.13,9.133,0.668,13.202,0.965,476.7
2024-03-21 13:00:00+00:00,-1.4,9.537,0.422,13.785,0.61,460.4
2024-03-21 14:00:00+00:00,-4.89,7.851,-0.075,11.348,-0.108,412.8
2024-03-21 15:00:00+00:00,-7.05,7.054,-0.684,10.196,-0.989,337.1
2024-03-21 16:00:00+00:00,-6.48,7.788,-1.302,11.256,-1.882,238.3
2024-03-21 17:00:00+00:00,-6.43,5.813,-1.325,8.403,-1.915,123.4
2024-03-21 18:00:00+00:00,-2.6,6.131,-1.668,8.862,-2.411,0.0
2024-03-21 19:00:00+00:00,-0.81,5.737,-2.103,8.292,-3.04,0.0
2024-03-21 20:00:00+00:00,1.69,5.083,-2.713,7.347,-3.921,0.0
2024-03-21 21:00:00+00:00,1.34,5.213,-3.747,7.535,-5.416,0.0
2024-03-21 22:00:00+00:00,-3.22,4.786,-4.568,6.918,-6.603,0.0
2024-03-21 23:00:00+00:00,-2.96,4.227,-6.664,6.11,-9.632,0.0
2024-03-22 00:00:00+00:00,-0.25,1.894,-7.681,2.737,-11.102,0.0
2024-03-22 01:00:00+00:00,2.18,-0.44,-8.865,-0.635,-12.814,0.0
2024-03-22 02:00:00+00:00,1.68,-3.194,-7.738,-4.617,-11.185,0.0
2024-03-22 03:00:00+00:00,1.21,-6.441,-6.975,-9.31,-10.081,0.0
2024-03-22 04:00:00+00:00,-0.72,-7.282,-3.811,-10.525,-5.508,0.0
2024-03-22 05:00:00+00:00,-1.55,-11.243,-1.623,-16.251,-2.346,0.0
2024-03-22 06:00:00+00:00,-1.55,-11.098,2.677,-16.041,3.869,1.7
2024-03-22 07:00:00+00:00,-0.33,-8.67,5.71,-12.533,8.254,28.6
2024-03-22 08:00:00+00:00,1.71,-5.818,7.061,-8.41,10.206,53.9
2024-03-22 09:00:00+00:00,1.18,-2.299,5.932,-3.323,8.574,75.6
2024-03-22 10:00:00+00:00,0.39,-0.389,6.452,-0.563,9.325,92.3
2024-03-22 11:00:00+00:00,-0.57,1.175,5.1,1.698,7.371,102.7
2024-03-22 12:00:00+00:00,-4.6,3.327,5.159,4.809,7.457,106.3
2024-03-22 13:00:00+00:00,-7.11,5.05,3.594,7.299,5.195,102.7
2024-03-22 14:00:00+00:00,-5.89,7.54,1.767,10.898,2.554,147.2
2024-03-22 15:00:00+00:00,-6.14,7.044,-1.063,10.182,-1.537,75.6
2024-03-22 16:00:00+00:00,-6.47,6.155,-3.761,8.897,-5.436,53.9
2024-03-22 17:00:00+00:00,-4.62,4.01,-6.632,5.796,-9.587,70.7
2024-03-22 18:00:00+00:00,-5.44,0.15,-7.636,0.217,-11.038,5.7
2024-03-22 19:00:00+00:00,-6.07,-4.166,-6.57,-6.021,-9.496,0.0
2024-03-22 20:00:00+00:00,-4.8,-8.178,-3.224,-11.821,-4.661,0.0
2024-03-22 21:00:00+00:00,-4.16,-9.768,2.823,-14.12,4.08,0.0
2024-03-22 22:00:00+00:00,-4.86,-6.698,9.014,-9.682,13.029,0.0
2024-03-22 23:00:00+00:00,-4.91,0.485,10.931,0.701,15.8,0.0
2024-03-23 00:00:00+00:00,-1.37,7.8,8.429,11.274,12.183,0.0
2024-03-23 01:00:00+00:00,-0.69,11.298,1.859,16.33,2.688,0.0
2024-03-23 02:00:00+00:00,-0.51,9.664,-4.417,13.968,-6.384,0.0
2024-03-23 03:00:00+00:00,-4.15,4.786,-8.105,6.918,-11.715,0.0
2024-03-23 04:00:00+00:00,-3.78,-0.686,-10.37,-0.992,-14.989,0.0
2024-03-23 05:00:00+00:00,-2.84,-8.914,-10.72,-12.885,-15.495,0.0
2024-03-23 06:00:00+00:00,-1.0,-9.904,-3.11,-14.316,-4.496,13.2
2024-03-23 07:00:00+00:00,0.5,-10.408,2.468,-15.044,3.568,136.5
2024-03-23 08:00:00+00:00,0.17,-7.024,6.751,-10.152,9.758,251.5
2024-03-23 09:00:00+00:00,0.99,-2.136,8.052,-3.087,11.639,350.2
2024-03-23 10:00:00+00:00,-0.97,1.772,6.973,2.561,10.08,301.9
2024-03-23 11:00:00+00:00,2.21,3.98,4.646,5.753,6.715,286.6
2024-03-23 12:00:00+00:00,-0.62,6.301,2.771,9.107,4.005,184.1
2024-03-23 13:00:00+00:00,-0.57,5.744,-0.39,8.303,-0.564,104.2
2024-03-23 14:00:00+00:00,0.61,6.859,-4.636,9.914,-6.701,253.8
2024-03-23 15:00:00+00:00,1.16,3.563,-7.635,5.15,-11.036,216.7
2024-03-23 16:00:00+00:00,-1.13,-1.405,-10.515,-2.03,-15.199,104.0
2024-03-23 17:00:00+00:00,1.01,-6.87,-8.046,-9.93,-11.63,40.6
2024-03-23 18:00:00+00:00,0.9,-10.833,-4.276,-15.659,-6.181,2.9
2024-03-23 19:00:00+00:00,3.27,-12.74,0.189,-18.414,0.274,0.0
2024-03-23 20:00:00+00:00,4.95,-11.426,5.272,-16.516,7.621,0.0
2024-03-23 21:00:00+00:00,4.2,-6.799,7.798,-9.827,11.271,0.0
2024-03-23 22:00:00+00:00,3.75,-2.723,9.94,-3.936,14.368,0.0
2024-03-23 23:00:00+00:00,2.68,1.434,10.846,2.073,15.677,0.0
2024-03-24 00:00:00+00:00,4.33,4.569,7.277,6.605,10.519,0.0
2024-03-24 01:00:00+00:00,3.39,8.574,5.808,12.393,8.396,0.0
2024-03-24 02:00:00+00:00,1.86,7.591,1.057,10.972,1.528,0.0
2024-03-24 03:00:00+00:00,2.61,7.572,-2.156,10.945,-3.116,0.0
2024-03-24 04:00:00+00:00,2.38,6.386,-5.222,9.231,-7.548,0.0
2024-03-24 05:00:00+00:00,4.38,2.724,-6.874,3.937,-9.936,0.0
2024-03-24 06:00:00+00:00,2.12,-0.78,-6.562,-1.127,-9.485,9.7
2024-03-24 07:00:00+00:00,-1.93,-3.672,-5.061,-5.307,-7.316,106.4
2024-03-24 08:00:00+00:00,-0.9,-5.872,-2.596,-8.488,-3.752,180.9
2024-03-24 09:00:00+00:00,-5.09,-5.529,0.991,-7.991,1.433,341.9
2024-03-24 10:00:00+00:00,-3.37,-3.481,3.495,-5.031,5.051,432.5
2024-03-24 11:00:00+00:00,-2.62,-0.965,4.456,-1.395,6.441,422.0
2024-03-24 12:00:00+00:00,-5.39,1.785,3.922,2.579,5.669,496.3
2024-03-24 13:00:00+00:00,-5.44,3.957,3.117,5.719,4.506,480.1
2024-03-24 14:00:00+00:00,-5.18,3.629,0.671,5.245,0.971,410.8
2024-03-24 15:00:00+00:00,-5.72,4.048,-1.441,5.85,-2.083,356.8
2024-03-24 16:00:00+00:00,-4.86,2.093,-2.664,3.025,-3.85,194.8
2024-03-24 17:00:00+00:00,-5.45,0.194,-3.544,0.281,-5.122,130.9
2024-03-24 18:00:00+00:00,-6.51,-2.524,-3.895,-3.648,-5.629,16.6
2024-03-24 19:00:00+00:00,-5.29,-3.499,-1.311,-5.057,-1.895,0.0
2024-03-24 20:00:00+00:00,-2.37,-3.38,0.992,-4.885,1.434,0.0
2024-03-24 21:00:00+00:00,-1.31,-2.052,2.491,-2.966,3.601,0.0
2024-03-24 22:00:00+00:00,-3.05,-0.081,3.694,-0.117,5.339,0.0
2024-03-24 23:00:00+00:00,-4.64,2.102,2.87,3.038,4.149,0.0
2024-03-25 00:00:00+00:00,-6.61,3.523,0.901,5.092,1.303,0.0
2024-03-25 01:00:00+00:00,-6.0,3.975,-1.716,5.746,-2.48,0.0
2024-03-25 02:00:00+00:00,-6.83,2.149,-4.063,3.106,-5.873,0.0
2024-03-25 03:00:00+00:00,-6.25,-0.701,-4.821,-1.013,-6.969,0.0
2024-03-25 04:00:00+00:00,-7.6,-2.858,-2.833,-4.132,-4.094,0.0
2024-03-25 05:00:00+00:00,-6.37,-4.209,-0.41,-6.084,-0.593,0.0
2024-03-25 06:00:00+00:00,-7.91,-4.308,2.511,-6.226,3.629,24.8
2024-03-25 07:00:00+00:00,-5.21,-1.582,5.034,-2.287,7.276,135.8
2024-03-25 08:00:00+00:00,-7.53,2.297,6.381,3.32,9.223,215.0
2024-03-25 09:00:00+00:00,-8.43,5.811,3.764,8.399,5.441,265.2
2024-03-25 10:00:00+00:00,-9.06,7.055,-0.878,10.198,-1.269,357.0
2024-03-25 11:00:00+00:00,-6.75,4.716,-5.444,6.817,-7.869,371.8
2024-03-25 12:00:00+00:00,-6.67,-0.137,-8.534,-0.198,-12.335,306.6
2024-03-25 13:00:00+00:00,-4.93,-5.842,-6.661,-8.444,-9.628,107.1
2024-03-25 14:00:00+00:00,-5.19,-7.449,-1.755,-10.768,-2.536,232.8
2024-03-25 15:00:00+00:00,-8.02,-7.61,2.704,-11.0,3.909,79.9
2024-03-25 16:00:00+00:00,-10.54,-3.806,4.772,-5.501,6.898,58.2
2024-03-25 17:00:00+00:00,-8.3,-0.246,6.752,-0.355,9.759,32.9
2024-03-25 18:00:00+00:00,-7.69,3.911,5.776,5.653,8.348,6.0
2024-03-25 19:00:00+00:00,-4.8,6.789,2.202,9.813,3.182,0.0
2024-03-25 20:00:00+00:00,-4.49,6.399,-2.582,9.249,-3.732,0.0
2024-03-25 21:00:00+00:00,-1.35,2.654,-5.125,3.836,-7.409,0.0
2024-03-25 22:00:00+00:00,2.35,-1.197,-5.041,-1.73,-7.287,0.0
2024-03-25 23:00:00+00:00,1.92,-4.742,-2.936,-6.855,-4.244,0.0
2024-03-26 00:00:00+00:00,0.07,-4.913,1.363,-7.102,1.97,0.0
2024-03-26 01:00:00+00:00,1.98,-2.595,4.862,-3.751,7.028,0.0
2024-03-26 02:00:00+00:00,1.41,1.658,4.547,2.397,6.572,0.0
2024-03-26 03:00:00+00:00,2.41,3.997,1.583,5.777,2.288,0.0
2024-03-26 04:00:00+00:00,4.45,4.051,-1.997,5.855,-2.886,0.0
2024-03-26 05:00:00+00:00,3.12,1.617,-4.668,2.337,-6.748,0.0
2024-03-26 06:00:00+00:00,2.97,-1.639,-4.11,-2.369,-5.94,32.9
2024-03-26 07:00:00+00:00,2.88,-4.078,-2.175,-5.895,-3.144,156.2
2024-03-26 08:00:00+00:00,2.06,-4.791,1.337,-6.925,1.933,271.1
2024-03-26 09:00:00+00:00,3.64,-3.108,5.036,-4.492,7.279,369.8
2024-03-26 10:00:00+00:00,4.9,1.02,6.11,1.475,8.832,445.5
2024-03-26 11:00:00+00:00,3.25,6.223,5.221,8.995,7.547,493.1
2024-03-26 12:00:00+00:00,3.41,6.665,0.417,9.634,0.603,509.3
2024-03-26 13:00:00+00:00,3.19,5.012,-3.351,7.244,-4.843,493.1
2024-03-26 14:00:00+00:00,1.02,1.665,-4.28,2.406,-6.187,445.5
2024-03-26 15:00:00+00:00,0.04,-0.601,-4.483,-0.868,-6.48,369.8
2024-03-26 16:00:00+00:00,1.24,-3.2,-3.965,-4.625,-5.732,271.1
2024-03-26 17:00:00+00:00,2.35,-4.662,-1.407,-6.738,-2.034,156.2
2024-03-26 18:00:00+00:00,3.47,-3.374,1.089,-4.877,1.575,32.9
2024-03-26 19:00:00+00:00,2.23,-1.784,2.699,-2.579,3.901,0.0
2024-03-26 20:00:00+00:00,2.83,0.435,3.72,0.629,5.377,0.0
2024-03-26 21:00:00+00:00,2.43,3.026,2.835,4.374,4.098,0.0
2024-03-26 22:00:00+00:00,4.88,4.146,0.056,5.992,0.082,0.0
2024-03-26 23:00:00+00:00,5.72,2.817,-2.593,4.072,-3.749,0.0
2024-03-27 00:00:00+00:00,4.18,0.387,-3.326,0.559,-4.807,0.0
2024-03-27 01:00:00+00:00,4.52,-1.647,-2.359,-2.38,-3.409,0.0
2024-03-27 02:00:00+00:00,6.09,-3.23,-0.245,-4.669,-0.354,0.0
2024-03-27 03:00:00+00:00,5.31,-2.228,2.5,-3.22,3.613,0.0
2024-03-27 04:00:00+00:00,1.77,0.743,2.532,1.074,3.659,0.0
2024-03-27 05:00:00+00:00,-0.04,3.0,0.825,4.336,1.192,0.0
2024-03-27 06:00:00+00:00,-1.02,2.212,-1.807,3.197,-2.612,8.7
2024-03-27 07:00:00+00:00,-1.74,-0.007,-3.361,-0.01,-4.858,35.8
2024-03-27 08:00:00+00:00,-4.54,-2.559,-2.023,-3.699,-2.924,61.1
2024-03-27 09:00:00+00:00,-5.24,-3.51,0.944,-5.074,1.364,82.8
2024-03-27 10:00:00+00:00,-6.18,-1.21,3.133,-1.749,4.529,99.4
2024-03-27 11:00:00+00:00,-7.87,1.776,2.998,2.567,4.334,109.9
2024-03-27 12:00:00+00:00,-6.26,3.325,0.549,4.806,0.793,113.5
2024-03-27 13:00:00+00:00,-2.51,2.859,-2.38,4.133,-3.44,109.9
2024-03-27 14:00:00+00:00,-3.04,0.386,-4.134,0.557,-5.976,99.4
2024-03-27 15:00:00+00:00,-1.31,-2.788,-3.782,-4.029,-5.466,82.8
2024-03-27 16:00:00+00:00,-0.2,-4.541,-1.108,-6.564,-1.601,61.1
2024-03-27 17:00:00+00:00,0.81,-4.445,2.035,-6.425,2.942,35.8
2024-03-27 18:00:00+00:00,0.14,-2.982,5.837,-4.311,8.436,8.7
2024-03-27 19:00:00+00:00,-0.33,2.233,7.807,3.228,11.284,0.0
2024-03-27 20:00:00+00:00,1.27,8.244,6.273,11.917,9.067,0.0
2024-03-27 21:00:00+00:00,2.09,9.089,-0.662,13.137,-0.957,0.0
2024-03-27 22:00:00+00:00,3.56,7.212,-6.244,10.424,-9.026,0.0
2024-03-27 23:00:00+00:00,4.07,1.868,-7.697,2.701,-11.125,0.0
2024-03-28 00:00:00+00:00,6.24,-3.38,-7.564,-4.886,-10.933,0.0
2024-03-28 01:00:00+00:00,3.66,-5.952,-3.687,-8.603,-5.329,0.0
2024-03-28 02:00:00+00:00,3.52,-6.861,0.721,-9.916,1.042,0.0
2024-03-28 03:00:00+00:00,5.01,-5.347,4.483,-7.729,6.48,0.0
2024-03-28 04:00:00+00:00,3.19,-1.724,7.07,-2.493,10.219,0.0
2024-03-28 05:00:00+00:00,3.09,2.702,5.798,3.905,8.381,0.0
2024-03-28 06:00:00+00:00,3.27,5.299,2.447,7.659,3.538,10.1
2024-03-28 07:00:00+00:00,-0.83,5.678,-2.031,8.207,-2.936,37.2
2024-03-28 08:00:00+00:00,-1.38,2.788,-5.501,4.03,-7.951,62.5
2024-03-28 09:00:00+00:00,3.12,-1.199,-5.926,-1.733,-8.565,84.2
2024-03-28 10:00:00+00:00,2.31,-4.565,-3.611,-6.599,-5.22,144.0
2024-03-28 11:00:00+00:00,2.04,-6.092,0.102,-8.806,0.147,111.3
2024-03-28 12:00:00+00:00,1.58,-4.097,3.274,-5.922,4.732,151.6
2024-03-28 13:00:00+00:00,0.34,-1.384,7.272,-2.0,10.511,111.3
2024-03-28 14:00:00+00:00,0.52,3.875,6.882,5.602,9.948,135.2
2024-03-28 15:00:00+00:00,1.85,6.516,2.725,9.419,3.938,274.6
2024-03-28 16:00:00+00:00,0.62,5.811,-1.814,8.4,-2.622,284.1
2024-03-28 17:00:00+00:00,1.5,2.566,-4.25,3.709,-6.143,169.2
2024-03-28 18:00:00+00:00,4.46,-0.912,-4.08,-1.318,-5.897,37.9
2024-03-28 19:00:00+00:00,7.66,-4.289,-3.15,-6.2,-4.553,0.0
2024-03-28 20:00:00+00:00,9.77,-6.515,0.261,-9.416,0.378,0.0
2024-03-28 21:00:00+00:00,9.82,-4.786,4.778,-6.918,6.906,0.0
2024-03-28 22:00:00+00:00,8.44,-0.1,5.334,-0.145,7.71,0.0
2024-03-28 23:00:00+00:00,6.92,2.994,3.137,4.327,4.534,0.0
2024-03-29 00:00:00+00:00,8.73,3.551,0.22,5.132,0.317,0.0
2024-03-29 01:00:00+00:00,13.67,2.966,-3.041,4.286,-4.396,0.0
2024-03-29 02:00:00+00:00,11.29,-0.39,-3.722,-0.564,-5.38,0.0
2024-03-29 03:00:00+00:00,11.94,-4.349,-2.436,-6.287,-3.521,0.0
2024-03-29 04:00:00+00:00,9.97,-4.042,1.81,-5.842,2.616,0.0
2024-03-29 05:00:00+00:00,8.49,-1.314,3.966,-1.899,5.732,0.0
2024-03-29 06:00:00+00:00,8.62,1.998,3.87,2.888,5.594,32.1
2024-03-29 07:00:00+00:00,7.81,4.614,1.716,6.669,2.481,172.9
2024-03-29 08:00:00+00:00,7.36,4.095,-1.478,5.919,-2.136,201.8
2024-03-29 09:00:00+00:00,7.68,2.361,-2.996,3.412,-4.331,215.0
2024-03-29 10:00:00+00:00,4.78,0.328,-4.419,0.473,-6.387,219.1
2024-03-29 11:00:00+00:00,3.27,-2.413,-3.385,-3.487,-4.892,141.6
2024-03-29 12:00:00+00:00,3.11,-3.885,-1.195,-5.615,-1.728,116.3
2024-03-29 13:00:00+00:00,1.03,-3.401,1.048,-4.916,1.515,112.7
2024-03-29 14:00:00+00:00,-3.6,-2.383,2.462,-3.445,3.559,102.2
2024-03-29 15:00:00+00:00,-0.47,-0.858,3.469,-1.24,5.015,85.6
2024-03-29 16:00:00+00:00,-0.35,0.977,3.747,1.412,5.416,153.1
2024-03-29 17:00:00+00:00,-1.36,2.227,2.876,3.218,4.157,54.1
2024-03-29 18:00:00+00:00,-1.99,2.924,1.734,4.226,2.506,20.4
2024-03-29 19:00:00+00:00,0.17,4.123,0.966,5.959,1.396,0.0
2024-03-29 20:00:00+00:00,2.37,4.436,-0.291,6.412,-0.421,0.0
2024-03-29 21:00:00+00:00,1.52,3.75,-1.108,5.421,-1.602,0.0
2024-03-29 22:00:00+00:00,1.52,3.765,-1.801,5.443,-2.603,0.0
2024-03-29 23:00:00+00:00,1.72,3.959,-2.495,5.722,-3.606,0.0
2024-03-30 00:00:00+00:00,-0.46,3.911,-2.995,5.653,-4.329,0.0
2024-03-30 01:00:00+00:00,-1.05,3.038,-3.123,4.391,-4.514,0.0
2024-03-30 02:00:00+00:00,-1.04,2.362,-3.127,3.414,-4.52,0.0
2024-03-30 03:00:00+00:00,-1.23,1.673,-2.821,2.418,-4.077,0.0
2024-03-30 04:00:00+00:00,-3.24,1.29,-2.868,1.865,-4.145,0.0
2024-03-30 05:00:00+00:00,-0.85,0.912,-3.073,1.318,-4.442,0.0
2024-03-30 06:00:00+00:00,-3.97,0.285,-2.421,0.411,-3.5,50.4
2024-03-30 07:00:00+00:00,-1.86,-0.17,-1.937,-0.246,-2.8,166.3
2024-03-30 08:00:00+00:00,-1.7,-0.566,-2.015,-0.819,-2.912,296.9
2024-03-30 09:00:00+00:00,-2.12,-0.764,-1.824,-1.105,-2.636,252.1
2024-03-30 10:00:00+00:00,-2.56,-0.967,-1.747,-1.398,-2.525,213.2
2024-03-30 11:00:00+00:00,-3.1,-1.443,-1.798,-2.086,-2.599,114.1
2024-03-30 12:00:00+00:00,-1.93,-1.742,-1.586,-2.517,-2.292,351.6
2024-03-30 13:00:00+00:00,-2.89,-1.822,-1.063,-2.633,-1.537,203.3
2024-03-30 14:00:00+00:00,-6.45,-2.414,-0.777,-3.49,-1.123,126.0
2024-03-30 15:00:00+00:00,-5.26,-3.133,-0.051,-4.529,-0.074,87.0
2024-03-30 16:00:00+00:00,-8.02,-3.284,0.706,-4.746,1.021,65.3
2024-03-30 17:00:00+00:00,-7.58,-2.944,1.467,-4.256,2.12,40.1
2024-03-30 18:00:00+00:00,-6.32,-2.368,2.294,-3.423,3.316,13.0
2024-03-30 19:00:00+00:00,-4.8,-1.202,2.286,-1.737,3.304,0.0
2024-03-30 20:00:00+00:00,-4.61,-0.536,3.171,-0.775,4.584,0.0
2024-03-30 21:00:00+00:00,-5.66,0.293,3.084,0.423,4.458,0.0
2024-03-30 22:00:00+00:00,-5.72,1.306,3.22,1.888,4.654,0.0
2024-03-30 23:00:00+00:00,-0.19,2.619,2.959,3.786,4.277,0.0
2024-03-31 00:00:00+00:00,0.61,3.437,2.125,4.968,3.072,0.0
2024-03-31 01:00:00+00:00,1.97,4.383,1.377,6.335,1.99,0.0
2024-03-31 02:00:00+00:00,1.03,3.772,0.327,5.453,0.473,0.0
2024-03-31 03:00:00+00:00,-2.16,3.982,-0.57,5.756,-0.824,0.0
2024-03-31 04:00:00+00:00,-1.51,3.544,-1.708,5.123,-2.469,0.0
2024-03-31 05:00:00+00:00,-0.29,2.427,-2.227,3.508,-3.22,0.0
2024-03-31 06:00:00+00:00,0.47,1.937,-2.889,2.8,-4.176,14.4
2024-03-31 07:00:00+00:00,0.29,0.947,-2.959,1.369,-4.277,57.7
2024-03-31 08:00:00+00:00,-0.19,-0.318,-3.024,-0.46,-4.371,66.7
2024-03-31 09:00:00+00:00,0.48,-1.574,-2.77,-2.275,-4.004,88.4
2024-03-31 10:00:00+00:00,-0.17,-2.719,-2.219,-3.93,-3.207,105.0
2024-03-31 11:00:00+00:00,-3.09,-4.872,-1.904,-7.042,-2.752,115.5
2024-03-31 12:00:00+00:00,-2.65,-4.193,-0.539,-6.061,-0.779,119.0
2024-03-31 13:00:00+00:00,-2.97,-4.712,0.512,-6.811,0.74,115.5
2024-03-31 14:00:00+00:00,-4.02,-4.604,1.412,-6.654,2.041,105.0
2024-03-31 15:00:00+00:00,-5.69,-4.187,1.987,-6.052,2.873,88.4
2024-03-31 16:00:00+00:00,-7.59,-4.258,2.737,-6.155,3.956,66.7
2024-03-31 17:00:00+00:00,-6.53,-3.866,2.803,-5.588,4.051,41.5
2024-03-31 18:00:00+00:00,-4.43,-4.384,3.269,-6.337,4.725,14.4
2024-03-31 19:00:00+00:00,-4.59,-4.868,3.76,-7.037,5.435,0.0
2024-03-31 20:00:00+00:00,-6.36,-5.166,3.9,-7.467,5.638,0.0
2024-03-31 21:00:00+00:00,-7.18,-4.7,3.037,-6.793,4.389,0.0
2024-03-31 22:00:00+00:00,-6.52,-4.247,2.126,-6.138,3.073,0.0
2024-03-31 23:00:00+00:00,-3.23,-4.926,1.772,-7.12,2.561,0.0
2024-04-01 00:00:00+00:00,-2.44,-4.984,1.261,-7.204,1.822,0.0
2024-04-01 01:00:00+00:00,-3.86,-6.293,0.92,-9.097,1.33,0.0
2024-04-01 02:00:00+00:00,-3.83,-6.21,0.705,-8.977,1.018,0.0
2024-04-01 03:00:00+00:00,-5.29,-7.344,0.537,-10.616,0.776,0.0
2024-04-01 04:00:00+00:00,-5.26,-8.169,0.516,-11.808,0.746,0.0
2024-04-01 05:00:00+00:00,-5.37,-7.243,0.414,-10.47,0.599,0.0
2024-04-01 06:00:00+00:00,-5.08,-5.613,0.78,-8.113,1.127,15.8
2024-04-01 07:00:00+00:00,-3.44,-5.018,1.536,-7.254,2.219,42.9
2024-04-01 08:00:00+00:00,-3.65,-3.588,1.691,-5.186,2.444,68.1
2024-04-01 09:00:00+00:00,-4.78,-3.656,2.493,-5.284,3.603,89.8
2024-04-01 10:00:00+00:00,-5.95,-3.056,2.816,-4.417,4.071,106.4
2024-04-01 11:00:00+00:00,-6.77,-2.721,3.241,-3.933,4.685,116.8
2024-04-01 12:00:00+00:00,-8.06,-1.968,3.693,-2.845,5.338,120.4
2024-04-01 13:00:00+00:00,-7.99,-0.797,4.648,-1.151,6.718,116.8
2024-04-01 14:00:00+00:00,-6.27,0.792,4.246,1.145,6.137,106.4
2024-04-01 15:00:00+00:00,-7.25,2.402,4.218,3.472,6.097,89.8
2024-04-01 16:00:00+00:00,-8.48,3.105,2.754,4.489,3.981,68.1
2024-04-01 17:00:00+00:00,-6.39,4.247,1.338,6.139,1.934,60.3
2024-04-01 18:00:00+00:00,-5.64,5.1,-0.588,7.372,-0.85,29.6
2024-04-01 19:00:00+00:00,-5.08,4.187,-2.653,6.052,-3.835,0.0
2024-04-01 20:00:00+00:00,-6.56,2.676,-5.144,3.867,-7.436,0.0
2024-04-01 21:00:00+00:00,-5.51,-0.256,-5.526,-0.371,-7.987,0.0
2024-04-01 22:00:00+00:00,-5.95,-3.243,-4.37,-4.688,-6.316,0.0
2024-04-01 23:00:00+00:00,-6.75,-5.728,-2.387,-8.279,-3.45,0.0
2024-04-02 00:00:00+00:00,-5.61,-6.971,0.79,-10.076,1.142,0.0
2024-04-02 01:00:00+00:00,-5.34,-5.158,4.194,-7.455,6.062,0.0
2024-04-02 02:00:00+00:00,-4.97,-1.55,4.619,-2.241,6.677,0.0
2024-04-02 03:00:00+00:00,-5.79,1.725,5.537,2.494,8.003,0.0
2024-04-02 04:00:00+00:00,-4.5,5.115,3.758,7.393,5.432,0.0
2024-04-02 05:00:00+00:00,-6.53,4.862,0.016,7.027,0.023,0.0
2024-04-02 06:00:00+00:00,-6.53,4.2,-3.157,6.071,-4.564,25.8
2024-04-02 07:00:00+00:00,-6.24,1.441,-5.005,2.083,-7.234,69.2
2024-04-02 08:00:00+00:00,-2.67,-1.957,-4.543,-2.828,-6.566,272.2
2024-04-02 09:00:00+00:00,-3.34,-4.425,-2.622,-6.395,-3.79,414.3
2024-04-02 10:00:00+00:00,-5.62,-5.888,0.429,-8.511,0.62,489.8
2024-04-02 11:00:00+00:00,-3.37,-3.696,2.834,-5.342,4.097,537.3
2024-04-02 12:00:00+00:00,-0.48,-1.755,5.354,-2.537,7.739,553.5
2024-04-02 13:00:00+00:00,-0.25,1.93,5.863,2.79,8.475,478.0
2024-04-02 14:00:00+00:00,-2.71,5.146,3.573,7.439,5.164,489.8
2024-04-02 15:00:00+00:00,-2.54,6.46,0.06,9.337,0.086,414.3
2024-04-02 16:00:00+00:00,-2.87,5.406,-3.088,7.813,-4.464,315.9
2024-04-02 17:00:00+00:00,-2.13,3.537,-5.877,5.112,-8.495,201.4
2024-04-02 18:00:00+00:00,1.37,-0.156,-6.522,-0.225,-9.427,78.4
2024-04-02 19:00:00+00:00,3.17,-3.209,-5.233,-4.638,-7.564,0.0
2024-04-02 20:00:00+00:00,2.26,-5.801,-2.893,-8.385,-4.182,0.0
2024-04-02 21:00:00+00:00,3.79,-6.059,0.572,-8.758,0.827,0.0
2024-04-02 22:00:00+00:00,5.0,-4.349,3.791,-6.287,5.48,0.0
2024-04-02 23:00:00+00:00,6.08,-1.873,7.175,-2.707,10.37,0.0
2024-04-03 00:00:00+00:00,5.49,2.319,6.165,3.352,8.911,0.0
2024-04-03 01:00:00+00:00,2.82,5.622,3.905,8.127,5.644,0.0
2024-04-03 02:00:00+00:00,0.18,5.71,-0.202,8.253,-0.292,0.0
2024-04-03 03:00:00+00:00,1.35,4.844,-4.289,7.002,-6.2,0.0
2024-04-03 04:00:00+00:00,-0.24,1.034,-6.973,1.495,-10.079,0.0
2024-04-03 05:00:00+00:00,-0.3,-3.082,-5.904,-4.455,-8.535,0.0
2024-04-03 06:00:00+00:00,-0.16,-8.349,-4.333,-12.068,-6.264,84.9
2024-04-03 07:00:00+00:00,-0.6,-10.171,0.776,-14.701,1.121,207.7
2024-04-03 08:00:00+00:00,-1.23,-9.393,6.603,-13.577,9.544,322.2
2024-04-03 09:00:00+00:00,-3.29,-4.267,10.458,-6.168,15.117,420.5
2024-04-03 10:00:00+00:00,-5.88,1.603,12.326,2.317,17.816,496.0
2024-04-03 11:00:00+00:00,-5.79,6.868,10.586,9.927,15.301,543.4
2024-04-03 12:00:00+00:00,-4.11,9.999,7.567,14.453,10.937,559.6
2024-04-03 13:00:00+00:00,-5.71,9.028,3.349,13.05,4.841,543.4
2024-04-03 14:00:00+00:00,-8.6,9.756,0.65,14.102,0.94,496.0
2024-04-03 15:00:00+00:00,-8.89,8.247,-1.705,11.92,-2.465,420.5
2024-04-03 16:00:00+00:00,-6.94,7.699,-4.678,11.128,-6.762,322.2
2024-04-03 17:00:00+00:00,-4.93,5.377,-7.814,7.773,-11.294,207.7
2024-04-03 18:00:00+00:00,-4.22,1.558,-9.082,2.252,-13.128,84.9
2024-04-03 19:00:00+00:00,-1.97,-2.612,-9.413,-3.776,-13.606,0.0
2024-04-03 20:00:00+00:00,-3.2,-6.295,-6.414,-9.099,-9.27,0.0
2024-04-03 21:00:00+00:00,-2.24,-9.56,-3.468,-13.819,-5.013,0.0
2024-04-03 22:00:00+00:00,1.75,-11.213,0.722,-16.208,1.043,0.0
2024-04-03 23:00:00+00:00,-0.29,-11.901,7.431,-17.202,10.741,0.0
2024-04-04 00:00:00+00:00,-1.21,-7.069,10.078,-10.218,14.567,0.0
2024-04-04 01:00:00+00:00,-1.26,-2.431,11.014,-3.514,15.92,0.0
2024-04-04 02:00:00+00:00,-0.68,1.475,9.788,2.131,14.148,0.0
2024-04-04 03:00:00+00:00,-0.9,5.174,8.332,7.479,12.044,0.0
2024-04-04 04:00:00+00:00,-1.25,7.396,4.275,10.691,6.179,0.0
2024-04-04 05:00:00+00:00,-2.67,10.349,-0.316,14.959,-0.457,0.0
2024-04-04 06:00:00+00:00,-5.19,5.679,-4.42,8.209,-6.389,61.3
2024-04-04 07:00:00+00:00,-4.24,2.492,-7.426,3.602,-10.734,90.1
2024-04-04 08:00:00+00:00,-4.64,-2.131,-8.248,-3.081,-11.922,201.7
2024-04-04 09:00:00+00:00,-6.12,-5.882,-5.073,-8.502,-7.332,286.7
2024-04-04 10:00:00+00:00,-4.19,-7.277,-0.756,-10.519,-1.092,260.5
2024-04-04 11:00:00+00:00,-3.03,-7.067,3.642,-10.215,5.264,526.2
2024-04-04 12:00:00+00:00,-3.79,-4.052,6.321,-5.857,9.137,405.3
2024-04-04 13:00:00+00:00,-4.52,-0.642,7.919,-0.928,11.447,423.7
2024-04-04 14:00:00+00:00,-2.5,2.27,6.161,3.281,8.905,238.0
2024-04-04 15:00:00+00:00,-1.57,5.997,5.018,8.668,7.254,426.7
2024-04-04 16:00:00+00:00,-1.6,7.781,1.789,11.247,2.585,328.5
2024-04-04 17:00:00+00:00,-0.4,8.712,-1.714,12.593,-2.478,214.0
2024-04-04 18:00:00+00:00,0.12,6.083,-4.395,8.792,-6.352,91.2
2024-04-04 19:00:00+00:00,-0.92,2.475,-4.389,3.578,-6.344,0.0
2024-04-04 20:00:00+00:00,-0.67,0.41,-5.574,0.592,-8.057,0.0
2024-04-04 21:00:00+00:00,0.16,-2.295,-5.652,-3.317,-8.17,0.0
2024-04-04 22:00:00+00:00,0.94,-4.253,-3.771,-6.148,-5.451,0.0
2024-04-04 23:00:00+00:00,1.1,-6.648,-0.731,-9.609,-1.056,0.0
2024-04-05 00:00:00+00:00,2.86,-7.472,4.24,-10.8,6.129,0.0
2024-04-05 01:00:00+00:00,3.81,-4.895,8.02,-7.076,11.592,0.0
2024-04-05 02:00:00+00:00,3.91,-0.685,7.813,-0.991,11.294,0.0
2024-04-05 03:00:00+00:00,6.42,3.029,7.173,4.378,10.369,0.0
2024-04-05 04:00:00+00:00,6.52,4.529,3.779,6.546,5.462,0.0
2024-04-05 05:00:00+00:00,5.86,5.394,1.609,7.796,2.326,0.0
2024-04-05 06:00:00+00:00,5.43,4.694,-0.551,6.785,-0.796,60.5
2024-04-05 07:00:00+00:00,6.78,5.085,-3.103,7.351,-4.485,171.5
2024-04-05 08:00:00+00:00,7.73,3.529,-4.984,5.101,-7.204,334.6
2024-04-05 09:00:00+00:00,6.79,0.581,-4.763,0.84,-6.884,432.8
2024-04-05 10:00:00+00:00,7.18,-1.421,-4.254,-2.055,-6.149,411.8
2024-04-05 11:00:00+00:00,5.41,-3.161,-3.612,-4.569,-5.221,419.0
2024-04-05 12:00:00+00:00,6.81,-3.489,-1.33,-5.043,-1.923,267.8
2024-04-05 13:00:00+00:00,4.79,-3.745,0.521,-5.413,0.753,258.8
2024-04-05 14:00:00+00:00,6.32,-2.927,2.214,-4.231,3.2,282.1
2024-04-05 15:00:00+00:00,9.29,-0.987,2.579,-1.426,3.728,104.2
2024-04-05 16:00:00+00:00,7.61,0.656,3.026,0.949,4.374,173.2
2024-04-05 17:00:00+00:00,8.87,2.388,2.227,3.451,3.219,78.6
2024-04-05 18:00:00+00:00,11.4,2.746,0.355,3.969,0.513,43.8
2024-04-05 19:00:00+00:00,10.07,2.214,-1.548,3.2,-2.238,0.0
2024-04-05 20:00:00+00:00,10.15,0.638,-2.256,0.922,-3.261,0.0
2024-04-05 21:00:00+00:00,10.65,-1.185,-2.089,-1.714,-3.019,0.0
2024-04-05 22:00:00+00:00,11.49,-2.355,-0.549,-3.404,-0.793,0.0
2024-04-05 23:00:00+00:00,9.63,-1.972,1.519,-2.85,2.195,0.0
2024-04-06 00:00:00+00:00,7.05,-0.368,3.177,-0.531,4.593,0.0
2024-04-06 01:00:00+00:00,4.47,2.196,2.68,3.174,3.873,0.0
2024-04-06 02:00:00+00:00,5.06,3.683,0.726,5.324,1.05,0.0
2024-04-06 03:00:00+00:00,1.59,3.47,-2.106,5.016,-3.044,0.0
2024-04-06 04:00:00+00:00,-1.11,1.181,-3.652,1.707,-5.279,0.0
2024-04-06 05:00:00+00:00,-3.01,-1.917,-4.169,-2.77,-6.026,0.0
2024-04-06 06:00:00+00:00,-3.47,-4.374,-1.402,-6.322,-2.027,103.9
2024-04-06 07:00:00+00:00,-4.51,-4.153,2.166,-6.003,3.13,226.5
2024-04-06 08:00:00+00:00,-4.31,-1.182,4.839,-1.709,6.995,291.4
2024-04-06 09:00:00+00:00,-6.31,2.991,4.007,4.324,5.792,438.9
2024-04-06 10:00:00+00:00,-3.37,5.168,0.392,7.47,0.567,476.1
2024-04-06 11:00:00+00:00,-1.54,3.542,-3.368,5.12,-4.868,280.0
2024-04-06 12:00:00+00:00,-3.25,-0.539,-4.754,-0.779,-6.871,377.0
2024-04-06 13:00:00+00:00,-0.49,-3.299,-1.836,-4.769,-2.654,147.8
2024-04-06 14:00:00+00:00,3.04,-3.289,1.723,-4.754,2.49,316.3
2024-04-06 15:00:00+00:00,2.54,-0.543,4.662,-0.785,6.738,288.1
2024-04-06 16:00:00+00:00,4.52,3.677,3.474,5.314,5.022,114.8
2024-04-06 17:00:00+00:00,6.17,5.206,-1.211,7.525,-1.751,49.8
2024-04-06 18:00:00+00:00,5.09,1.701,-5.831,2.458,-8.429,22.9
2024-04-06 19:00:00+00:00,5.1,-5.884,-5.897,-8.506,-8.524,0.0
2024-04-06 20:00:00+00:00,6.42,-7.51,2.444,-10.856,3.532,0.0
2024-04-06 21:00:00+00:00,4.83,-1.102,6.815,-1.593,9.851,0.0
2024-04-06 22:00:00+00:00,4.44,7.646,4.708,11.052,6.805,0.0
2024-04-06 23:00:00+00:00,3.7,6.492,-5.034,9.383,-7.276,0.0
2024-04-07 00:00:00+00:00,5.9,-2.106,-8.075,-3.044,-11.672,0.0
2024-04-07 01:00:00+00:00,3.83,-7.905,-1.079,-11.426,-1.56,0.0
2024-04-07 02:00:00+00:00,2.32,-3.29,6.26,-4.755,9.048,0.0
2024-04-07 03:00:00+00:00,-1.35,4.768,5.683,6.892,8.215,0.0
2024-04-07 04:00:00+00:00,-2.8,7.157,-2.59,10.345,-3.743,0.0
2024-04-07 05:00:00+00:00,-2.79,0.144,-6.723,0.208,-9.717,0.0
2024-04-07 06:00:00+00:00,-3.85,-7.218,-3.425,-10.433,-4.95,51.6
2024-04-07 07:00:00+00:00,-0.15,-5.473,5.136,-7.911,7.423,177.4
2024-04-07 08:00:00+00:00,3.32,2.5,8.438,3.614,12.196,346.9
2024-04-07 09:00:00+00:00,1.27,9.232,2.121,13.345,3.065,444.9
2024-04-07 10:00:00+00:00,0.17,6.598,-6.513,9.538,-9.414,520.2
2024-04-07 11:00:00+00:00,1.36,-1.51,-7.561,-2.183,-10.93,567.4
2024-04-07 12:00:00+00:00,1.87,-6.592,-3.444,-9.528,-4.978,583.6
2024-04-07 13:00:00+00:00,1.96,-5.866,2.951,-8.478,4.265,567.4
2024-04-07 14:00:00+00:00,1.82,-0.46,6.14,-0.665,8.874,520.2
2024-04-07 15:00:00+00:00,4.93,4.861,3.073,7.026,4.442,443.2
2024-04-07 16:00:00+00:00,4.74,5.657,-3.711,8.177,-5.365,156.5
2024-04-07 17:00:00+00:00,2.46,-1.151,-7.612,-1.664,-11.003,172.0
2024-04-07 18:00:00+00:00,0.02,-7.781,-1.965,-11.247,-2.841,65.9
2024-04-07 19:00:00+00:00,1.58,-5.003,6.85,-7.231,9.901,0.0
2024-04-07 20:00:00+00:00,0.87,4.461,7.788,6.448,11.257,0.0
2024-04-07 21:00:00+00:00,1.75,6.611,-0.56,9.555,-0.809,0.0
2024-04-07 22:00:00+00:00,1.71,2.484,-6.882,3.591,-9.948,0.0
2024-04-07 23:00:00+00:00,2.78,-4.412,-4.535,-6.378,-6.554,0.0
2024-04-08 00:00:00+00:00,3.69,-5.15,1.773,-7.444,2.563,0.0
2024-04-08 01:00:00+00:00,1.55,-0.832,6.139,-1.202,8.874,0.0
2024-04-08 02:00:00+00:00,2.76,4.149,2.932,5.997,4.238,0.0
2024-04-08 03:00:00+00:00,4.25,5.291,-3.003,7.648,-4.341,0.0
2024-04-08 04:00:00+00:00,8.04,-0.172,-6.948,-0.249,-10.043,0.0
2024-04-08 05:00:00+00:00,6.14,-5.294,-2.422,-7.652,-3.501,0.0
2024-04-08 06:00:00+00:00,2.71,-5.107,3.511,-7.382,5.075,101.9
2024-04-08 07:00:00+00:00,3.44,-0.042,5.994,-0.061,8.665,167.9
2024-04-08 08:00:00+00:00,4.42,3.979,3.344,5.751,4.833,247.4
2024-04-08 09:00:00+00:00,4.13,4.85,-0.87,7.01,-1.257,290.0
2024-04-08 10:00:00+00:00,3.6,2.427,-4.071,3.507,-5.884,115.7
2024-04-08 11:00:00+00:00,2.8,-0.898,-3.446,-1.298,-4.981,126.1
2024-04-08 12:00:00+00:00,1.85,-2.795,-1.783,-4.04,-2.577,129.7
2024-04-08 13:00:00+00:00,1.1,-4.595,0.646,-6.641,0.933,126.1
2024-04-08 14:00:00+00:00,2.11,-3.054,3.108,-4.414,4.492,115.7
2024-04-08 15:00:00+00:00,0.11,-0.488,3.604,-0.706,5.209,99.2
2024-04-08 16:00:00+00:00,2.67,2.082,3.743,3.009,5.41,77.6
2024-04-08 17:00:00+00:00,4.67,3.593,1.7,5.194,2.458,68.5
2024-04-08 18:00:00+00:00,5.52,4.281,-0.952,6.189,-1.376,68.4
2024-04-08 19:00:00+00:00,7.73,2.555,-2.921,3.693,-4.222,0.0
2024-04-08 20:00:00+00:00,6.39,0.478,-4.302,0.691,-6.218,0.0
2024-04-08 21:00:00+00:00,3.06,-2.468,-4.031,-3.567,-5.826,0.0
2024-04-08 22:00:00+00:00,4.41,-4.792,-1.688,-6.926,-2.44,0.0
2024-04-08 23:00:00+00:00,5.79,-5.664,1.989,-8.188,2.876,0.0
2024-04-09 00:00:00+00:00,7.36,-3.54,4.914,-5.117,7.104,0.0
2024-04-09 01:00:00+00:00,5.9,-0.3,5.852,-0.433,8.459,0.0
2024-04-09 02:00:00+00:00,4.2,2.06,3.628,2.978,5.244,0.0
2024-04-09 03:00:00+00:00,2.47,2.588,1.592,3.741,2.302,0.0
2024-04-09 04:00:00+00:00,-0.85,2.805,0.398,4.055,0.576,0.0
2024-04-09 05:00:00+00:00,-1.06,2.948,-0.835,4.261,-1.206,0.1
2024-04-09 06:00:00+00:00,-2.43,2.425,-1.603,3.505,-2.317,27.0
2024-04-09 07:00:00+00:00,-1.75,2.014,-2.469,2.911,-3.569,53.9
2024-04-09 08:00:00+00:00,0.26,1.183,-3.298,1.71,-4.767,79.0
2024-04-09 09:00:00+00:00,0.44,-0.268,-4.004,-0.387,-5.788,100.5
2024-04-09 10:00:00+00:00,0.11,-1.875,-3.302,-2.711,-4.772,117.0
2024-04-09 11:00:00+00:00,1.04,-3.14,-2.197,-4.539,-3.176,127.4
2024-04-09 12:00:00+00:00,1.43,-3.574,-0.556,-5.166,-0.804,131.0
2024-04-09 13:00:00+00:00,1.38,-3.464,1.069,-5.007,1.546,127.4
2024-04-09 14:00:00+00:00,0.84,-3.851,3.559,-5.566,5.144,117.0
2024-04-09 15:00:00+00:00,-2.01,-2.844,5.673,-4.112,8.2,100.5
2024-04-09 16:00:00+00:00,-0.24,-0.357,5.379,-0.516,7.775,172.1
2024-04-09 17:00:00+00:00,-3.09,2.09,5.137,3.021,7.425,136.2
2024-04-09 18:00:00+00:00,-2.9,3.406,3.04,4.923,4.394,62.2
2024-04-09 19:00:00+00:00,-5.28,4.428,0.813,6.4,1.174,0.1
2024-04-09 20:00:00+00:00,-2.8,4.507,-1.66,6.515,-2.399,0.0
2024-04-09 21:00:00+00:00,-3.07,2.941,-4.257,4.251,-6.153,0.0
2024-04-09 22:00:00+00:00,-0.38,0.14,-5.192,0.202,-7.504,0.0
2024-04-09 23:00:00+00:00,0.75,-2.681,-4.828,-3.875,-6.978,0.0
2024-04-10 00:00:00+00:00,1.29,-5.164,-2.564,-7.464,-3.705,0.0
2024-04-10 01:00:00+00:00,4.2,-8.696,1.565,-12.57,2.262,0.0
2024-04-10 02:00:00+00:00,4.49,-5.167,5.493,-7.469,7.939,0.0
2024-04-10 03:00:00+00:00,5.33,-1.257,10.514,-1.816,15.197,0.0
2024-04-10 04:00:00+00:00,5.71,3.964,7.035,5.73,10.169,0.0
2024-04-10 05:00:00+00:00,4.38,7.432,2.742,10.742,3.963,5.7
2024-04-10 06:00:00+00:00,2.02,6.435,-2.457,9.301,-3.551,105.2
2024-04-10 07:00:00+00:00,-1.85,4.249,-6.925,6.141,-10.01,149.7
2024-04-10 08:00:00+00:00,-2.29,-1.254,-9.638,-1.812,-13.931,193.4
2024-04-10 09:00:00+00:00,-2.61,-6.014,-6.233,-8.693,-9.009,101.8
2024-04-10 10:00:00+00:00,-2.61,-10.289,-1.374,-14.872,-1.986,153.6
2024-04-10 11:00:00+00:00,-4.69,-9.081,5.677,-13.126,8.205,128.7
2024-04-10 12:00:00+00:00,-4.36,-3.519,9.142,-5.086,13.215,132.2
2024-04-10 13:00:00+00:00,-2.48,2.693,9.141,3.893,13.213,344.4
2024-04-10 14:00:00+00:00,-3.2,6.542,4.71,9.456,6.808,449.0
2024-04-10 15:00:00+00:00,-2.95,6.078,0.055,8.785,0.08,327.3
2024-04-10 16:00:00+00:00,-1.12,4.014,-2.922,5.802,-4.223,364.9
2024-04-10 17:00:00+00:00,-1.13,1.236,-4.411,1.786,-6.376,212.3
2024-04-10 18:00:00+00:00,-1.05,-2.022,-4.962,-2.922,-7.172,93.1
2024-04-10 19:00:00+00:00,0.21,-5.655,-3.29,-8.174,-4.756,4.4
2024-04-10 20:00:00+00:00,-3.58,-8.417,0.723,-12.166,1.046,0.0
2024-04-10 21:00:00+00:00,-5.02,-6.136,4.457,-8.869,6.443,0.0
2024-04-10 22:00:00+00:00,-4.27,-4.552,8.904,-6.579,12.871,0.0
2024-04-10 23:00:00+00:00,-1.99,0.341,8.941,0.493,12.924,0.0
2024-04-11 00:00:00+00:00,-1.43,6.379,9.27,9.221,13.4,0.0
2024-04-11 01:00:00+00:00,-2.32,9.367,4.484,13.539,6.481,0.0
2024-04-11 02:00:00+00:00,-1.39,8.997,0.165,13.005,0.239,0.0
2024-04-11 03:00:00+00:00,-0.86,8.44,-3.621,12.199,-5.235,0.0
2024-04-11 04:00:00+00:00,-1.18,6.399,-6.592,9.25,-9.528,0.0
2024-04-11 05:00:00+00:00,-2.76,2.788,-6.914,4.03,-9.993,4.9
2024-04-11 06:00:00+00:00,-2.1,-0.198,-8.839,-0.286,-12.777,59.8
2024-04-11 07:00:00+00:00,-1.84,-3.126,-8.305,-4.518,-12.005,186.0
2024-04-11 08:00:00+00:00,-4.59,-5.804,-6.589,-8.389,-9.524,278.8
2024-04-11 09:00:00+00:00,-4.44,-7.453,-3.655,-10.772,-5.283,355.8
2024-04-11 10:00:00+00:00,-5.96,-8.338,0.124,-12.052,0.18,369.8
2024-04-11 11:00:00+00:00,-6.0,-7.467,4.026,-10.794,5.819,509.0
2024-04-11 12:00:00+00:00,-8.22,-6.726,11.573,-9.723,16.728,442.0
2024-04-11 13:00:00+00:00,-6.46,0.069,13.675,0.1,19.766,307.7
2024-04-11 14:00:00+00:00,-4.69,4.534,7.985,6.554,11.542,526.3
2024-04-11 15:00:00+00:00,-4.74,8.574,4.936,12.394,7.135,451.0
2024-04-11 16:00:00+00:00,-6.11,7.346,-0.098,10.618,-0.142,266.7
2024-04-11 17:00:00+00:00,-7.36,6.781,-4.256,9.801,-6.151,190.8
2024-04-11 18:00:00+00:00,-6.96,3.308,-6.241,4.782,-9.02,135.0
2024-04-11 19:00:00+00:00,-4.35,-0.688,-8.468,-0.994,-12.24,11.2
2024-04-11 20:00:00+00:00,-5.67,-5.58,-6.372,-8.065,-9.211,0.0
2024-04-11 21:00:00+00:00,-3.22,-7.47,-1.612,-10.798,-2.33,0.0
2024-04-11 22:00:00+00:00,0.95,-7.18,2.465,-10.378,3.563,0.0
2024-04-11 23:00:00+00:00,1.93,-5.118,5.511,-7.398,7.966,0.0
2024-04-12 00:00:00+00:00,2.89,-1.933,5.686,-2.794,8.219,0.0
2024-04-12 01:00:00+00:00,6.57,0.806,5.313,1.166,7.68,0.0
2024-04-12 02:00:00+00:00,6.85,3.078,4.334,4.449,6.264,0.0
2024-04-12 03:00:00+00:00,5.37,5.812,3.024,8.4,4.371,0.0
2024-04-12 04:00:00+00:00,4.76,6.096,0.371,8.811,0.536,0.0
2024-04-12 05:00:00+00:00,3.55,5.556,-1.783,8.031,-2.578,15.3
2024-04-12 06:00:00+00:00,3.49,4.481,-3.245,6.477,-4.691,78.3
2024-04-12 07:00:00+00:00,0.93,3.306,-5.55,4.778,-8.022,143.4
2024-04-12 08:00:00+00:00,2.04,0.66,-5.824,0.954,-8.418,179.6
2024-04-12 09:00:00+00:00,0.57,-1.138,-5.121,-1.645,-7.401,258.4
2024-04-12 10:00:00+00:00,0.49,-3.087,-4.924,-4.462,-7.118,348.4
2024-04-12 11:00:00+00:00,-0.47,-4.981,-4.615,-7.2,-6.671,284.5
2024-04-12 12:00:00+00:00,-1.74,-5.385,-2.259,-7.784,-3.265,292.7
2024-04-12 13:00:00+00:00,-0.97,-6.963,-0.33,-10.065,-0.477,320.0
2024-04-12 14:00:00+00:00,0.67,-5.171,1.361,-7.475,1.967,219.0
2024-04-12 15:00:00+00:00,1.26,-4.361,3.297,-6.303,4.766,291.3
2024-04-12 16:00:00+00:00,1.62,-2.962,5.418,-4.282,7.831,193.3
2024-04-12 17:00:00+00:00,1.71,-0.265,6.016,-0.383,8.696,144.6
2024-04-12 18:00:00+00:00,2.04,3.325,6.374,4.807,9.213,77.9
2024-04-12 19:00:00+00:00,5.13,5.056,3.194,7.309,4.617,6.5
2024-04-12 20:00:00+00:00,4.87,5.347,0.634,7.729,0.917,0.0
2024-04-12 21:00:00+00:00,3.4,4.991,-1.582,7.214,-2.287,0.0
2024-04-12 22:00:00+00:00,3.41,4.929,-4.182,7.124,-6.044,0.0
2024-04-12 23:00:00+00:00,3.14,2.569,-5.79,3.713,-8.37,0.0
2024-04-13 00:00:00+00:00,4.49,0.209,-5.57,0.303,-8.051,0.0
2024-04-13 01:00:00+00:00,8.05,-1.862,-6.658,-2.692,-9.623,0.0
2024-04-13 02:00:00+00:00,10.28,-4.474,-5.957,-6.467,-8.61,0.0
2024-04-13 03:00:00+00:00,9.34,-4.926,-2.724,-7.12,-3.938,0.0
2024-04-13 04:00:00+00:00,9.03,-5.027,-0.83,-7.266,-1.199,0.0
2024-04-13 05:00:00+00:00,8.27,-5.153,0.976,-7.448,1.41,22.1
2024-04-13 06:00:00+00:00,9.33,-4.016,2.614,-5.804,3.779,133.8
2024-04-13 07:00:00+00:00,9.34,-2.173,3.186,-3.141,4.606,268.9
2024-04-13 08:00:00+00:00,8.92,-1.108,4.719,-1.602,6.821,367.6
2024-04-13 09:00:00+00:00,9.46,0.475,5.011,0.687,7.244,479.9
2024-04-13 10:00:00+00:00,8.13,2.215,5.391,3.202,7.792,554.8
2024-04-13 11:00:00+00:00,5.86,3.801,4.334,5.495,6.264,601.8
2024-04-13 12:00:00+00:00,5.98,6.444,3.802,9.314,5.495,617.8
2024-04-13 13:00:00+00:00,6.87,6.282,1.147,9.08,1.657,601.8
2024-04-13 14:00:00+00:00,10.15,5.208,-0.63,7.528,-0.911,554.8
2024-04-13 15:00:00+00:00,7.27,5.417,-2.324,7.83,-3.359,479.9
2024-04-13 16:00:00+00:00,4.61,6.305,-4.892,9.114,-7.071,379.2
2024-04-13 17:00:00+00:00,1.15,5.181,-6.335,7.488,-9.157,157.6
2024-04-13 18:00:00+00:00,2.66,2.964,-6.642,4.285,-9.601,32.4
2024-04-13 19:00:00+00:00,-1.08,0.637,-6.867,0.92,-9.927,10.6
2024-04-13 20:00:00+00:00,0.19,-1.692,-6.992,-2.446,-10.106,0.0
2024-04-13 21:00:00+00:00,2.2,-2.946,-5.057,-4.258,-7.309,0.0
2024-04-13 22:00:00+00:00,0.48,-4.589,-3.771,-6.634,-5.451,0.0
2024-04-13 23:00:00+00:00,3.01,-5.376,-1.89,-7.771,-2.732,0.0
2024-04-14 00:00:00+00:00,3.15,-4.928,0.238,-7.123,0.344,0.0
2024-04-14 01:00:00+00:00,5.11,-4.304,2.183,-6.221,3.156,0.0
2024-04-14 02:00:00+00:00,8.32,-2.334,3.459,-3.373,5.0,0.0
2024-04-14 03:00:00+00:00,9.07,-0.695,5.15,-1.005,7.445,0.0
2024-04-14 04:00:00+00:00,5.15,1.803,4.754,2.606,6.872,0.0
2024-04-14 05:00:00+00:00,4.47,4.022,3.548,5.814,5.128,14.6
2024-04-14 06:00:00+00:00,3.32,6.632,1.602,9.586,2.316,64.8
2024-04-14 07:00:00+00:00,3.85,6.407,-1.329,9.261,-1.921,167.1
2024-04-14 08:00:00+00:00,2.14,5.346,-4.532,7.727,-6.551,374.4
2024-04-14 09:00:00+00:00,3.94,2.105,-7.064,3.043,-10.21,445.1
2024-04-14 10:00:00+00:00,2.61,-2.58,-7.122,-3.729,-10.295,560.3
2024-04-14 11:00:00+00:00,4.52,-5.872,-4.478,-8.488,-6.473,380.8
2024-04-14 12:00:00+00:00,0.95,-8.072,-1.322,-11.668,-1.911,479.2
2024-04-14 13:00:00+00:00,-0.03,-7.426,2.759,-10.734,3.988,197.0
2024-04-14 14:00:00+00:00,-0.29,-4.226,5.197,-6.108,7.512,239.5
2024-04-14 15:00:00+00:00,0.04,-1.801,6.421,-2.604,9.282,256.0
2024-04-14 16:00:00+00:00,-2.41,0.939,5.824,1.357,8.418,231.9
2024-04-14 17:00:00+00:00,0.95,3.123,3.966,4.515,5.733,62.4
2024-04-14 18:00:00+00:00,-1.64,4.518,2.633,6.531,3.806,33.7
2024-04-14 19:00:00+00:00,-1.79,5.817,0.653,8.409,0.945,6.9
2024-04-14 20:00:00+00:00,-0.31,5.983,-1.963,8.648,-2.838,0.0
2024-04-14 21:00:00+00:00,-0.25,4.2,-3.702,6.071,-5.351,0.0
2024-04-14 22:00:00+00:00,-2.03,2.576,-5.113,3.723,-7.391,0.0
2024-04-14 23:00:00+00:00,0.56,0.877,-4.908,1.267,-7.094,0.0
2024-04-15 00:00:00+00:00,1.76,-0.483,-4.626,-0.698,-6.686,0.0
2024-04-15 01:00:00+00:00,0.31,-1.698,-3.616,-2.454,-5.227,0.0
2024-04-15 02:00:00+00:00,0.74,-2.664,-2.528,-3.85,-3.654,0.0
2024-04-15 03:00:00+00:00,0.72,-3.575,-1.414,-5.167,-2.044,0.0
2024-04-15 04:00:00+00:00,-1.01,-4.163,0.314,-6.017,0.454,0.0
2024-04-15 05:00:00+00:00,0.97,-3.517,2.032,-5.083,2.937,31.5
2024-04-15 06:00:00+00:00,2.47,-3.186,3.824,-4.605,5.527,97.7
2024-04-15 07:00:00+00:00,2.63,-1.354,3.949,-1.957,5.708,118.1
2024-04-15 08:00:00+00:00,0.58,-0.232,3.614,-0.336,5.224,86.6
2024-04-15 09:00:00+00:00,-2.17,0.788,3.887,1.14,5.618,167.3
2024-04-15 10:00:00+00:00,-1.77,2.0,4.252,2.89,6.146,470.6
2024-04-15 11:00:00+00:00,-0.81,2.817,3.454,4.072,4.993,454.1
2024-04-15 12:00:00+00:00,-0.76,3.671,3.028,5.307,4.376,449.8
2024-04-15 13:00:00+00:00,0.36,4.93,2.405,7.127,3.476,392.2
2024-04-15 14:00:00+00:00,1.53,4.531,0.909,6.549,1.314,179.0
2024-04-15 15:00:00+00:00,1.69,4.839,-0.038,6.994,-0.055,287.1
2024-04-15 16:00:00+00:00,0.25,4.351,-0.71,6.289,-1.026,130.4
2024-04-15 17:00:00+00:00,-0.99,4.726,-1.335,6.832,-1.93,61.7
2024-04-15 18:00:00+00:00,-1.97,4.232,-1.465,6.117,-2.118,35.0
2024-04-15 19:00:00+00:00,-2.02,3.688,-1.46,5.33,-2.11,8.2
2024-04-15 20:00:00+00:00,-0.26,3.146,-1.386,4.548,-2.003,0.0
2024-04-15 21:00:00+00:00,0.14,2.548,-1.279,3.683,-1.848,0.0
2024-04-15 22:00:00+00:00,1.15,2.462,-1.763,3.559,-2.549,0.0
2024-04-15 23:00:00+00:00,0.61,2.845,-2.794,4.112,-4.039,0.0
2024-04-16 00:00:00+00:00,-3.28,1.82,-3.33,2.63,-4.813,0.0
2024-04-16 01:00:00+00:00,-4.03,0.375,-2.793,0.543,-4.037,0.0
2024-04-16 02:00:00+00:00,-7.78,-0.89,-2.224,-1.286,-3.214,0.0
2024-04-16 03:00:00+00:00,-6.6,-1.489,-1.242,-2.152,-1.795,0.0
2024-04-16 04:00:00+00:00,-6.37,-2.063,-0.593,-2.981,-0.857,0.0
2024-04-16 05:00:00+00:00,-4.83,-1.822,0.261,-2.633,0.378,41.8
2024-04-16 06:00:00+00:00,-2.98,-1.465,1.144,-2.117,1.654,164.8
2024-04-16 07:00:00+00:00,-4.37,-0.699,1.924,-1.011,2.781,286.3
2024-04-16 08:00:00+00:00,-0.96,0.445,1.753,0.643,2.534,399.5
2024-04-16 09:00:00+00:00,0.5,1.416,1.195,2.047,1.727,496.6
2024-04-16 10:00:00+00:00,3.8,1.831,0.037,2.647,0.054,375.0
2024-04-16 11:00:00+00:00,2.46,1.592,-1.247,2.301,-1.802,230.9
2024-04-16 12:00:00+00:00,1.81,0.48,-2.303,0.694,-3.328,429.3
2024-04-16 13:00:00+00:00,0.88,-0.935,-2.804,-1.352,-4.054,505.0
2024-04-16 14:00:00+00:00,2.86,-2.186,-1.962,-3.159,-2.837,319.9
2024-04-16 15:00:00+00:00,2.99,-3.151,-0.633,-4.555,-0.914,496.6
2024-04-16 16:00:00+00:00,3.3,-3.273,1.237,-4.731,1.787,302.1
2024-04-16 17:00:00+00:00,2.21,-2.034,2.42,-2.939,3.497,85.9
2024-04-16 18:00:00+00:00,3.47,-0.659,3.152,-0.952,4.556,36.3
2024-04-16 19:00:00+00:00,4.4,0.88,2.705,1.272,3.91,9.5
2024-04-16 20:00:00+00:00,1.7,1.495,1.307,2.161,1.89,0.0
2024-04-16 21:00:00+00:00,2.0,1.918,0.241,2.773,0.348,0.0
2024-04-16 22:00:00+00:00,0.87,1.548,-0.712,2.238,-1.029,0.0
2024-04-16 23:00:00+00:00,0.17,1.301,-1.858,1.881,-2.686,0.0
2024-04-17 00:00:00+00:00,3.1,0.189,-2.167,0.273,-3.132,0.0
2024-04-17 01:00:00+00:00,2.54,-0.937,-2.086,-1.354,-3.015,0.0
2024-04-17 02:00:00+00:00,2.03,-2.025,-1.471,-2.927,-2.126,0.0
2024-04-17 03:00:00+00:00,3.2,-2.626,-0.388,-3.795,-0.561,0.0
2024-04-17 04:00:00+00:00,2.01,-3.026,1.099,-4.374,1.588,0.0
2024-04-17 05:00:00+00:00,4.36,-2.253,2.209,-3.257,3.193,34.7
2024-04-17 06:00:00+00:00,4.03,-1.12,3.015,-1.619,4.357,80.4
2024-04-17 07:00:00+00:00,1.46,0.021,2.88,0.031,4.163,184.2
2024-04-17 08:00:00+00:00,0.53,1.307,3.316,1.889,4.793,255.0
2024-04-17 09:00:00+00:00,2.98,2.397,2.447,3.465,3.537,502.1
2024-04-17 10:00:00+00:00,2.74,3.561,1.302,5.147,1.881,576.6
2024-04-17 11:00:00+00:00,3.81,4.188,-0.534,6.054,-0.772,623.4
2024-04-17 12:00:00+00:00,4.05,3.849,-2.668,5.563,-3.857,415.7
2024-04-17 13:00:00+00:00,6.28,2.45,-4.252,3.541,-6.146,623.4
2024-04-17 14:00:00+00:00,6.25,0.504,-4.706,0.728,-6.802,576.6
2024-04-17 15:00:00+00:00,5.49,-1.643,-4.735,-2.374,-6.844,502.1
2024-04-17 16:00:00+00:00,2.78,-3.31,-3.944,-4.785,-5.701,405.0
2024-04-17 17:00:00+00:00,6.24,-4.124,-2.411,-5.96,-3.485,292.0
2024-04-17 18:00:00+00:00,8.14,-5.234,-0.658,-7.565,-0.951,170.7
2024-04-17 19:00:00+00:00,9.85,-6.205,1.708,-8.968,2.469,49.4
2024-04-17 20:00:00+00:00,11.36,-5.261,3.699,-7.605,5.347,0.0
2024-04-17 21:00:00+00:00,12.72,-3.787,5.195,-5.473,7.509,0.0
2024-04-17 22:00:00+00:00,12.86,-1.66,5.509,-2.399,7.963,0.0
2024-04-17 23:00:00+00:00,10.8,0.378,5.692,0.546,8.228,0.0
2024-04-18 00:00:00+00:00,13.93,3.761,6.206,5.436,8.97,0.0
2024-04-18 01:00:00+00:00,14.34,5.96,2.897,8.615,4.188,0.0
2024-04-18 02:00:00+00:00,12.42,7.534,-0.599,10.89,-0.865,0.0
2024-04-18 03:00:00+00:00,12.4,7.081,-5.032,10.236,-7.273,0.0
2024-04-18 04:00:00+00:00,12.18,3.426,-6.293,4.952,-9.096,0.0
2024-04-18 05:00:00+00:00,12.58,0.891,-8.931,1.287,-12.91,12.2
2024-04-18 06:00:00+00:00,11.58,-3.062,-9.297,-4.426,-13.438,56.8
2024-04-18 07:00:00+00:00,12.56,-6.035,-7.342,-8.723,-10.612,125.6
2024-04-18 08:00:00+00:00,13.09,-8.117,-4.577,-11.732,-6.616,355.2
2024-04-18 09:00:00+00:00,9.47,-10.159,-1.203,-14.684,-1.739,475.5
2024-04-18 10:00:00+00:00,10.1,-9.656,2.249,-13.957,3.25,581.9
2024-04-18 11:00:00+00:00,10.1,-7.032,5.185,-10.164,7.494,628.6
2024-04-18 12:00:00+00:00,8.84,-3.986,6.842,-5.761,9.889,644.6
2024-04-18 13:00:00+00:00,6.71,-0.915,6.342,-1.323,9.167,628.6
2024-04-18 14:00:00+00:00,6.5,1.356,5.583,1.96,8.07,474.1
2024-04-18 15:00:00+00:00,4.86,3.137,4.8,4.535,6.938,507.5
2024-04-18 16:00:00+00:00,3.93,4.062,2.699,5.872,3.902,410.5
2024-04-18 17:00:00+00:00,2.77,4.163,0.644,6.018,0.931,297.6
2024-04-18 18:00:00+00:00,5.44,4.809,-1.264,6.951,-1.828,176.4
2024-04-18 19:00:00+00:00,4.57,4.466,-3.835,6.455,-5.544,55.3
2024-04-18 20:00:00+00:00,5.91,2.021,-5.137,2.921,-7.426,0.0
2024-04-18 21:00:00+00:00,8.36,-0.838,-5.302,-1.212,-7.664,0.0
2024-04-18 22:00:00+00:00,8.73,-3.367,-5.093,-4.867,-7.361,0.0
2024-04-18 23:00:00+00:00,7.75,-5.34,-3.603,-7.718,-5.208,0.0
2024-04-19 00:00:00+00:00,6.89,-6.711,-1.474,-9.7,-2.13,0.0
2024-04-19 01:00:00+00:00,3.14,-5.676,0.88,-8.205,1.272,0.0
2024-04-19 02:00:00+00:00,2.93,-4.445,2.547,-6.424,3.682,0.0
2024-04-19 03:00:00+00:00,2.5,-3.287,4.37,-4.752,6.316,0.0
2024-04-19 04:00:00+00:00,3.36,-1.308,5.307,-1.89,7.671,0.0
2024-04-19 05:00:00+00:00,6.95,0.627,3.905,0.906,5.644,61.1
2024-04-19 06:00:00+00:00,8.85,1.37,2.637,1.981,3.812,182.1
2024-04-19 07:00:00+00:00,7.89,2.166,2.173,3.131,3.141,303.2
2024-04-19 08:00:00+00:00,7.07,3.084,1.446,4.457,2.091,415.9
2024-04-19 09:00:00+00:00,6.23,2.797,0.114,4.042,0.165,490.9
2024-04-19 10:00:00+00:00,6.78,2.862,-0.938,4.136,-1.356,519.3
2024-04-19 11:00:00+00:00,6.25,1.597,-1.525,2.308,-2.204,633.8
2024-04-19 12:00:00+00:00,5.21,0.682,-2.014,0.986,-2.911,649.7
2024-04-19 13:00:00+00:00,5.01,-0.383,-1.96,-0.553,-2.833,633.8
2024-04-19 14:00:00+00:00,1.72,-1.351,-1.539,-1.953,-2.225,587.1
2024-04-19 15:00:00+00:00,0.42,-2.173,-0.723,-3.14,-1.045,512.8
2024-04-19 16:00:00+00:00,1.43,-2.07,0.419,-2.992,0.605,415.9
2024-04-19 17:00:00+00:00,4.15,-1.437,1.2,-2.078,1.734,303.2
2024-04-19 18:00:00+00:00,4.31,-0.461,1.507,-0.666,2.179,182.1
2024-04-19 19:00:00+00:00,3.24,0.456,1.579,0.66,2.282,61.1
2024-04-19 20:00:00+00:00,5.33,1.546,1.242,2.234,1.796,0.0
2024-04-19 21:00:00+00:00,6.96,2.118,0.016,3.062,0.023,0.0
2024-04-19 22:00:00+00:00,6.9,1.847,-1.299,2.67,-1.878,0.0
2024-04-19 23:00:00+00:00,6.77,0.772,-2.1,1.116,-3.035,0.0
2024-04-20 00:00:00+00:00,6.84,-0.836,-2.537,-1.209,-3.667,0.0
2024-04-20 01:00:00+00:00,8.09,-2.22,-1.579,-3.209,-2.282,0.0
2024-04-20 02:00:00+00:00,5.44,-2.637,-0.061,-3.812,-0.089,0.0
2024-04-20 03:00:00+00:00,5.46,-2.646,1.519,-3.825,2.196,0.0
2024-04-20 04:00:00+00:00,8.84,-1.972,3.032,-2.85,4.383,0.0
2024-04-20 05:00:00+00:00,8.19,-0.089,4.033,-0.128,5.83,66.9
2024-04-20 06:00:00+00:00,6.96,2.143,3.331,3.098,4.815,187.8
2024-04-20 07:00:00+00:00,5.56,3.755,1.431,5.428,2.069,308.7
2024-04-20 08:00:00+00:00,5.57,2.897,-0.899,4.187,-1.299,344.5
2024-04-20 09:00:00+00:00,4.03,1.606,-2.776,2.321,-4.012,458.8
2024-04-20 10:00:00+00:00,5.04,-0.712,-2.94,-1.029,-4.249,417.0
2024-04-20 11:00:00+00:00,4.65,-2.513,-1.805,-3.633,-2.609,563.5
2024-04-20 12:00:00+00:00,5.96,-3.054,0.214,-4.414,0.31,654.8
2024-04-20 13:00:00+00:00,3.73,-2.309,2.235,-3.338,3.231,638.9
2024-04-20 14:00:00+00:00,3.73,-0.312,2.513,-0.451,3.632,592.2
2024-04-20 15:00:00+00:00,6.44,1.597,2.642,2.309,3.82,518.0
2024-04-20 16:00:00+00:00,5.08,3.003,1.26,4.341,1.822,421.3
2024-04-20 17:00:00+00:00,3.35,3.137,-0.614,4.534,-0.888,308.7
2024-04-20 18:00:00+00:00,3.43,2.324,-2.133,3.359,-3.084,187.8
2024-04-20 19:00:00+00:00,3.21,1.045,-3.786,1.511,-5.472,63.7
2024-04-20 20:00:00+00:00,3.06,-1.016,-3.82,-1.468,-5.521,0.0
2024-04-20 21:00:00+00:00,2.63,-2.604,-2.279,-3.763,-3.294,0.0
2024-04-20 22:00:00+00:00,4.49,-3.221,-0.489,-4.655,-0.707,0.0
2024-04-20 23:00:00+00:00,6.58,-3.192,1.503,-4.614,2.173,0.0
2024-04-21 00:00:00+00:00,3.51,-1.74,2.84,-2.515,4.106,0.0
2024-04-21 01:00:00+00:00,2.93,0.255,4.072,0.369,5.887,0.0
2024-04-21 02:00:00+00:00,3.96,3.093,3.956,4.471,5.718,0.0
2024-04-21 03:00:00+00:00,4.85,4.762,1.987,6.882,2.872,0.0
2024-04-21 04:00:00+00:00,3.95,4.032,-0.55,5.827,-0.795,0.0
2024-04-21 05:00:00+00:00,1.41,3.715,-3.002,5.37,-4.34,16.0
2024-04-21 06:00:00+00:00,1.0,1.287,-3.053,1.861,-4.414,89.8
2024-04-21 07:00:00+00:00,-0.47,-0.07,-2.997,-0.101,-4.332,69.1
2024-04-21 08:00:00+00:00,-1.97,-1.549,-3.143,-2.239,-4.543,93.8
2024-04-21 09:00:00+00:00,-2.76,-2.528,-1.943,-3.655,-2.808,145.8
2024-04-21 10:00:00+00:00,-3.42,-2.635,-0.534,-3.808,-0.772,415.5
2024-04-21 11:00:00+00:00,-2.06,-2.996,0.818,-4.331,1.183,501.1
2024-04-21 12:00:00+00:00,-2.75,-2.412,2.179,-3.486,3.15,659.8
2024-04-21 13:00:00+00:00,-0.3,-1.477,3.034,-2.135,4.385,643.9
2024-04-21 14:00:00+00:00,1.31,-0.198,3.363,-0.286,4.861,511.2
2024-04-21 15:00:00+00:00,4.42,1.08,2.649,1.562,3.829,337.7
2024-04-21 16:00:00+00:00,5.38,2.01,2.143,2.905,3.098,190.1
2024-04-21 17:00:00+00:00,4.08,3.187,1.487,4.607,2.149,207.5
2024-04-21 18:00:00+00:00,0.82,3.271,0.392,4.728,0.567,158.8
2024-04-21 19:00:00+00:00,2.51,2.731,-0.601,3.948,-0.868,60.5
2024-04-21 20:00:00+00:00,6.58,2.131,-1.45,3.08,-2.095,0.0
2024-04-21 21:00:00+00:00,6.1,1.699,-2.41,2.456,-3.484,0.0
2024-04-21 22:00:00+00:00,6.86,0.672,-2.734,0.972,-3.952,0.0
2024-04-21 23:00:00+00:00,8.53,-0.364,-2.888,-0.526,-4.175,0.0
2024-04-22 00:00:00+00:00,5.67,-1.69,-2.742,-2.443,-3.963,0.0
2024-04-22 01:00:00+00:00,5.3,-2.555,-1.797,-3.692,-2.597,0.0
2024-04-22 02:00:00+00:00,4.5,-2.436,-0.531,-3.521,-0.768,0.0
2024-04-22 03:00:00+00:00,2.47,-2.876,0.59,-4.157,0.853,0.0
2024-04-22 04:00:00+00:00,2.3,-2.668,1.883,-3.856,2.722,0.0
2024-04-22 05:00:00+00:00,3.17,-2.05,3.173,-2.963,4.586,47.7
2024-04-22 06:00:00+00:00,0.12,-0.965,4.045,-1.395,5.847,103.5
2024-04-22 07:00:00+00:00,-0.45,-0.058,4.354,-0.083,6.293,229.5
2024-04-22 08:00:00+00:00,-2.03,0.709,3.751,1.025,5.421,266.5
2024-04-22 09:00:00+00:00,-3.47,1.217,3.783,1.76,5.468,202.3
2024-04-22 10:00:00+00:00,-5.67,2.568,4.255,3.712,6.151,324.8
2024-04-22 11:00:00+00:00,-4.46,3.245,3.139,4.691,4.538,283.4
2024-04-22 12:00:00+00:00,-3.59,3.966,2.602,5.733,3.761,312.5
2024-04-22 13:00:00+00:00,-2.6,3.228,1.215,4.666,1.757,523.9
2024-04-22 14:00:00+00:00,-4.59,3.79,0.323,5.479,0.466,414.0
2024-04-22 15:00:00+00:00,-0.91,3.137,-0.363,4.534,-0.525,366.8
2024-04-22 16:00:00+00:00,-1.04,3.107,-1.013,4.492,-1.464,320.0
2024-04-22 17:00:00+00:00,0.82,2.915,-1.847,4.213,-2.669,117.4
2024-04-22 18:00:00+00:00,3.41,2.073,-2.383,2.996,-3.444,139.2
2024-04-22 19:00:00+00:00,8.57,1.538,-2.957,2.223,-4.274,50.2
2024-04-22 20:00:00+00:00,11.42,0.888,-3.533,1.283,-5.107,0.0
2024-04-22 21:00:00+00:00,13.05,0.053,-3.803,0.077,-5.497,0.0
2024-04-22 22:00:00+00:00,14.0,-1.148,-3.724,-1.659,-5.382,0.0
2024-04-22 23:00:00+00:00,13.51,-2.236,-2.845,-3.233,-4.113,0.0
2024-04-23 00:00:00+00:00,16.4,-2.963,-1.999,-4.283,-2.889,0.0
2024-04-23 01:00:00+00:00,16.03,-2.725,-0.843,-3.939,-1.218,0.0
2024-04-23 02:00:00+00:00,14.66,-2.991,-0.056,-4.324,-0.081,0.0
2024-04-23 03:00:00+00:00,15.81,-2.898,0.764,-4.189,1.104,0.0
2024-04-23 04:00:00+00:00,14.22,-2.689,1.585,-3.886,2.291,0.0
2024-04-23 05:00:00+00:00,12.54,-2.622,2.729,-3.79,3.945,74.3
2024-04-23 06:00:00+00:00,13.97,-1.694,3.242,-2.449,4.686,196.8
2024-04-23 07:00:00+00:00,12.01,-0.735,3.84,-1.063,5.55,282.0
2024-04-23 08:00:00+00:00,9.45,0.411,4.053,0.595,5.858,283.6
2024-04-23 09:00:00+00:00,9.16,1.46,5.093,2.111,7.361,153.7
2024-04-23 10:00:00+00:00,7.29,2.225,4.48,3.216,6.476,318.2
2024-04-23 11:00:00+00:00,8.88,4.439,5.186,6.416,7.497,411.7
2024-04-23 12:00:00+00:00,8.0,5.665,3.284,8.188,4.747,300.1
2024-04-23 13:00:00+00:00,10.18,7.132,1.477,10.31,2.135,346.0
2024-04-23 14:00:00+00:00,7.91,7.703,-1.368,11.135,-1.977,319.3
2024-04-23 15:00:00+00:00,7.93,5.323,-2.773,7.694,-4.008,308.6
2024-04-23 16:00:00+00:00,9.14,4.427,-4.913,6.399,-7.102,193.7
2024-04-23 17:00:00+00:00,8.46,2.537,-6.212,3.667,-8.979,72.8
2024-04-23 18:00:00+00:00,8.57,0.133,-7.618,0.192,-11.011,103.4
2024-04-23 19:00:00+00:00,9.68,-2.867,-6.24,-4.144,-9.019,21.2
2024-04-23 20:00:00+00:00,9.15,-5.125,-4.216,-7.408,-6.093,0.0
2024-04-23 21:00:00+00:00,9.59,-7.509,-2.324,-10.854,-3.36,0.0
2024-04-23 22:00:00+00:00,9.13,-7.755,0.02,-11.209,0.028,0.0
2024-04-23 23:00:00+00:00,10.14,-6.495,1.566,-9.388,2.264,0.0
2024-04-24 00:00:00+00:00,9.13,-6.097,2.784,-8.813,4.024,0.0
2024-04-24 01:00:00+00:00,7.72,-6.542,4.144,-9.455,5.99,0.0
2024-04-24 02:00:00+00:00,8.33,-5.192,3.787,-7.504,5.474,0.0
2024-04-24 03:00:00+00:00,11.11,-4.207,3.483,-6.081,5.035,0.0
2024-04-24 04:00:00+00:00,11.6,-4.047,3.541,-5.849,5.119,0.0
2024-04-24 05:00:00+00:00,10.34,-4.128,3.612,-5.967,5.222,19.7
2024-04-24 06:00:00+00:00,10.07,-4.463,3.718,-6.452,5.374,46.1
2024-04-24 07:00:00+00:00,4.56,-4.603,3.977,-6.653,5.748,72.6
2024-04-24 08:00:00+00:00,5.44,-4.335,3.447,-6.267,4.982,97.2
2024-04-24 09:00:00+00:00,6.11,-5.351,3.657,-7.735,5.286,260.5
2024-04-24 10:00:00+00:00,5.26,-5.689,2.723,-8.223,3.936,364.3
2024-04-24 11:00:00+00:00,3.94,-6.221,1.321,-8.993,1.91,280.3
2024-04-24 12:00:00+00:00,7.4,-5.358,-0.149,-7.745,-0.215,148.6
2024-04-24 13:00:00+00:00,5.12,-4.463,-1.687,-6.452,-2.438,363.3
2024-04-24 14:00:00+00:00,3.36,-4.237,-3.843,-6.124,-5.555,357.3
2024-04-24 15:00:00+00:00,3.64,-2.308,-5.059,-3.335,-7.312,118.4
2024-04-24 16:00:00+00:00,4.97,0.1,-6.536,0.144,-9.448,234.5
2024-04-24 17:00:00+00:00,5.42,2.574,-5.909,3.72,-8.541,240.5
2024-04-24 18:00:00+00:00,6.75,4.535,-4.425,6.555,-6.396,124.4
2024-04-24 19:00:00+00:00,8.18,6.061,-1.913,8.761,-2.764,19.7
2024-04-24 20:00:00+00:00,7.68,7.343,1.391,10.613,2.011,0.0
2024-04-24 21:00:00+00:00,8.59,5.962,4.579,8.618,6.619,0.0
2024-04-24 22:00:00+00:00,9.48,4.122,7.785,5.958,11.253,0.0
2024-04-24 23:00:00+00:00,11.29,-0.561,8.673,-0.811,12.536,0.0
2024-04-25 00:00:00+00:00,10.21,-5.435,8.126,-7.856,11.746,0.0
2024-04-25 01:00:00+00:00,10.97,-8.842,4.334,-12.78,6.264,0.0
2024-04-25 02:00:00+00:00,11.32,-7.743,-0.676,-11.192,-0.977,0.0
2024-04-25 03:00:00+00:00,10.87,-5.229,-3.519,-7.559,-5.087,0.0
2024-04-25 04:00:00+00:00,9.17,-2.171,-5.095,-3.138,-7.365,0.0
2024-04-25 05:00:00+00:00,8.97,0.548,-4.839,0.793,-6.994,23.7
2024-04-25 06:00:00+00:00,6.65,2.878,-4.09,4.16,-5.912,47.3
2024-04-25 07:00:00+00:00,6.66,4.73,-2.143,6.836,-3.097,204.2
2024-04-25 08:00:00+00:00,3.54,4.784,0.375,6.915,0.542,396.9
2024-04-25 09:00:00+00:00,2.21,4.122,2.635,5.958,3.809,543.1
2024-04-25 10:00:00+00:00,3.54,2.399,4.084,3.468,5.903,616.8
2024-04-25 11:00:00+00:00,5.09,0.382,4.675,0.552,6.758,663.2
2024-04-25 12:00:00+00:00,5.05,-1.24,4.12,-1.793,5.955,679.0
2024-04-25 13:00:00+00:00,4.17,-1.902,2.432,-2.749,3.516,663.2
2024-04-25 14:00:00+00:00,4.17,-2.88,1.606,-4.163,2.321,616.8
2024-04-25 15:00:00+00:00,2.39,-2.849,0.325,-4.118,0.47,543.1
2024-04-25 16:00:00+00:00,4.37,-3.088,-0.595,-4.464,-0.861,447.0
2024-04-25 17:00:00+00:00,2.88,-3.315,-2.017,-4.791,-2.915,335.1
2024-04-25 18:00:00+00:00,3.4,-2.459,-3.056,-3.555,-4.417,215.1
2024-04-25 19:00:00+00:00,3.69,-1.181,-3.612,-1.707,-5.221,95.0
2024-04-25 20:00:00+00:00,5.64,0.194,-3.714,0.281,-5.368,0.0
2024-04-25 21:00:00+00:00,5.74,1.429,-3.095,2.065,-4.474,0.0
2024-04-25 22:00:00+00:00,8.07,2.723,-2.692,3.936,-3.891,0.0
2024-04-25 23:00:00+00:00,7.88,3.518,-1.8,5.085,-2.601,0.0
2024-04-26 00:00:00+00:00,7.55,3.2,-0.554,4.625,-0.8,0.0
2024-04-26 01:00:00+00:00,7.87,3.651,0.302,5.278,0.437,0.0
2024-04-26 02:00:00+00:00,8.92,4.232,1.505,6.116,2.176,0.0
2024-04-26 03:00:00+00:00,10.84,5.198,3.193,7.513,4.616,0.0
2024-04-26 04:00:00+00:00,10.75,3.403,3.238,4.918,4.681,0.0
2024-04-26 05:00:00+00:00,12.7,2.496,3.646,3.608,5.27,91.4
2024-04-26 06:00:00+00:00,10.47,0.887,3.408,1.282,4.926,160.8
2024-04-26 07:00:00+00:00,8.87,-0.48,4.375,-0.694,6.324,252.2
2024-04-26 08:00:00+00:00,5.53,-2.171,4.647,-3.139,6.717,451.9
2024-04-26 09:00:00+00:00,4.56,-3.1,3.113,-4.48,4.499,547.9
2024-04-26 10:00:00+00:00,1.26,-4.253,1.84,-6.147,2.659,621.5
2024-04-26 11:00:00+00:00,2.68,-5.535,0.312,-8.001,0.451,667.8
2024-04-26 12:00:00+00:00,4.99,-5.347,-1.887,-7.729,-2.728,683.6
2024-04-26 13:00:00+00:00,4.93,-4.414,-4.246,-6.381,-6.138,646.7
2024-04-26 14:00:00+00:00,6.17,-2.31,-6.274,-3.339,-9.069,430.7
2024-04-26 15:00:00+00:00,6.82,1.462,-9.035,2.113,-13.06,120.5
2024-04-26 16:00:00+00:00,6.09,5.248,-6.255,7.586,-9.042,99.4
2024-04-26 17:00:00+00:00,6.71,8.371,-3.128,12.1,-4.521,74.8
2024-04-26 18:00:00+00:00,4.95,7.724,1.006,11.165,1.453,48.5
2024-04-26 19:00:00+00:00,6.48,6.025,4.429,8.709,6.401,22.1
2024-04-26 20:00:00+00:00,8.66,3.26,6.404,4.712,9.256,0.0
2024-04-26 21:00:00+00:00,6.57,0.493,6.013,0.713,8.691,0.0
2024-04-26 22:00:00+00:00,7.22,-1.889,5.878,-2.731,8.496,0.0
2024-04-26 23:00:00+00:00,7.3,-4.209,5.225,-6.084,7.553,0.0
2024-04-27 00:00:00+00:00,7.72,-6.144,3.698,-8.881,5.345,0.0
2024-04-27 01:00:00+00:00,7.42,-6.741,2.06,-9.744,2.978,0.0
2024-04-27 02:00:00+00:00,6.12,-8.64,0.547,-12.488,0.791,0.0
2024-04-27 03:00:00+00:00,6.06,-6.853,-1.141,-9.905,-1.65,0.0
2024-04-27 04:00:00+00:00,8.82,-6.313,-2.45,-9.124,-3.541,0.0
2024-04-27 05:00:00+00:00,6.78,-6.835,-3.791,-9.88,-5.479,23.3
2024-04-27 06:00:00+00:00,5.45,-6.259,-4.175,-9.047,-6.035,104.5
2024-04-27 07:00:00+00:00,7.0,-5.014,-4.655,-7.247,-6.728,218.9
2024-04-27 08:00:00+00:00,5.81,-3.528,-4.251,-5.099,-6.145,226.3
2024-04-27 09:00:00+00:00,6.15,-2.776,-5.381,-4.012,-7.778,207.4
2024-04-27 10:00:00+00:00,4.33,-1.183,-5.191,-1.711,-7.503,425.6
2024-04-27 11:00:00+00:00,3.45,0.439,-5.219,0.634,-7.544,593.0
2024-04-27 12:00:00+00:00,4.62,1.902,-5.248,2.749,-7.586,688.1
2024-04-27 13:00:00+00:00,4.32,3.454,-4.772,4.992,-6.898,262.6
2024-04-27 14:00:00+00:00,2.08,4.776,-3.344,6.904,-4.834,517.3
2024-04-27 15:00:00+00:00,4.33,6.242,-2.094,9.023,-3.027,552.6
2024-04-27 16:00:00+00:00,3.94,7.919,-0.561,11.447,-0.811,456.8
2024-04-27 17:00:00+00:00,5.98,10.068,2.221,14.553,3.211,200.2
2024-04-27 18:00:00+00:00,4.97,7.048,3.424,10.188,4.949,49.6
2024-04-27 19:00:00+00:00,6.38,5.204,4.639,7.523,6.705,23.3
2024-04-27 20:00:00+00:00,6.62,3.539,5.185,5.116,7.495,0.0
2024-04-27 21:00:00+00:00,9.61,2.054,6.522,2.969,9.427,0.0
2024-04-27 22:00:00+00:00,8.92,0.214,7.536,0.31,10.893,0.0
2024-04-27 23:00:00+00:00,9.49,-1.547,7.069,-2.236,10.218,0.0
2024-04-28 00:00:00+00:00,9.3,-3.249,7.087,-4.696,10.244,0.0
2024-04-28 01:00:00+00:00,8.03,-3.881,4.854,-5.61,7.017,0.0
2024-04-28 02:00:00+00:00,6.47,-4.627,4.009,-6.688,5.795,0.0
2024-04-28 03:00:00+00:00,4.71,-5.703,3.486,-8.243,5.039,0.0
2024-04-28 04:00:00+00:00,6.36,-6.035,2.327,-8.724,3.364,0.0
2024-04-28 05:00:00+00:00,7.98,-7.194,0.991,-10.398,1.432,37.4
2024-04-28 06:00:00+00:00,9.88,-9.038,-0.842,-13.063,-1.217,120.2
2024-04-28 07:00:00+00:00,9.06,-6.229,-1.801,-9.004,-2.603,203.7
2024-04-28 08:00:00+00:00,9.43,-5.753,-3.062,-8.315,-4.426,461.6
2024-04-28 09:00:00+00:00,10.2,-4.794,-3.821,-6.93,-5.523,303.9
2024-04-28 10:00:00+00:00,9.96,-4.063,-4.706,-5.874,-6.803,534.0
2024-04-28 11:00:00+00:00,9.8,-3.673,-5.946,-5.308,-8.594,453.3
2024-04-28 12:00:00+00:00,7.83,-2.37,-5.127,-3.426,-7.411,310.3
2024-04-28 13:00:00+00:00,9.48,-2.142,-5.372,-3.097,-7.765,404.2
2024-04-28 14:00:00+00:00,6.51,-1.62,-4.489,-2.342,-6.488,454.2
2024-04-28 15:00:00+00:00,6.95,-1.239,-4.607,-1.79,-6.658,370.2
2024-04-28 16:00:00+00:00,5.47,-0.684,-4.7,-0.988,-6.794,231.2
2024-04-28 17:00:00+00:00,7.98,-0.188,-3.718,-0.272,-5.373,77.0
2024-04-28 18:00:00+00:00,7.84,0.098,-3.127,0.141,-4.519,100.0
2024-04-28 19:00:00+00:00,6.55,0.506,-4.077,0.731,-5.893,24.4
2024-04-28 20:00:00+00:00,8.75,0.912,-4.168,1.319,-6.025,0.0
2024-04-28 21:00:00+00:00,8.08,1.163,-3.907,1.681,-5.647,0.0
2024-04-28 22:00:00+00:00,10.87,1.747,-4.016,2.525,-5.805,0.0
2024-04-28 23:00:00+00:00,13.91,1.89,-3.68,2.732,-5.319,0.0
2024-04-29 00:00:00+00:00,9.58,2.254,-3.901,3.257,-5.639,0.0
2024-04-29 01:00:00+00:00,8.61,3.031,-4.862,4.381,-7.028,0.0
2024-04-29 02:00:00+00:00,8.76,2.548,-3.49,3.683,-5.044,0.0
2024-04-29 03:00:00+00:00,8.79,3.195,-3.827,4.619,-5.531,0.0
2024-04-29 04:00:00+00:00,7.06,3.12,-3.401,4.51,-4.916,1.1
2024-04-29 05:00:00+00:00,6.24,3.561,-3.451,5.148,-4.988,25.6
2024-04-29 06:00:00+00:00,5.17,3.933,-3.582,5.685,-5.177,76.0
2024-04-29 07:00:00+00:00,6.67,3.993,-3.572,5.771,-5.163,78.1
2024-04-29 08:00:00+00:00,6.23,4.259,-3.721,6.157,-5.378,102.6
2024-04-29 09:00:00+00:00,6.24,4.634,-4.156,6.699,-6.008,123.6
2024-04-29 10:00:00+00:00,6.38,6.413,-4.997,9.269,-7.223,139.7
2024-04-29 11:00:00+00:00,5.49,6.094,-3.712,8.809,-5.365,149.9
2024-04-29 12:00:00+00:00,5.3,8.395,-3.682,12.135,-5.323,153.3
2024-04-29 13:00:00+00:00,5.94,10.898,-3.374,15.752,-4.877,149.9
2024-04-29 14:00:00+00:00,6.74,8.809,-1.895,12.733,-2.739,139.7
2024-04-29 15:00:00+00:00,6.61,7.907,-0.826,11.428,-1.194,123.6
2024-04-29 16:00:00+00:00,6.65,8.538,-0.087,12.341,-0.126,102.6
2024-04-29 17:00:00+00:00,2.62,8.45,0.578,12.214,0.836,78.1
2024-04-29 18:00:00+00:00,4.24,10.993,2.051,15.89,2.965,51.8
2024-04-29 19:00:00+00:00,5.13,8.713,3.087,12.594,4.462,25.6
2024-04-29 20:00:00+00:00,4.71,8.07,4.302,11.665,6.219,1.1
2024-04-29 21:00:00+00:00,8.18,8.286,6.06,11.976,8.759,0.0
2024-04-29 22:00:00+00:00,13.0,7.737,8.199,11.183,11.851,0.0
2024-04-29 23:00:00+00:00,9.47,5.122,7.915,7.403,11.441,0.0
2024-04-30 00:00:00+00:00,10.01,3.96,9.837,5.724,14.219,0.0
2024-04-30 01:00:00+00:00,11.99,1.201,10.286,1.736,14.868,0.0
2024-04-30 02:00:00+00:00,12.97,-1.044,7.356,-1.509,10.632,0.0
2024-04-30 03:00:00+00:00,12.21,-2.902,7.565,-4.194,10.935,0.0
2024-04-30 04:00:00+00:00,12.44,-4.176,6.847,-6.035,9.897,3.1
2024-04-30 05:00:00+00:00,11.26,-5.775,5.978,-8.347,8.641,49.7
2024-04-30 06:00:00+00:00,10.57,-8.295,5.21,-11.989,7.53,131.9
2024-04-30 07:00:00+00:00,7.67,-8.687,3.164,-12.557,4.573,101.0
2024-04-30 08:00:00+00:00,7.35,-9.379,1.624,-13.557,2.347,191.5
2024-04-30 09:00:00+00:00,3.33,-9.706,0.577,-14.029,0.834,171.2
2024-04-30 10:00:00+00:00,1.07,-8.32,-0.666,-12.026,-0.963,528.3
2024-04-30 11:00:00+00:00,1.22,-8.427,-2.272,-12.181,-3.285,550.0
2024-04-30 12:00:00+00:00,-0.07,-7.095,-3.482,-10.255,-5.034,490.9
2024-04-30 13:00:00+00:00,-0.11,-6.201,-4.316,-8.963,-6.238,150.8
2024-04-30 14:00:00+00:00,1.99,-5.413,-5.156,-7.823,-7.453,182.2
2024-04-30 15:00:00+00:00,1.03,-4.517,-5.388,-6.529,-7.788,124.6
2024-04-30 16:00:00+00:00,2.99,-4.121,-5.549,-5.957,-8.02,103.6
2024-04-30 17:00:00+00:00,3.83,-3.641,-4.616,-5.263,-6.672,79.2
2024-04-30 18:00:00+00:00,7.62,-3.944,-4.332,-5.701,-6.261,52.9
2024-04-30 19:00:00+00:00,8.35,-4.506,-3.845,-6.513,-5.557,32.9
2024-04-30 20:00:00+00:00,7.97,-6.646,-3.705,-9.606,-5.355,4.6
2024-04-30 21:00:00+00:00,9.25,-6.548,-1.537,-9.465,-2.222,0.0
2024-04-30 22:00:00+00:00,9.61,-7.018,-0.361,-10.143,-0.522,0.0
2024-04-30 23:00:00+00:00,10.97,-5.992,1.047,-8.661,1.513,0.0
2024-05-01 00:00:00+00:00,11.48,-5.356,2.005,-7.742,2.899,0.0
2024-05-01 01:00:00+00:00,11.48,-3.56,2.246,-5.146,3.246,0.0
2024-05-01 02:00:00+00:00,9.27,-3.154,3.106,-4.559,4.49,0.0
2024-05-01 03:00:00+00:00,10.25,-1.926,4.048,-2.784,5.851,0.0
2024-05-01 04:00:00+00:00,8.95,-0.03,5.061,-0.043,7.316,15.5
2024-05-01 05:00:00+00:00,8.48,1.947,3.867,2.815,5.59,126.4
2024-05-01 06:00:00+00:00,7.82,3.181,2.159,4.598,3.121,245.5
2024-05-01 07:00:00+00:00,6.98,3.895,0.459,5.63,0.663,364.5
2024-05-01 08:00:00+00:00,4.68,3.814,-1.53,5.512,-2.212,475.5
2024-05-01 09:00:00+00:00,6.46,2.712,-3.312,3.919,-4.787,570.7
2024-05-01 10:00:00+00:00,7.13,0.559,-3.385,0.809,-4.893,643.8
2024-05-01 11:00:00+00:00,8.04,-1.29,-3.288,-1.865,-4.752,689.8
2024-05-01 12:00:00+00:00,5.91,-2.675,-2.311,-3.867,-3.341,662.2
2024-05-01 13:00:00+00:00,6.01,-2.972,-0.71,-4.295,-1.026,689.8
2024-05-01 14:00:00+00:00,5.1,-3.675,0.72,-5.312,1.041,643.8
2024-05-01 15:00:00+00:00,5.95,-3.007,2.239,-4.346,3.237,547.7
2024-05-01 16:00:00+00:00,7.35,-1.355,2.656,-1.959,3.839,447.4
2024-05-01 17:00:00+00:00,8.52,0.038,3.22,0.055,4.654,364.5
2024-05-01 18:00:00+00:00,7.0,1.587,3.32,2.293,4.8,223.4
2024-05-01 19:00:00+00:00,7.74,2.095,1.756,3.028,2.538,115.3
2024-05-01 20:00:00+00:00,9.05,2.941,0.874,4.251,1.264,8.5
2024-05-01 21:00:00+00:00,9.42,2.813,-0.388,4.066,-0.56,0.0
2024-05-01 22:00:00+00:00,9.1,2.27,-1.244,3.281,-1.798,0.0
2024-05-01 23:00:00+00:00,9.66,1.913,-2.454,2.765,-3.547,0.0
2024-05-02 00:00:00+00:00,9.82,1.291,-2.971,1.866,-4.294,0.0
2024-05-02 01:00:00+00:00,10.25,0.56,-3.822,0.809,-5.525,0.0
2024-05-02 02:00:00+00:00,10.82,-0.361,-4.269,-0.521,-6.171,0.0
2024-05-02 03:00:00+00:00,11.49,-1.338,-4.239,-1.934,-6.127,0.0
2024-05-02 04:00:00+00:00,10.79,-2.612,-4.118,-3.776,-5.952,20.6
2024-05-02 05:00:00+00:00,9.31,-3.71,-3.384,-5.362,-4.891,131.4
2024-05-02 06:00:00+00:00,11.78,-4.48,-2.045,-6.476,-2.955,250.3
2024-05-02 07:00:00+00:00,9.35,-4.153,-0.774,-6.002,-1.119,369.1
2024-05-02 08:00:00+00:00,8.31,-3.932,-0.176,-5.683,-0.255,479.9
2024-05-02 09:00:00+00:00,5.29,-3.607,0.361,-5.214,0.522,575.0
2024-05-02 10:00:00+00:00,5.83,-3.352,0.838,-4.845,1.212,648.0
2024-05-02 11:00:00+00:00,5.39,-3.897,1.136,-5.633,1.642,693.9
2024-05-02 12:00:00+00:00,2.12,-3.361,1.407,-4.859,2.033,709.6
2024-05-02 13:00:00+00:00,1.69,-3.171,2.242,-4.583,3.241,693.9
2024-05-02 14:00:00+00:00,5.18,-2.565,2.65,-3.708,3.83,648.0
2024-05-02 15:00:00+00:00,5.95,-2.298,3.074,-3.322,4.444,493.8
2024-05-02 16:00:00+00:00,4.81,-1.21,2.446,-1.749,3.536,397.6
2024-05-02 17:00:00+00:00,4.7,-0.646,2.572,-0.934,3.717,174.5
2024-05-02 18:00:00+00:00,5.92,-0.151,2.168,-0.218,3.133,180.8
2024-05-02 19:00:00+00:00,6.83,0.12,2.128,0.173,3.075,131.4
2024-05-02 20:00:00+00:00,7.31,0.41,2.346,0.593,3.392,15.8
2024-05-02 21:00:00+00:00,7.14,0.722,2.893,1.043,4.182,0.0
2024-05-02 22:00:00+00:00,8.58,0.944,2.878,1.364,4.16,0.0
2024-05-02 23:00:00+00:00,10.23,1.083,2.551,1.565,3.688,0.0
2024-05-03 00:00:00+00:00,11.64,1.369,2.104,1.979,3.042,0.0
2024-05-03 01:00:00+00:00,11.61,1.61,1.862,2.327,2.691,0.0
2024-05-03 02:00:00+00:00,11.73,2.147,2.165,3.103,3.129,0.0
2024-05-03 03:00:00+00:00,10.25,2.556,2.212,3.694,3.198,0.0
2024-05-03 04:00:00+00:00,10.78,2.972,2.156,4.296,3.116,9.7
2024-05-03 05:00:00+00:00,11.2,2.654,1.856,3.836,2.683,30.0
2024-05-03 06:00:00+00:00,8.94,2.338,1.8,3.379,2.602,56.1
2024-05-03 07:00:00+00:00,8.55,1.881,1.538,2.719,2.223,82.2
2024-05-03 08:00:00+00:00,7.73,2.126,1.864,3.073,2.694,106.5
2024-05-03 09:00:00+00:00,4.52,1.741,1.59,2.517,2.298,127.4
2024-05-03 10:00:00+00:00,3.87,2.156,1.827,3.116,2.641,143.5
2024-05-03 11:00:00+00:00,2.35,2.541,1.74,3.672,2.515,153.6
2024-05-03 12:00:00+00:00,4.06,2.718,1.472,3.928,2.128,157.0
2024-05-03 13:00:00+00:00,3.54,2.413,0.956,3.487,1.382,153.6
2024-05-03 14:00:00+00:00,2.53,1.871,0.454,2.704,0.656,143.5
2024-05-03 15:00:00+00:00,5.0,2.017,0.313,2.916,0.453,127.4
2024-05-03 16:00:00+00:00,4.71,2.209,0.094,3.193,0.136,106.5
2024-05-03 17:00:00+00:00,5.02,3.238,-0.186,4.68,-0.269,98.8
2024-05-03 18:00:00+00:00,3.42,3.146,-0.745,4.548,-1.076,56.1
2024-05-03 19:00:00+00:00,7.37,3.558,-1.776,5.143,-2.567,30.0
2024-05-03 20:00:00+00:00,10.22,2.603,-2.316,3.762,-3.347,5.6
2024-05-03 21:00:00+00:00,12.53,2.115,-2.991,3.056,-4.323,0.0
2024-05-03 22:00:00+00:00,10.44,1.158,-2.88,1.673,-4.163,0.0
2024-05-03 23:00:00+00:00,11.78,0.433,-3.122,0.626,-4.513,0.0
2024-05-04 00:00:00+00:00,11.65,-0.325,-2.583,-0.47,-3.733,0.0
2024-05-04 01:00:00+00:00,12.18,-1.066,-2.259,-1.541,-3.265,0.0
2024-05-04 02:00:00+00:00,13.39,-1.597,-1.483,-2.308,-2.144,0.0
2024-05-04 03:00:00+00:00,15.72,-2.278,-0.861,-3.293,-1.244,0.0
2024-05-04 04:00:00+00:00,15.1,-2.44,0.023,-3.527,0.033,11.9
2024-05-04 05:00:00+00:00,13.55,-2.263,0.607,-3.271,0.877,32.5
2024-05-04 06:00:00+00:00,16.2,-2.276,1.209,-3.29,1.748,191.2
2024-05-04 07:00:00+00:00,16.84,-1.865,1.642,-2.696,2.373,378.2
2024-05-04 08:00:00+00:00,13.48,-1.387,2.039,-2.004,2.947,448.2
2024-05-04 09:00:00+00:00,13.93,-1.0,2.286,-1.446,3.304,468.4
2024-05-04 10:00:00+00:00,12.81,-0.514,2.208,-0.743,3.191,409.9
2024-05-04 11:00:00+00:00,11.33,-0.066,2.015,-0.096,2.913,210.3
2024-05-04 12:00:00+00:00,10.86,0.216,2.259,0.313,3.265,157.9
2024-05-04 13:00:00+00:00,10.32,0.479,2.666,0.693,3.854,154.4
2024-05-04 14:00:00+00:00,11.4,0.514,2.553,0.742,3.69,144.4
2024-05-04 15:00:00+00:00,10.89,0.729,2.876,1.054,4.156,128.4
2024-05-04 16:00:00+00:00,8.84,1.066,3.66,1.54,5.29,107.5
2024-05-04 17:00:00+00:00,7.11,1.284,3.558,1.856,5.143,83.2
2024-05-04 18:00:00+00:00,7.79,1.453,3.609,2.1,5.216,57.1
2024-05-04 19:00:00+00:00,9.12,1.936,4.451,2.798,6.434,31.0
2024-05-04 20:00:00+00:00,11.13,2.425,6.026,3.506,8.711,9.1
2024-05-04 21:00:00+00:00,10.16,1.935,5.824,2.796,8.418,0.0
2024-05-04 22:00:00+00:00,10.54,1.078,4.486,1.558,6.484,0.0
2024-05-04 23:00:00+00:00,11.52,0.848,5.251,1.226,7.59,0.0
2024-05-05 00:00:00+00:00,14.64,-0.019,4.588,-0.027,6.632,0.0
2024-05-05 01:00:00+00:00,15.71,-0.726,5.326,-1.049,7.699,0.0
2024-05-05 02:00:00+00:00,12.73,-0.931,4.447,-1.346,6.427,0.0
2024-05-05 03:00:00+00:00,13.05,-1.862,4.467,-2.691,6.457,0.0
2024-05-05 04:00:00+00:00,12.04,-3.854,4.972,-5.571,7.187,34.6
2024-05-05 05:00:00+00:00,13.33,-5.801,4.373,-8.385,6.321,136.3
2024-05-05 06:00:00+00:00,13.68,-8.0,2.589,-11.564,3.742,232.7
2024-05-05 07:00:00+00:00,12.21,-7.134,0.698,-10.311,1.008,279.5
2024-05-05 08:00:00+00:00,10.59,-6.188,-0.777,-8.945,-1.123,138.3
2024-05-05 09:00:00+00:00,10.69,-5.25,-2.451,-7.588,-3.543,139.0
2024-05-05 10:00:00+00:00,11.0,-4.279,-4.12,-6.184,-5.956,164.8
2024-05-05 11:00:00+00:00,11.92,-3.444,-5.679,-4.978,-8.209,287.4
2024-05-05 12:00:00+00:00,13.36,-2.54,-8.811,-3.671,-12.736,158.7
2024-05-05 13:00:00+00:00,13.34,-0.478,-8.228,-0.691,-11.893,183.0
2024-05-05 14:00:00+00:00,13.58,1.642,-7.991,2.373,-11.55,234.8
2024-05-05 15:00:00+00:00,15.51,4.144,-7.945,5.989,-11.485,199.7
2024-05-05 16:00:00+00:00,14.73,6.064,-5.287,8.766,-7.642,120.5
2024-05-05 17:00:00+00:00,12.56,7.871,-3.797,11.376,-5.488,84.2
2024-05-05 18:00:00+00:00,11.58,8.163,-1.723,11.799,-2.491,58.1
2024-05-05 19:00:00+00:00,11.36,9.184,0.774,13.276,1.119,32.1
2024-05-05 20:00:00+00:00,10.47,6.802,2.877,9.832,4.159,7.8
2024-05-05 21:00:00+00:00,9.99,4.911,4.194,7.099,6.063,0.0
2024-05-05 22:00:00+00:00,10.33,2.52,4.136,3.642,5.979,0.0
2024-05-05 23:00:00+00:00,10.67,0.956,4.481,1.382,6.477,0.0
2024-05-06 00:00:00+00:00,10.27,-0.38,4.591,-0.55,6.636,0.0
2024-05-06 01:00:00+00:00,8.86,-1.888,3.85,-2.73,5.565,0.0
2024-05-06 02:00:00+00:00,8.07,-2.605,2.707,-3.765,3.913,0.0
2024-05-06 03:00:00+00:00,7.44,-3.325,1.701,-4.806,2.459,0.0
2024-05-06 04:00:00+00:00,9.03,-3.791,0.846,-5.479,1.223,28.4
2024-05-06 05:00:00+00:00,9.32,-3.38,-0.256,-4.886,-0.37,62.7
2024-05-06 06:00:00+00:00,10.48,-3.138,-0.955,-4.536,-1.381,214.4
2024-05-06 07:00:00+00:00,7.45,-2.947,-1.739,-4.259,-2.514,268.5
2024-05-06 08:00:00+00:00,6.63,-3.097,-2.858,-4.476,-4.131,337.6
2024-05-06 09:00:00+00:00,7.35,-2.081,-2.954,-3.008,-4.27,383.6
2024-05-06 10:00:00+00:00,5.62,-1.426,-3.02,-2.061,-4.365,484.9
2024-05-06 11:00:00+00:00,5.25,-0.731,-3.036,-1.057,-4.389,563.4
2024-05-06 12:00:00+00:00,5.28,-0.061,-3.015,-0.089,-4.358,524.7
2024-05-06 13:00:00+00:00,4.67,0.228,-2.004,0.33,-2.896,593.9
2024-05-06 14:00:00+00:00,6.17,0.508,-2.092,0.735,-3.023,664.1
2024-05-06 15:00:00+00:00,6.9,0.938,-2.233,1.357,-3.228,591.5
2024-05-06 16:00:00+00:00,8.92,1.477,-2.456,2.134,-3.55,497.0
2024-05-06 17:00:00+00:00,9.63,1.598,-2.024,2.31,-2.925,386.8
2024-05-06 18:00:00+00:00,9.52,1.529,-1.396,2.21,-2.018,268.7
2024-05-06 19:00:00+00:00,9.82,1.255,-0.811,1.814,-1.173,150.5
2024-05-06 20:00:00+00:00,8.06,1.239,-0.514,1.791,-0.743,40.4
2024-05-06 21:00:00+00:00,9.96,1.338,-0.331,1.935,-0.478,0.0
2024-05-06 22:00:00+00:00,9.74,1.644,-0.224,2.377,-0.324,0.0
2024-05-06 23:00:00+00:00,11.09,1.356,-0.112,1.96,-0.162,0.0
2024-05-07 00:00:00+00:00,14.0,1.267,-0.045,1.832,-0.065,0.0
2024-05-07 01:00:00+00:00,12.81,1.291,0.078,1.866,0.113,0.0
2024-05-07 02:00:00+00:00,14.8,1.26,0.255,1.822,0.369,0.0
2024-05-07 03:00:00+00:00,12.44,1.313,0.532,1.898,0.768,0.0
2024-05-07 04:00:00+00:00,9.62,1.625,1.121,2.35,1.621,39.0
2024-05-07 05:00:00+00:00,7.39,1.123,1.432,1.623,2.07,155.0
2024-05-07 06:00:00+00:00,9.21,0.634,1.805,0.916,2.609,273.1
2024-05-07 07:00:00+00:00,7.91,0.192,1.83,0.277,2.645,391.1
2024-05-07 08:00:00+00:00,7.16,-0.164,1.844,-0.237,2.666,501.0
2024-05-07 09:00:00+00:00,8.2,-0.685,1.821,-0.99,2.633,595.4
2024-05-07 10:00:00+00:00,7.05,-1.101,1.765,-1.592,2.552,667.9
2024-05-07 11:00:00+00:00,5.34,-1.603,1.474,-2.317,2.131,713.5
2024-05-07 12:00:00+00:00,3.43,-1.776,0.999,-2.567,1.444,729.0
2024-05-07 13:00:00+00:00,2.51,-2.479,0.617,-3.584,0.891,713.5
2024-05-07 14:00:00+00:00,1.24,-2.401,0.318,-3.471,0.46,667.9
2024-05-07 15:00:00+00:00,0.73,-2.954,0.104,-4.269,0.151,595.4
2024-05-07 16:00:00+00:00,-0.04,-3.056,-0.447,-4.417,-0.645,501.0
2024-05-07 17:00:00+00:00,3.58,-3.046,-1.073,-4.403,-1.551,391.1
2024-05-07 18:00:00+00:00,3.59,-2.835,-1.637,-4.098,-2.366,273.1
2024-05-07 19:00:00+00:00,5.23,-2.02,-1.869,-2.92,-2.702,155.0
2024-05-07 20:00:00+00:00,8.29,-1.215,-1.883,-1.756,-2.722,45.1
2024-05-07 21:00:00+00:00,7.84,-0.818,-2.157,-1.182,-3.118,0.0
2024-05-07 22:00:00+00:00,8.65,-0.348,-2.408,-0.503,-3.481,0.0
2024-05-07 23:00:00+00:00,10.13,0.041,-2.408,0.059,-3.48,0.0
2024-05-08 00:00:00+00:00,10.8,0.577,-2.36,0.834,-3.412,0.0
2024-05-08 01:00:00+00:00,12.14,1.309,-2.996,1.893,-4.33,0.0
2024-05-08 02:00:00+00:00,11.67,1.725,-2.749,2.493,-3.974,0.0
2024-05-08 03:00:00+00:00,11.21,2.02,-2.031,2.92,-2.936,0.0
2024-05-08 04:00:00+00:00,10.06,2.51,-1.41,3.628,-2.038,26.6
2024-05-08 05:00:00+00:00,7.72,2.774,-0.616,4.01,-0.891,112.4
2024-05-08 06:00:00+00:00,8.51,2.924,0.327,4.227,0.473,140.7
2024-05-08 07:00:00+00:00,7.18,2.863,1.197,4.139,1.73,284.0
2024-05-08 08:00:00+00:00,8.39,2.012,1.801,2.909,2.603,505.0
2024-05-08 09:00:00+00:00,9.51,1.505,2.427,2.175,3.508,599.3
2024-05-08 10:00:00+00:00,8.34,1.099,3.021,1.588,4.367,671.6
2024-05-08 11:00:00+00:00,6.97,0.328,2.922,0.474,4.224,717.1
2024-05-08 12:00:00+00:00,5.77,-0.161,3.409,-0.232,4.927,732.6
2024-05-08 13:00:00+00:00,3.05,-0.607,3.116,-0.878,4.505,717.1
2024-05-08 14:00:00+00:00,-0.06,-1.386,3.561,-2.003,5.147,671.6
2024-05-08 15:00:00+00:00,1.94,-2.291,3.603,-3.311,5.208,486.3
2024-05-08 16:00:00+00:00,3.66,-3.317,3.35,-4.794,4.843,446.0
2024-05-08 17:00:00+00:00,5.96,-3.294,2.656,-4.761,3.839,395.2
2024-05-08 18:00:00+00:00,7.24,-2.989,2.166,-4.32,3.131,277.4
2024-05-08 19:00:00+00:00,8.87,-2.432,1.484,-3.515,2.146,115.0
2024-05-08 20:00:00+00:00,10.64,-2.572,1.434,-3.717,2.073,26.5
2024-05-08 21:00:00+00:00,12.08,-3.029,1.172,-4.379,1.694,0.0
2024-05-08 22:00:00+00:00,13.35,-2.486,0.511,-3.593,0.739,0.0
2024-05-08 23:00:00+00:00,14.15,-2.583,0.158,-3.734,0.228,0.0
2024-05-09 00:00:00+00:00,12.88,-2.576,-0.155,-3.723,-0.224,0.0
2024-05-09 01:00:00+00:00,12.88,-2.601,-0.343,-3.76,-0.496,0.0
2024-05-09 02:00:00+00:00,12.66,-2.484,-0.528,-3.591,-0.764,0.0
2024-05-09 03:00:00+00:00,14.3,-2.965,-0.841,-4.286,-1.216,0.0
2024-05-09 04:00:00+00:00,13.67,-3.127,-1.23,-4.52,-1.777,37.7
2024-05-09 05:00:00+00:00,9.29,-3.22,-1.553,-4.654,-2.244,125.6
2024-05-09 06:00:00+00:00,7.26,-2.785,-1.68,-4.025,-2.429,243.9
2024-05-09 07:00:00+00:00,8.2,-2.518,-1.881,-3.64,-2.719,201.6
2024-05-09 08:00:00+00:00,9.57,-2.036,-1.968,-2.943,-2.844,236.2
2024-05-09 09:00:00+00:00,12.93,-1.685,-1.908,-2.436,-2.758,459.6
2024-05-09 10:00:00+00:00,9.57,-1.604,-1.982,-2.318,-2.865,675.3
2024-05-09 11:00:00+00:00,7.5,-1.944,-2.292,-2.81,-3.313,720.7
2024-05-09 12:00:00+00:00,6.2,-1.434,-2.087,-2.073,-3.016,535.2
2024-05-09 13:00:00+00:00,5.18,-1.479,-2.156,-2.138,-3.117,691.9
2024-05-09 14:00:00+00:00,7.36,-1.494,-1.955,-2.159,-2.826,446.2
2024-05-09 15:00:00+00:00,5.88,-1.982,-2.181,-2.865,-3.152,186.6
2024-05-09 16:00:00+00:00,7.37,-2.401,-2.111,-3.471,-3.051,281.6
2024-05-09 17:00:00+00:00,8.66,-3.47,-2.114,-5.016,-3.055,345.6
2024-05-09 18:00:00+00:00,6.26,-3.914,-1.737,-5.658,-2.51,281.6
2024-05-09 19:00:00+00:00,5.77,-4.039,-1.363,-5.839,-1.97,121.7
2024-05-09 20:00:00+00:00,8.78,-4.583,-1.238,-6.625,-1.789,44.2
2024-05-09 21:00:00+00:00,10.1,-4.767,-0.834,-6.891,-1.205,0.0
2024-05-09 22:00:00+00:00,9.88,-4.965,-0.592,-7.176,-0.856,0.0
2024-05-09 23:00:00+00:00,11.09,-5.464,-0.092,-7.897,-0.133,0.0
2024-05-10 00:00:00+00:00,11.45,-4.764,0.921,-6.886,1.331,0.0
2024-05-10 01:00:00+00:00,11.86,-4.891,2.02,-7.069,2.919,0.0
2024-05-10 02:00:00+00:00,14.64,-4.582,3.202,-6.622,4.628,0.0
2024-05-10 03:00:00+00:00,17.15,-3.402,3.923,-4.917,5.67,0.0
2024-05-10 04:00:00+00:00,16.15,-1.911,3.853,-2.763,5.569,12.9
2024-05-10 05:00:00+00:00,15.92,-0.748,4.629,-1.081,6.691,37.0
2024-05-10 06:00:00+00:00,15.21,0.675,4.118,0.975,5.952,105.3
2024-05-10 07:00:00+00:00,12.98,1.999,3.912,2.89,5.655,176.1
2024-05-10 08:00:00+00:00,11.96,2.915,2.765,4.213,3.997,429.6
2024-05-10 09:00:00+00:00,11.86,3.159,1.47,4.567,2.125,403.7
2024-05-10 10:00:00+00:00,14.45,2.936,0.143,4.244,0.207,445.5
2024-05-10 11:00:00+00:00,14.65,2.772,-1.008,4.007,-1.457,392.3
2024-05-10 12:00:00+00:00,15.19,1.744,-1.877,2.521,-2.713,478.0
2024-05-10 13:00:00+00:00,13.88,0.722,-2.311,1.044,-3.34,159.3
2024-05-10 14:00:00+00:00,12.17,-0.207,-2.285,-0.3,-3.303,468.7
2024-05-10 15:00:00+00:00,11.49,-0.739,-1.553,-1.068,-2.245,305.1
2024-05-10 16:00:00+00:00,10.33,-1.042,-0.946,-1.506,-1.367,151.2
2024-05-10 17:00:00+00:00,11.06,-1.183,-0.433,-1.71,-0.625,152.9
2024-05-10 18:00:00+00:00,13.67,-1.446,-0.021,-2.09,-0.03,204.9
2024-05-10 19:00:00+00:00,12.14,-1.626,0.59,-2.351,0.852,59.6
2024-05-10 20:00:00+00:00,14.52,-1.325,1.121,-1.915,1.62,42.5
2024-05-10 21:00:00+00:00,14.78,-0.73,1.289,-1.056,1.864,0.0
2024-05-10 22:00:00+00:00,16.39,-0.172,1.733,-0.249,2.505,0.0
2024-05-10 23:00:00+00:00,16.87,0.536,1.381,0.775,1.996,0.0
2024-05-11 00:00:00+00:00,19.1,1.31,0.858,1.894,1.24,0.0
2024-05-11 01:00:00+00:00,18.3,1.378,0.022,1.992,0.032,0.0
2024-05-11 02:00:00+00:00,16.56,1.628,-0.875,2.353,-1.264,0.0
2024-05-11 03:00:00+00:00,18.78,1.028,-1.677,1.486,-2.424,0.0
2024-05-11 04:00:00+00:00,17.92,-0.096,-2.129,-0.139,-3.077,63.1
2024-05-11 05:00:00+00:00,18.43,-1.151,-1.693,-1.664,-2.447,172.5
2024-05-11 06:00:00+00:00,17.47,-1.974,-1.001,-2.853,-1.448,289.8
2024-05-11 07:00:00+00:00,14.74,-1.935,0.083,-2.797,0.121,407.1
2024-05-11 08:00:00+00:00,15.07,-1.403,0.884,-2.028,1.277,266.2
2024-05-11 09:00:00+00:00,13.66,-0.787,1.332,-1.137,1.926,134.3
2024-05-11 10:00:00+00:00,13.75,0.009,1.987,0.013,2.872,150.1
2024-05-11 11:00:00+00:00,12.3,1.152,1.789,1.665,2.586,160.1
2024-05-11 12:00:00+00:00,12.27,2.052,0.964,2.966,1.394,271.4
2024-05-11 13:00:00+00:00,12.79,2.871,-0.272,4.149,-0.393,213.3
2024-05-11 14:00:00+00:00,12.38,1.955,-1.468,2.826,-2.122,351.3
2024-05-11 15:00:00+00:00,11.69,0.793,-2.044,1.147,-2.954,376.3
2024-05-11 16:00:00+00:00,10.19,-0.693,-3.077,-1.002,-4.448,312.6
2024-05-11 17:00:00+00:00,7.62,-1.72,-1.625,-2.486,-2.349,197.1
2024-05-11 18:00:00+00:00,4.5,-3.098,-0.57,-4.478,-0.823,63.7
2024-05-11 19:00:00+00:00,3.77,-3.722,1.349,-5.38,1.95,37.9
2024-05-11 20:00:00+00:00,1.21,-1.873,2.806,-2.707,4.056,13.9
2024-05-11 21:00:00+00:00,3.28,0.17,3.482,0.246,5.032,0.0
2024-05-11 22:00:00+00:00,5.7,2.532,2.78,3.66,4.018,0.0
2024-05-11 23:00:00+00:00,7.58,4.64,0.895,6.707,1.294,0.0
2024-05-12 00:00:00+00:00,10.92,4.069,-1.797,5.882,-2.598,0.0
2024-05-12 01:00:00+00:00,9.16,2.749,-3.666,3.973,-5.298,0.0
2024-05-12 02:00:00+00:00,9.41,0.125,-4.487,0.18,-6.486,0.0
2024-05-12 03:00:00+00:00,10.21,-1.834,-3.3,-2.651,-4.77,0.0
2024-05-12 04:00:00+00:00,9.02,-3.521,-2.057,-5.089,-2.973,46.2
2024-05-12 05:00:00+00:00,8.79,-4.271,0.366,-6.173,0.529,117.8
2024-05-12 06:00:00+00:00,9.19,-3.01,2.754,-4.35,3.981,100.1
2024-05-12 07:00:00+00:00,7.76,-0.59,3.47,-0.852,5.015,303.3
2024-05-12 08:00:00+00:00,6.4,1.497,3.315,2.164,4.792,389.9
2024-05-12 09:00:00+00:00,6.8,2.512,1.829,3.631,2.644,613.8
2024-05-12 10:00:00+00:00,7.18,3.537,0.45,5.113,0.651,685.7
2024-05-12 11:00:00+00:00,8.84,3.119,-1.59,4.508,-2.298,730.9
2024-05-12 12:00:00+00:00,7.72,2.02,-3.919,2.92,-5.665,706.5
2024-05-12 13:00:00+00:00,6.66,-0.816,-5.002,-1.179,-7.23,631.2
2024-05-12 14:00:00+00:00,4.01,-3.014,-3.346,-4.356,-4.836,685.7
2024-05-12 15:00:00+00:00,2.97,-5.149,-1.164,-7.442,-1.683,613.8
2024-05-12 16:00:00+00:00,4.08,-4.267,1.529,-6.168,2.21,520.0
2024-05-12 17:00:00+00:00,2.63,-1.957,2.183,-2.829,3.156,410.9
2024-05-12 18:00:00+00:00,3.98,-0.763,3.219,-1.103,4.653,258.7
2024-05-12 19:00:00+00:00,6.72,0.626,2.847,0.904,4.115,170.3
2024-05-12 20:00:00+00:00,8.12,2.143,2.625,3.097,3.795,29.4
2024-05-12 21:00:00+00:00,8.16,3.55,1.57,5.131,2.269,0.0
2024-05-12 22:00:00+00:00,9.85,4.096,-0.273,5.92,-0.395,0.0
2024-05-12 23:00:00+00:00,7.88,3.294,-1.835,4.761,-2.652,0.0
2024-05-13 00:00:00+00:00,9.43,1.742,-2.527,2.518,-3.652,0.0
2024-05-13 01:00:00+00:00,9.07,0.504,-2.838,0.728,-4.103,0.0
2024-05-13 02:00:00+00:00,10.13,-0.897,-2.723,-1.297,-3.936,0.0
2024-05-13 03:00:00+00:00,11.16,-1.895,-1.811,-2.739,-2.618,0.0
2024-05-13 04:00:00+00:00,9.44,-2.704,-0.76,-3.908,-1.099,15.8
2024-05-13 05:00:00+00:00,3.34,-2.68,0.526,-3.874,0.761,39.7
2024-05-13 06:00:00+00:00,2.35,-2.029,1.85,-2.933,2.673,77.7
2024-05-13 07:00:00+00:00,3.77,-0.646,2.292,-0.934,3.313,91.2
2024-05-13 08:00:00+00:00,1.05,0.722,2.552,1.044,3.688,200.7
2024-05-13 09:00:00+00:00,-1.1,1.994,1.914,2.882,2.767,279.3
2024-05-13 10:00:00+00:00,0.85,2.986,0.543,4.316,0.785,194.0
2024-05-13 11:00:00+00:00,2.04,2.651,-1.17,3.832,-1.691,387.3
2024-05-13 12:00:00+00:00,1.57,2.058,-2.692,2.975,-3.892,265.5
2024-05-13 13:00:00+00:00,0.95,0.486,-3.359,0.703,-4.855,309.6
2024-05-13 14:00:00+00:00,-1.79,-1.198,-2.322,-1.731,-3.357,415.0
2024-05-13 15:00:00+00:00,1.3,-2.891,-1.233,-4.178,-1.782,617.2
2024-05-13 16:00:00+00:00,4.04,-3.478,0.96,-5.027,1.388,360.4
2024-05-13 17:00:00+00:00,5.09,-2.229,2.702,-3.221,3.906,172.7
2024-05-13 18:00:00+00:00,7.1,-0.345,3.242,-0.499,4.685,65.5
2024-05-13 19:00:00+00:00,6.7,2.025,3.411,2.927,4.931,63.6
2024-05-13 20:00:00+00:00,5.74,3.908,1.248,5.649,1.804,28.9
2024-05-13 21:00:00+00:00,7.46,4.195,-1.804,6.064,-2.608,0.0
2024-05-13 22:00:00+00:00,8.37,1.879,-3.963,2.715,-5.728,0.0
2024-05-13 23:00:00+00:00,10.75,-1.233,-4.555,-1.783,-6.584,0.0
2024-05-14 00:00:00+00:00,9.66,-3.371,-2.083,-4.872,-3.01,0.0
2024-05-14 01:00:00+00:00,8.0,-4.275,1.078,-6.18,1.557,0.0
2024-05-14 02:00:00+00:00,10.59,-2.473,3.779,-3.575,5.462,0.0
2024-05-14 03:00:00+00:00,13.55,0.793,4.253,1.146,6.148,0.0
2024-05-14 04:00:00+00:00,15.54,3.495,2.624,5.051,3.793,75.7
2024-05-14 05:00:00+00:00,12.98,3.406,-0.619,4.923,-0.894,184.6
2024-05-14 06:00:00+00:00,9.86,1.855,-2.851,2.681,-4.121,301.4
2024-05-14 07:00:00+00:00,9.16,-0.762,-3.341,-1.101,-4.829,412.9
2024-05-14 08:00:00+00:00,11.97,-2.786,-1.751,-4.027,-2.531,501.6
2024-05-14 09:00:00+00:00,13.2,-2.982,0.629,-4.31,0.909,577.9
2024-05-14 10:00:00+00:00,10.19,-1.586,2.619,-2.292,3.785,536.1
2024-05-14 11:00:00+00:00,7.78,0.695,2.549,1.005,3.684,617.4
2024-05-14 12:00:00+00:00,11.54,2.779,1.43,4.017,2.067,752.7
2024-05-14 13:00:00+00:00,10.31,3.554,-1.015,5.137,-1.467,737.3
2024-05-14 14:00:00+00:00,12.5,1.528,-2.072,2.209,-2.995,296.3
2024-05-14 15:00:00+00:00,12.51,-0.166,-2.85,-0.24,-4.12,136.5
2024-05-14 16:00:00+00:00,9.59,-1.855,-2.23,-2.682,-3.224,115.9
2024-05-14 17:00:00+00:00,7.64,-3.279,-0.541,-4.74,-0.781,92.0
2024-05-14 18:00:00+00:00,7.37,-2.615,1.903,-3.779,2.751,66.3
2024-05-14 19:00:00+00:00,8.4,-0.545,3.799,-0.788,5.492,40.6
2024-05-14 20:00:00+00:00,11.43,1.605,1.593,2.319,2.303,16.7
2024-05-14 21:00:00+00:00,11.6,2.669,-0.496,3.857,-0.718,0.0
2024-05-14 22:00:00+00:00,13.66,0.857,-2.235,1.238,-3.23,0.0
2024-05-14 23:00:00+00:00,12.04,-1.114,-1.613,-1.611,-2.332,0.0
2024-05-15 00:00:00+00:00,11.41,-2.055,-0.188,-2.97,-0.272,0.0
2024-05-15 01:00:00+00:00,14.04,-1.345,1.398,-1.944,2.021,0.0
2024-05-15 02:00:00+00:00,15.02,0.463,2.464,0.67,3.561,0.0
2024-05-15 03:00:00+00:00,15.03,2.31,1.005,3.339,1.453,0.0
2024-05-15 04:00:00+00:00,14.11,2.47,-1.41,3.57,-2.039,79.7
2024-05-15 05:00:00+00:00,12.85,0.465,-3.003,0.672,-4.341,188.4
2024-05-15 06:00:00+00:00,12.94,-1.877,-2.121,-2.713,-3.066,226.4
2024-05-15 07:00:00+00:00,11.74,-2.846,0.264,-4.114,0.381,364.5
2024-05-15 08:00:00+00:00,12.39,-1.406,2.438,-2.032,3.525,432.6
2024-05-15 09:00:00+00:00,10.09,1.259,2.461,1.819,3.557,593.0
2024-05-15 10:00:00+00:00,9.24,2.874,0.575,4.154,0.831,424.9
2024-05-15 11:00:00+00:00,9.39,2.022,-1.448,2.923,-2.094,740.3
2024-05-15 12:00:00+00:00,11.77,0.115,-2.295,0.167,-3.317,755.7
2024-05-15 13:00:00+00:00,9.88,-1.466,-1.378,-2.119,-1.991,740.3
2024-05-15 14:00:00+00:00,12.2,-1.736,0.178,-2.51,0.257,695.3
2024-05-15 15:00:00+00:00,11.17,-1.077,1.716,-1.557,2.48,623.7
2024-05-15 16:00:00+00:00,13.64,1.033,2.042,1.493,2.952,530.4
2024-05-15 17:00:00+00:00,12.16,2.2,0.101,3.18,0.146,421.7
2024-05-15 18:00:00+00:00,10.56,1.187,-1.726,1.716,-2.494,305.1
2024-05-15 19:00:00+00:00,10.52,-0.948,-2.643,-1.371,-3.821,188.4
2024-05-15 20:00:00+00:00,12.94,-3.178,-1.05,-4.594,-1.517,79.7
2024-05-15 21:00:00+00:00,13.99,-3.029,1.341,-4.378,1.939,0.0
2024-05-15 22:00:00+00:00,16.76,-1.523,2.788,-2.201,4.029,0.0
2024-05-15 23:00:00+00:00,16.26,0.266,3.461,0.384,5.003,0.0
2024-05-16 00:00:00+00:00,16.64,2.428,3.092,3.51,4.469,0.0
2024-05-16 01:00:00+00:00,16.76,4.711,1.389,6.81,2.008,0.0
2024-05-16 02:00:00+00:00,17.98,5.591,-1.951,8.081,-2.82,0.0
2024-05-16 03:00:00+00:00,17.09,2.542,-4.025,3.674,-5.818,0.0
2024-05-16 04:00:00+00:00,14.41,-0.085,-4.869,-0.123,-7.038,18.4
2024-05-16 05:00:00+00:00,14.95,-3.562,-4.39,-5.148,-6.346,42.3
2024-05-16 06:00:00+00:00,12.6,-5.451,-0.935,-7.879,-1.352,67.9
2024-05-16 07:00:00+00:00,11.4,-5.603,3.311,-8.098,4.786,93.5
2024-05-16 08:00:00+00:00,11.91,-2.746,6.5,-3.969,9.395,117.4
2024-05-16 09:00:00+00:00,8.01,1.397,6.445,2.02,9.316,137.9
2024-05-16 10:00:00+00:00,5.73,5.841,5.69,8.443,8.225,258.6
2024-05-16 11:00:00+00:00,5.89,7.913,0.936,11.438,1.353,482.7
2024-05-16 12:00:00+00:00,6.86,7.489,-5.062,10.824,-7.317,349.7
2024-05-16 13:00:00+00:00,6.38,3.43,-10.612,4.958,-15.34,519.0
2024-05-16 14:00:00+00:00,7.44,-2.868,-9.331,-4.146,-13.488,376.6
2024-05-16 15:00:00+00:00,4.89,-7.656,-6.317,-11.066,-9.131,137.9
2024-05-16 16:00:00+00:00,5.2,-9.658,-1.368,-13.96,-1.977,117.4
2024-05-16 17:00:00+00:00,4.19,-8.478,3.631,-12.254,5.249,109.6
2024-05-16 18:00:00+00:00,6.59,-4.422,6.059,-6.392,8.758,195.6
2024-05-16 19:00:00+00:00,7.65,-0.773,8.151,-1.117,11.782,127.0
2024-05-16 20:00:00+00:00,7.7,2.612,7.535,3.775,10.891,35.1
2024-05-16 21:00:00+00:00,12.01,5.163,5.158,7.463,7.455,0.0
2024-05-16 22:00:00+00:00,13.41,7.285,2.043,10.53,2.953,0.0
2024-05-16 23:00:00+00:00,11.52,7.178,-1.863,10.376,-2.693,0.0
2024-05-17 00:00:00+00:00,12.53,5.422,-5.359,7.837,-7.747,0.0
2024-05-17 01:00:00+00:00,11.58,2.03,-6.343,2.935,-9.168,0.0
2024-05-17 02:00:00+00:00,12.67,-1.429,-6.623,-2.066,-9.573,0.0
2024-05-17 03:00:00+00:00,13.72,-4.554,-5.128,-6.583,-7.412,0.0
2024-05-17 04:00:00+00:00,11.85,-5.589,-1.994,-8.079,-2.882,35.1
2024-05-17 05:00:00+00:00,12.21,-6.718,1.011,-9.71,1.462,162.6
2024-05-17 06:00:00+00:00,12.37,-4.291,2.746,-6.203,3.969,242.6
2024-05-17 07:00:00+00:00,12.57,-3.386,5.134,-4.894,7.421,208.9
2024-05-17 08:00:00+00:00,10.99,-0.513,5.785,-0.742,8.361,208.7
2024-05-17 09:00:00+00:00,9.54,2.435,5.328,3.52,7.702,138.6
2024-05-17 10:00:00+00:00,9.2,3.774,2.522,5.455,3.646,154.3
2024-05-17 11:00:00+00:00,9.28,4.25,0.549,6.143,0.793,164.2
2024-05-17 12:00:00+00:00,11.64,4.258,-1.622,6.154,-2.345,167.5
2024-05-17 13:00:00+00:00,13.56,2.35,-3.091,3.397,-4.468,341.5
2024-05-17 14:00:00+00:00,11.88,0.031,-3.855,0.044,-5.572,154.3
2024-05-17 15:00:00+00:00,11.1,-2.405,-3.521,-3.477,-5.09,138.6
2024-05-17 16:00:00+00:00,13.33,-3.636,-1.818,-5.255,-2.628,118.1
2024-05-17 17:00:00+00:00,12.97,-3.409,0.258,-4.928,0.373,323.1
2024-05-17 18:00:00+00:00,13.59,-3.031,1.646,-4.381,2.379,257.4
2024-05-17 19:00:00+00:00,14.91,-2.036,2.748,-2.944,3.972,195.8
2024-05-17 20:00:00+00:00,17.59,-0.608,3.504,-0.878,5.064,80.4
2024-05-17 21:00:00+00:00,16.11,1.081,3.15,1.563,4.553,0.0
2024-05-17 22:00:00+00:00,15.59,1.983,2.122,2.867,3.067,0.0
2024-05-17 23:00:00+00:00,18.92,3.948,2.19,5.707,3.165,0.0
2024-05-18 00:00:00+00:00,17.8,4.257,0.71,6.154,1.026,0.0
2024-05-18 01:00:00+00:00,17.3,3.929,-0.772,5.679,-1.116,0.0
2024-05-18 02:00:00+00:00,18.75,3.369,-2.345,4.87,-3.39,0.0
2024-05-18 03:00:00+00:00,18.57,2.444,-3.6,3.533,-5.203,0.0
2024-05-18 04:00:00+00:00,17.35,0.987,-4.939,1.426,-7.139,25.1
2024-05-18 05:00:00+00:00,16.63,-0.893,-5.115,-1.291,-7.393,55.7
2024-05-18 06:00:00+00:00,13.85,-2.095,-3.805,-3.029,-5.5,144.4
2024-05-18 07:00:00+00:00,15.38,-2.955,-2.774,-4.272,-4.009,238.5
2024-05-18 08:00:00+00:00,11.95,-2.874,-1.208,-4.154,-1.747,200.9
2024-05-18 09:00:00+00:00,13.51,-3.999,0.335,-5.78,0.485,175.7
2024-05-18 10:00:00+00:00,16.36,-2.364,1.428,-3.417,2.064,166.8
2024-05-18 11:00:00+00:00,14.09,-1.21,2.238,-1.749,3.235,190.0
2024-05-18 12:00:00+00:00,10.81,-0.044,1.995,-0.064,2.884,367.6
2024-05-18 13:00:00+00:00,12.57,0.899,1.906,1.3,2.755,482.9
2024-05-18 14:00:00+00:00,9.05,1.479,1.278,2.138,1.848,298.9
2024-05-18 15:00:00+00:00,10.72,2.227,0.676,3.219,0.977,471.4
2024-05-18 16:00:00+00:00,12.49,2.505,-0.047,3.62,-0.067,417.0
2024-05-18 17:00:00+00:00,11.93,3.066,-1.304,4.432,-1.885,304.2
2024-05-18 18:00:00+00:00,13.41,2.24,-1.815,3.237,-2.624,226.8
2024-05-18 19:00:00+00:00,11.71,1.561,-2.248,2.256,-3.25,98.1
2024-05-18 20:00:00+00:00,12.02,0.919,-2.6,1.328,-3.758,54.1
2024-05-18 21:00:00+00:00,11.81,0.079,-1.912,0.115,-2.764,0.0
2024-05-18 22:00:00+00:00,11.3,-0.661,-2.909,-0.955,-4.204,0.0
2024-05-18 23:00:00+00:00,12.06,-1.284,-2.761,-1.856,-3.991,0.0
2024-05-19 00:00:00+00:00,14.03,-2.223,-2.419,-3.213,-3.497,0.0
2024-05-19 01:00:00+00:00,11.88,-3.624,-2.04,-5.238,-2.949,0.0
2024-05-19 02:00:00+00:00,13.67,-4.77,-1.02,-6.895,-1.475,0.0
2024-05-19 03:00:00+00:00,13.82,-4.52,0.536,-6.533,0.775,1.7
2024-05-19 04:00:00+00:00,12.52,-2.968,1.401,-4.289,2.025,94.8
2024-05-19 05:00:00+00:00,14.57,-2.659,2.656,-3.843,3.84,202.9
2024-05-19 06:00:00+00:00,15.45,-1.586,3.895,-2.292,5.631,318.9
2024-05-19 07:00:00+00:00,14.68,-0.008,3.72,-0.012,5.377,434.9
2024-05-19 08:00:00+00:00,11.04,1.33,3.784,1.922,5.469,543.0
2024-05-19 09:00:00+00:00,12.74,1.694,1.918,2.449,2.772,635.8
2024-05-19 10:00:00+00:00,10.78,2.0,0.993,2.891,1.435,707.0
2024-05-19 11:00:00+00:00,9.1,2.004,0.214,2.896,0.309,751.8
2024-05-19 12:00:00+00:00,10.54,1.919,-0.457,2.774,-0.66,767.0
2024-05-19 13:00:00+00:00,7.84,1.763,-1.272,2.548,-1.838,751.8
2024-05-19 14:00:00+00:00,6.01,1.241,-1.965,1.793,-2.84,707.0
2024-05-19 15:00:00+00:00,6.25,0.524,-2.382,0.758,-3.442,635.8
2024-05-19 16:00:00+00:00,7.29,-0.132,-2.436,-0.19,-3.522,399.0
2024-05-19 17:00:00+00:00,6.89,-0.571,-1.824,-0.825,-2.636,401.7
2024-05-19 18:00:00+00:00,7.82,-0.922,-1.607,-1.333,-2.323,318.9
2024-05-19 19:00:00+00:00,6.17,-1.155,-1.329,-1.67,-1.922,202.9
2024-05-19 20:00:00+00:00,6.84,-1.738,-1.161,-2.513,-1.679,94.8
2024-05-19 21:00:00+00:00,8.73,-1.981,-0.606,-2.863,-0.876,2.0
2024-05-19 22:00:00+00:00,12.47,-1.886,-0.001,-2.725,-0.001,0.0
2024-05-19 23:00:00+00:00,11.55,-1.963,0.605,-2.838,0.874,0.0
2024-05-20 00:00:00+00:00,11.98,-1.846,1.19,-2.668,1.72,0.0
2024-05-20 01:00:00+00:00,13.42,-1.889,2.061,-2.731,2.978,0.0
2024-05-20 02:00:00+00:00,16.35,-1.045,1.991,-1.511,2.877,0.0
2024-05-20 03:00:00+00:00,17.87,-0.495,1.89,-0.715,2.731,4.3
2024-05-20 04:00:00+00:00,18.32,0.126,2.18,0.182,3.151,21.6
2024-05-20 05:00:00+00:00,17.03,0.916,2.681,1.325,3.875,111.2
2024-05-20 06:00:00+00:00,18.24,1.093,1.678,1.581,2.426,115.8
2024-05-20 07:00:00+00:00,16.42,1.306,1.183,1.888,1.71,171.5
2024-05-20 08:00:00+00:00,12.09,1.494,0.795,2.159,1.149,277.3
2024-05-20 09:00:00+00:00,9.93,2.566,0.429,3.708,0.621,313.3
2024-05-20 10:00:00+00:00,8.81,2.155,-0.288,3.115,-0.416,156.1
2024-05-20 11:00:00+00:00,7.92,1.899,-0.985,2.745,-1.424,166.0
2024-05-20 12:00:00+00:00,3.92,1.021,-1.207,1.477,-1.745,234.9
2024-05-20 13:00:00+00:00,3.02,0.62,-1.684,0.895,-2.434,508.1
2024-05-20 14:00:00+00:00,3.97,0.041,-2.077,0.059,-3.003,435.9
2024-05-20 15:00:00+00:00,0.67,-0.776,-2.207,-1.121,-3.19,173.4
2024-05-20 16:00:00+00:00,0.5,-1.294,-1.749,-1.871,-2.528,357.7
2024-05-20 17:00:00+00:00,2.05,-2.329,-1.513,-3.367,-2.186,207.3
2024-05-20 18:00:00+00:00,5.15,-2.726,-0.455,-3.941,-0.658,134.2
2024-05-20 19:00:00+00:00,7.62,-3.284,0.949,-4.747,1.371,120.1
2024-05-20 20:00:00+00:00,8.75,-2.019,1.903,-2.918,2.751,76.5
2024-05-20 21:00:00+00:00,10.46,-0.908,2.862,-1.312,4.136,4.1
2024-05-20 22:00:00+00:00,13.01,0.536,3.386,0.775,4.895,0.0
2024-05-20 23:00:00+00:00,11.01,2.052,2.593,2.966,3.747,0.0
2024-05-21 00:00:00+00:00,12.36,3.839,1.594,5.55,2.303,0.0
2024-05-21 01:00:00+00:00,13.48,3.295,-0.385,4.762,-0.556,0.0
2024-05-21 02:00:00+00:00,15.74,2.837,-2.058,4.101,-2.975,0.0
2024-05-21 03:00:00+00:00,19.46,2.098,-4.189,3.032,-6.055,5.1
2024-05-21 04:00:00+00:00,17.87,-0.076,-4.905,-0.109,-7.089,47.7
2024-05-21 05:00:00+00:00,14.58,-2.496,-4.274,-3.608,-6.178,98.2
2024-05-21 06:00:00+00:00,14.28,-4.881,-3.391,-7.055,-4.902,71.5
2024-05-21 07:00:00+00:00,14.93,-5.553,-1.006,-8.027,-1.455,218.8
2024-05-21 08:00:00+00:00,13.4,-4.69,1.327,-6.779,1.918,120.7
2024-05-21 09:00:00+00:00,13.11,-4.106,3.063,-5.936,4.427,141.1
2024-05-21 10:00:00+00:00,12.64,-3.912,5.254,-5.655,7.595,156.7
2024-05-21 11:00:00+00:00,10.85,-2.611,6.517,-3.773,9.42,166.5
2024-05-21 12:00:00+00:00,10.5,-0.8,6.743,-1.156,9.746,169.9
2024-05-21 13:00:00+00:00,8.44,0.945,5.538,1.365,8.004,166.5
2024-05-21 14:00:00+00:00,9.81,2.356,4.446,3.405,6.426,156.7
2024-05-21 15:00:00+00:00,12.87,2.814,2.779,4.067,4.017,141.1
2024-05-21 16:00:00+00:00,13.73,4.479,2.465,6.474,3.564,120.7
2024-05-21 17:00:00+00:00,12.95,4.795,0.742,6.931,1.073,97.0
2024-05-21 18:00:00+00:00,14.49,5.033,-0.962,7.275,-1.391,71.5
2024-05-21 19:00:00+00:00,14.92,3.705,-2.394,5.355,-3.46,46.1
2024-05-21 20:00:00+00:00,14.59,2.095,-3.465,3.028,-5.009,22.4
2024-05-21 21:00:00+00:00,13.9,0.6,-3.49,0.867,-5.045,2.0
2024-05-21 22:00:00+00:00,16.02,-0.805,-3.754,-1.164,-5.426,0.0
2024-05-21 23:00:00+00:00,17.26,-1.694,-3.019,-2.448,-4.364,0.0
2024-05-22 00:00:00+00:00,16.87,-2.574,-2.202,-3.72,-3.184,0.0
2024-05-22 01:00:00+00:00,19.81,-3.02,-1.03,-4.365,-1.489,0.0
2024-05-22 02:00:00+00:00,18.0,-3.062,0.289,-4.426,0.418,0.0
2024-05-22 03:00:00+00:00,20.15,-3.163,1.623,-4.571,2.346,2.8
2024-05-22 04:00:00+00:00,19.08,-2.579,3.288,-3.727,4.753,23.1
2024-05-22 05:00:00+00:00,19.8,-0.815,4.455,-1.178,6.439,46.8
2024-05-22 06:00:00+00:00,19.41,1.476,4.452,2.133,6.435,120.7
2024-05-22 07:00:00+00:00,18.6,3.136,3.325,4.533,4.806,97.6
2024-05-22 08:00:00+00:00,16.91,5.062,2.637,7.317,3.811,121.3
2024-05-22 09:00:00+00:00,15.65,5.015,0.836,7.249,1.208,558.1
2024-05-22 10:00:00+00:00,16.84,6.342,-1.795,9.167,-2.594,333.6
2024-05-22 11:00:00+00:00,14.23,5.481,-4.452,7.922,-6.434,248.8
2024-05-22 12:00:00+00:00,13.3,3.293,-6.875,4.76,-9.937,449.8
2024-05-22 13:00:00+00:00,14.12,0.253,-6.68,0.366,-9.656,642.7
2024-05-22 14:00:00+00:00,10.55,-2.82,-6.117,-4.076,-8.841,714.8
2024-05-22 15:00:00+00:00,11.47,-4.028,-3.056,-5.822,-4.417,643.9
2024-05-22 16:00:00+00:00,10.33,-5.115,-1.159,-7.393,-1.675,551.4
2024-05-22 17:00:00+00:00,10.56,-4.73,0.99,-6.837,1.431,443.8
2024-05-22 18:00:00+00:00,12.11,-3.774,2.353,-5.455,3.401,328.2
2024-05-22 19:00:00+00:00,11.23,-2.85,4.064,-4.119,5.874,212.7
2024-05-22 20:00:00+00:00,9.09,-1.181,5.344,-1.707,7.724,105.1
2024-05-22 21:00:00+00:00,8.34,1.276,5.271,1.845,7.618,12.6
2024-05-22 22:00:00+00:00,10.1,3.067,3.868,4.433,5.591,0.0
2024-05-22 23:00:00+00:00,10.67,3.905,1.723,5.645,2.491,0.0
2024-05-23 00:00:00+00:00,12.15,5.59,-0.589,8.081,-0.851,0.0
2024-05-23 01:00:00+00:00,11.99,5.083,-3.536,7.347,-5.112,0.0
2024-05-23 02:00:00+00:00,10.18,2.15,-4.669,3.108,-6.748,0.0
2024-05-23 03:00:00+00:00,7.98,-0.294,-4.683,-0.425,-6.77,15.9
2024-05-23 04:00:00+00:00,7.36,-2.722,-3.559,-3.935,-5.144,91.1
2024-05-23 05:00:00+00:00,8.12,-3.234,-1.459,-4.674,-2.109,215.8
2024-05-23 06:00:00+00:00,9.2,-3.047,0.194,-4.405,0.28,331.2
2024-05-23 07:00:00+00:00,7.22,-2.69,1.801,-3.888,2.603,446.6
2024-05-23 08:00:00+00:00,7.64,-1.41,2.684,-2.038,3.88,554.1
2024-05-23 09:00:00+00:00,8.83,0.086,2.596,0.125,3.753,646.4
2024-05-23 10:00:00+00:00,6.07,1.454,2.158,2.101,3.119,717.3
2024-05-23 11:00:00+00:00,5.07,2.323,0.905,3.358,1.308,593.4
2024-05-23 12:00:00+00:00,6.09,2.541,-0.574,3.672,-0.829,715.8
2024-05-23 13:00:00+00:00,6.61,1.364,-1.546,1.971,-2.235,761.8
2024-05-23 14:00:00+00:00,6.37,0.417,-2.626,0.602,-3.796,717.3
2024-05-23 15:00:00+00:00,5.8,-0.63,-1.946,-0.911,-2.812,646.4
2024-05-23 16:00:00+00:00,6.03,-1.423,-1.595,-2.057,-2.305,554.1
2024-05-23 17:00:00+00:00,8.39,-2.3,-0.866,-3.324,-1.251,446.6
2024-05-23 18:00:00+00:00,11.65,-1.987,0.184,-2.872,0.266,331.2
2024-05-23 19:00:00+00:00,12.36,-2.646,1.54,-3.825,2.226,215.8
2024-05-23 20:00:00+00:00,15.25,-2.182,3.469,-3.153,5.015,108.3
2024-05-23 21:00:00+00:00,12.64,-0.358,3.304,-0.517,4.776,15.9
2024-05-23 22:00:00+00:00,14.26,1.183,2.85,1.709,4.12,0.0
2024-05-23 23:00:00+00:00,13.61,2.415,2.031,3.491,2.936,0.0
2024-05-24 00:00:00+00:00,14.48,2.771,0.466,4.006,0.674,0.0
2024-05-24 01:00:00+00:00,15.38,2.653,-1.128,3.834,-1.631,0.0
2024-05-24 02:00:00+00:00,14.85,1.562,-2.379,2.258,-3.438,0.0
2024-05-24 03:00:00+00:00,19.16,-0.21,-4.186,-0.303,-6.05,4.2
2024-05-24 04:00:00+00:00,16.44,-2.763,-3.434,-3.994,-4.964,24.5
2024-05-24 05:00:00+00:00,16.77,-4.878,-1.022,-7.05,-1.478,48.1
2024-05-24 06:00:00+00:00,18.24,-5.163,2.815,-7.462,4.068,73.5
2024-05-24 07:00:00+00:00,15.15,-1.95,5.049,-2.818,7.298,98.8
2024-05-24 08:00:00+00:00,14.11,1.558,4.13,2.252,5.969,122.5
2024-05-24 09:00:00+00:00,11.53,3.444,1.916,4.978,2.77,142.8
2024-05-24 10:00:00+00:00,8.61,4.475,-0.788,6.468,-1.139,184.5
2024-05-24 11:00:00+00:00,7.39,3.302,-3.476,4.772,-5.024,328.5
2024-05-24 12:00:00+00:00,6.42,0.78,-5.544,1.127,-8.014,171.4
2024-05-24 13:00:00+00:00,8.07,-2.525,-5.828,-3.65,-8.424,168.1
2024-05-24 14:00:00+00:00,9.22,-4.397,-3.1,-6.356,-4.481,158.3
2024-05-24 15:00:00+00:00,11.39,-4.318,-0.365,-6.241,-0.527,142.8
2024-05-24 16:00:00+00:00,9.72,-4.051,2.184,-5.855,3.157,166.9
2024-05-24 17:00:00+00:00,10.66,-2.414,4.424,-3.489,6.395,376.1
2024-05-24 18:00:00+00:00,12.26,0.541,4.504,0.782,6.51,334.0
2024-05-24 19:00:00+00:00,15.92,3.121,4.146,4.511,5.993,218.8
2024-05-24 20:00:00+00:00,16.4,4.231,2.227,6.116,3.219,111.4
2024-05-24 21:00:00+00:00,17.81,4.562,0.223,6.594,0.323,19.2
2024-05-24 22:00:00+00:00,21.94,3.704,-1.587,5.353,-2.294,0.0
2024-05-24 23:00:00+00:00,20.79,2.124,-2.821,3.07,-4.078,0.0
2024-05-25 00:00:00+00:00,20.21,0.084,-2.922,0.122,-4.223,0.0
2024-05-25 01:00:00+00:00,18.94,-1.38,-2.141,-1.995,-3.094,0.0
2024-05-25 02:00:00+00:00,18.83,-2.435,-0.877,-3.52,-1.268,0.0
2024-05-25 03:00:00+00:00,14.89,-2.758,0.578,-3.987,0.836,22.3
2024-05-25 04:00:00+00:00,16.03,-2.102,1.843,-3.039,2.664,114.4
2024-05-25 05:00:00+00:00,18.53,-0.64,2.102,-0.925,3.038,221.6
2024-05-25 06:00:00+00:00,18.41,0.419,1.796,0.605,2.596,336.7
2024-05-25 07:00:00+00:00,15.63,1.178,1.265,1.703,1.828,354.4
2024-05-25 08:00:00+00:00,15.33,1.948,0.684,2.816,0.989,557.8
2024-05-25 09:00:00+00:00,15.65,2.441,-0.405,3.529,-0.585,651.2
2024-05-25 10:00:00+00:00,13.78,1.992,-1.403,2.879,-2.028,721.9
2024-05-25 11:00:00+00:00,11.9,1.121,-1.93,1.62,-2.789,766.3
2024-05-25 12:00:00+00:00,11.21,0.301,-1.537,0.435,-2.221,781.5
2024-05-25 13:00:00+00:00,10.95,-0.269,-1.47,-0.388,-2.125,766.3
2024-05-25 14:00:00+00:00,12.35,-0.819,-1.2,-1.183,-1.734,487.5
2024-05-25 15:00:00+00:00,9.89,-1.382,-0.827,-1.998,-1.195,508.2
2024-05-25 16:00:00+00:00,9.16,-1.523,-0.137,-2.202,-0.198,469.6
2024-05-25 17:00:00+00:00,11.68,-1.511,0.572,-2.184,0.826,391.3
2024-05-25 18:00:00+00:00,12.11,-1.102,1.385,-1.592,2.003,202.7
2024-05-25 19:00:00+00:00,11.0,-0.199,1.427,-0.288,2.063,48.8
2024-05-25 20:00:00+00:00,12.23,0.833,1.738,1.205,2.512,54.9
2024-05-25 21:00:00+00:00,14.39,1.942,1.127,2.807,1.629,11.6
2024-05-25 22:00:00+00:00,15.1,2.074,-0.153,2.998,-0.22,0.0
2024-05-25 23:00:00+00:00,13.82,1.602,-1.275,2.315,-1.843,0.0
2024-05-26 00:00:00+00:00,15.84,0.476,-1.806,0.687,-2.611,0.0
2024-05-26 01:00:00+00:00,15.75,-0.632,-1.625,-0.914,-2.348,0.0
2024-05-26 02:00:00+00:00,13.87,-1.284,-0.948,-1.856,-1.37,0.0
2024-05-26 03:00:00+00:00,11.54,-1.767,0.021,-2.554,0.031,25.3
2024-05-26 04:00:00+00:00,13.81,-1.478,1.025,-2.137,1.481,117.3
2024-05-26 05:00:00+00:00,12.18,-0.516,1.46,-0.747,2.111,224.4
2024-05-26 06:00:00+00:00,11.9,0.432,1.504,0.625,2.174,339.2
2024-05-26 07:00:00+00:00,9.76,1.124,0.953,1.624,1.377,454.4
2024-05-26 08:00:00+00:00,7.83,1.45,0.14,2.095,0.203,495.2
2024-05-26 09:00:00+00:00,5.19,1.337,-0.704,1.932,-1.018,551.1
2024-05-26 10:00:00+00:00,3.53,0.829,-1.418,1.199,-2.049,724.1
2024-05-26 11:00:00+00:00,2.23,-0.045,-1.449,-0.065,-2.094,768.5
2024-05-26 12:00:00+00:00,2.51,-0.693,-0.891,-1.002,-1.288,783.6
2024-05-26 13:00:00+00:00,3.61,-0.822,-0.166,-1.188,-0.239,768.5
2024-05-26 14:00:00+00:00,4.48,-0.735,0.36,-1.062,0.52,724.1
2024-05-26 15:00:00+00:00,5.29,-0.436,0.89,-0.631,1.286,653.5
2024-05-26 16:00:00+00:00,7.7,0.099,0.983,0.143,1.42,561.5
2024-05-26 17:00:00+00:00,7.69,0.502,0.718,0.725,1.038,454.4
2024-05-26 18:00:00+00:00,8.54,0.748,0.382,1.08,0.552,339.4
2024-05-26 19:00:00+00:00,12.61,0.83,0.015,1.199,0.022,224.4
2024-05-26 20:00:00+00:00,15.38,0.967,-0.371,1.398,-0.537,117.3
2024-05-26 21:00:00+00:00,14.56,0.834,-0.688,1.205,-0.995,25.3
2024-05-26 22:00:00+00:00,15.32,0.489,-1.019,0.707,-1.473,0.0
2024-05-26 23:00:00+00:00,15.45,0.018,-0.988,0.027,-1.428,0.0
2024-05-27 00:00:00+00:00,16.68,-0.258,-0.701,-0.373,-1.013,0.0
2024-05-27 01:00:00+00:00,16.83,-0.533,-0.625,-0.77,-0.904,0.0
2024-05-27 02:00:00+00:00,19.69,-0.554,-0.356,-0.8,-0.515,0.0
2024-05-27 03:00:00+00:00,17.65,-0.681,-0.192,-0.984,-0.277,25.9
2024-05-27 04:00:00+00:00,18.17,-0.643,0.076,-0.93,0.109,55.0
2024-05-27 05:00:00+00:00,15.45,-0.696,0.395,-1.006,0.57,96.2
2024-05-27 06:00:00+00:00,14.43,-0.572,0.579,-0.827,0.837,321.0
2024-05-27 07:00:00+00:00,13.72,-0.349,0.726,-0.505,1.05,358.2
2024-05-27 08:00:00+00:00,11.44,-0.191,1.185,-0.277,1.712,467.7
2024-05-27 09:00:00+00:00,13.97,0.11,1.127,0.159,1.628,190.9
2024-05-27 10:00:00+00:00,12.72,0.44,1.213,0.636,1.753,338.5
2024-05-27 11:00:00+00:00,10.01,0.855,1.11,1.235,1.605,169.5
2024-05-27 12:00:00+00:00,9.75,1.182,0.82,1.708,1.185,172.8
2024-05-27 13:00:00+00:00,8.61,1.585,0.457,2.29,0.66,169.5
2024-05-27 14:00:00+00:00,10.92,2.064,-0.095,2.983,-0.137,159.8
2024-05-27 15:00:00+00:00,10.8,1.822,-0.699,2.634,-1.011,144.2
2024-05-27 16:00:00+00:00,9.59,1.692,-1.306,2.446,-1.888,124.0
2024-05-27 17:00:00+00:00,9.7,1.408,-2.062,2.035,-2.98,351.1
2024-05-27 18:00:00+00:00,8.07,0.863,-2.536,1.247,-3.666,314.8
2024-05-27 19:00:00+00:00,9.44,-0.05,-3.622,-0.073,-5.236,196.2
2024-05-27 20:00:00+00:00,10.84,-1.59,-3.452,-2.298,-4.99,115.8
2024-05-27 21:00:00+00:00,11.33,-2.801,-2.426,-4.049,-3.507,23.4
2024-05-27 22:00:00+00:00,12.49,-3.688,-0.904,-5.33,-1.306,0.0
2024-05-27 23:00:00+00:00,13.33,-3.435,1.006,-4.966,1.453,0.0
2024-05-28 00:00:00+00:00,13.35,-2.978,2.769,-4.304,4.003,0.0
2024-05-28 01:00:00+00:00,10.88,-1.385,3.178,-2.002,4.594,0.0
2024-05-28 02:00:00+00:00,10.87,0.019,3.22,0.028,4.655,0.0
2024-05-28 03:00:00+00:00,12.91,0.8,2.129,1.156,3.077,30.9
2024-05-28 04:00:00+00:00,11.14,1.801,2.05,2.603,2.963,122.7
2024-05-28 05:00:00+00:00,11.89,2.446,1.396,3.535,2.018,229.6
2024-05-28 06:00:00+00:00,10.56,2.36,0.578,3.411,0.835,344.4
2024-05-28 07:00:00+00:00,13.44,2.62,-0.083,3.787,-0.12,459.1
2024-05-28 08:00:00+00:00,14.33,2.165,-0.663,3.129,-0.958,566.0
2024-05-28 09:00:00+00:00,15.3,2.157,-1.308,3.118,-1.89,657.8
2024-05-28 10:00:00+00:00,14.81,1.36,-1.318,1.966,-1.905,728.2
2024-05-28 11:00:00+00:00,12.7,1.203,-1.872,1.739,-2.706,772.5
2024-05-28 12:00:00+00:00,12.03,0.488,-1.506,0.705,-2.177,787.6
2024-05-28 13:00:00+00:00,13.8,0.229,-2.197,0.331,-3.175,772.5
2024-05-28 14:00:00+00:00,14.35,-0.057,-2.384,-0.082,-3.446,514.9
2024-05-28 15:00:00+00:00,17.61,-0.327,-2.938,-0.472,-4.247,590.2
2024-05-28 16:00:00+00:00,16.95,-0.862,-3.119,-1.246,-4.509,523.5
2024-05-28 17:00:00+00:00,13.65,-1.303,-3.288,-1.883,-4.753,459.1
2024-05-28 18:00:00+00:00,14.47,-1.965,-3.545,-2.841,-5.124,290.9
2024-05-28 19:00:00+00:00,16.8,-2.393,-3.171,-3.459,-4.583,229.6
2024-05-28 20:00:00+00:00,18.38,-3.647,-3.722,-5.272,-5.38,122.7
2024-05-28 21:00:00+00:00,20.9,-3.876,-2.912,-5.603,-4.208,26.8
2024-05-28 22:00:00+00:00,20.83,-4.498,-2.041,-6.502,-2.95,0.0
2024-05-28 23:00:00+00:00,20.03,-4.162,-0.767,-6.016,-1.109,0.0
2024-05-29 00:00:00+00:00,21.59,-4.349,-0.028,-6.286,-0.041,0.0
2024-05-29 01:00:00+00:00,21.68,-5.101,0.488,-7.374,0.706,0.0
2024-05-29 02:00:00+00:00,20.28,-5.583,1.282,-8.07,1.853,0.0
2024-05-29 03:00:00+00:00,18.13,-6.056,2.242,-8.754,3.241,7.4
2024-05-29 04:00:00+00:00,20.09,-5.774,2.807,-8.346,4.057,76.1
2024-05-29 05:00:00+00:00,19.04,-5.922,4.239,-8.56,6.127,51.1
2024-05-29 06:00:00+00:00,16.24,-3.451,3.906,-4.988,5.646,123.7
2024-05-29 07:00:00+00:00,13.07,-2.955,4.935,-4.271,7.133,101.5
2024-05-29 08:00:00+00:00,12.01,-1.153,4.042,-1.667,5.843,182.0
2024-05-29 09:00:00+00:00,10.5,-0.075,4.567,-0.109,6.601,273.5
2024-05-29 10:00:00+00:00,10.94,1.243,4.372,1.797,6.32,168.7
2024-05-29 11:00:00+00:00,11.99,2.161,3.565,3.123,5.153,317.4
2024-05-29 12:00:00+00:00,11.95,2.859,2.665,4.133,3.851,230.6
2024-05-29 13:00:00+00:00,8.72,3.752,2.281,5.423,3.296,170.4
2024-05-29 14:00:00+00:00,9.53,4.885,1.504,7.061,2.174,160.6
2024-05-29 15:00:00+00:00,9.35,4.958,0.077,7.167,0.111,145.1
2024-05-29 16:00:00+00:00,9.36,5.773,-1.689,8.344,-2.441,125.0
2024-05-29 17:00:00+00:00,7.53,4.86,-3.16,7.025,-4.568,101.5
2024-05-29 18:00:00+00:00,7.13,3.988,-4.367,5.765,-6.312,76.3
2024-05-29 19:00:00+00:00,7.43,3.102,-5.65,4.484,-8.167,51.1
2024-05-29 20:00:00+00:00,8.73,1.738,-7.126,2.513,-10.3,68.2
2024-05-29 21:00:00+00:00,11.36,-0.554,-6.254,-0.801,-9.04,8.2
2024-05-29 22:00:00+00:00,15.67,-2.088,-4.749,-3.018,-6.864,0.0
2024-05-29 23:00:00+00:00,17.81,-3.138,-3.303,-4.536,-4.774,0.0
2024-05-30 00:00:00+00:00,19.71,-3.526,-1.834,-5.096,-2.651,0.0
2024-05-30 01:00:00+00:00,21.85,-4.376,-0.681,-6.325,-0.984,0.0
2024-05-30 02:00:00+00:00,21.0,-3.541,0.514,-5.119,0.743,0.0
2024-05-30 03:00:00+00:00,22.33,-2.878,1.593,-4.16,2.302,13.8
2024-05-30 04:00:00+00:00,24.93,-2.0,2.302,-2.89,3.327,127.8
2024-05-30 05:00:00+00:00,22.32,-1.169,3.781,-1.69,5.465,234.5
2024-05-30 06:00:00+00:00,20.25,0.313,3.74,0.453,5.406,348.9
2024-05-30 07:00:00+00:00,16.27,1.934,4.245,2.795,6.136,463.4
2024-05-30 08:00:00+00:00,14.85,3.332,3.592,4.816,5.193,570.1
2024-05-30 09:00:00+00:00,13.56,3.644,2.305,5.268,3.331,661.7
2024-05-30 10:00:00+00:00,16.23,4.135,1.603,5.977,2.317,654.3
2024-05-30 11:00:00+00:00,14.59,4.103,0.758,5.93,1.095,487.0
2024-05-30 12:00:00+00:00,13.34,3.591,0.147,5.191,0.213,768.1
2024-05-30 13:00:00+00:00,11.9,3.369,-0.451,4.869,-0.652,657.4
2024-05-30 14:00:00+00:00,9.4,4.607,-1.222,6.66,-1.766,548.0
2024-05-30 15:00:00+00:00,10.39,3.704,-1.339,5.353,-1.935,390.9
2024-05-30 16:00:00+00:00,10.8,3.321,-1.727,4.8,-2.496,298.8
2024-05-30 17:00:00+00:00,12.9,2.57,-1.892,3.715,-2.735,425.1
2024-05-30 18:00:00+00:00,14.84,2.138,-2.667,3.09,-3.855,195.4
2024-05-30 19:00:00+00:00,14.97,1.26,-2.821,1.821,-4.078,178.0
2024-05-30 20:00:00+00:00,15.42,0.368,-3.118,0.532,-4.508,108.3
2024-05-30 21:00:00+00:00,15.47,-0.676,-2.675,-0.978,-3.866,13.3
2024-05-30 22:00:00+00:00,15.5,-1.698,-2.702,-2.454,-3.906,0.0
2024-05-30 23:00:00+00:00,11.97,-2.579,-2.167,-3.728,-3.132,0.0
2024-05-31 00:00:00+00:00,13.78,-3.347,-1.676,-4.838,-2.423,0.0
2024-05-31 01:00:00+00:00,16.04,-4.208,-0.975,-6.083,-1.409,0.0
2024-05-31 02:00:00+00:00,16.67,-4.005,0.19,-5.789,0.274,0.0
2024-05-31 03:00:00+00:00,17.32,-4.593,2.038,-6.639,2.945,8.5
2024-05-31 04:00:00+00:00,15.42,-3.595,3.693,-5.196,5.337,28.6
2024-05-31 05:00:00+00:00,11.7,-2.212,5.004,-3.197,7.233,99.8
2024-05-31 06:00:00+00:00,12.03,-0.721,4.445,-1.042,6.425,218.3
2024-05-31 07:00:00+00:00,13.49,0.579,5.145,0.837,7.437,445.7
2024-05-31 08:00:00+00:00,14.57,1.384,4.173,2.001,6.032,477.3
2024-05-31 09:00:00+00:00,12.92,2.291,4.389,3.311,6.344,606.8
2024-05-31 10:00:00+00:00,14.15,2.764,3.847,3.996,5.561,733.7
2024-05-31 11:00:00+00:00,12.62,2.843,3.488,4.109,5.041,589.4
2024-05-31 12:00:00+00:00,13.13,3.287,3.869,4.752,5.593,613.2
2024-05-31 13:00:00+00:00,10.78,2.702,3.156,3.905,4.562,388.6
2024-05-31 14:00:00+00:00,11.93,2.343,2.858,3.386,4.13,259.7
2024-05-31 15:00:00+00:00,12.59,2.748,3.22,3.972,4.654,283.9
2024-05-31 16:00:00+00:00,14.82,2.798,3.363,4.045,4.861,125.8
2024-05-31 17:00:00+00:00,13.71,2.085,2.938,3.013,4.246,102.4
2024-05-31 18:00:00+00:00,13.99,2.413,3.317,3.488,4.794,77.2
2024-05-31 19:00:00+00:00,17.02,2.018,3.008,2.916,4.348,77.4
2024-05-31 20:00:00+00:00,18.6,2.163,3.058,3.127,4.421,35.7
2024-05-31 21:00:00+00:00,19.7,1.933,2.484,2.794,3.59,8.5
2024-05-31 22:00:00+00:00,21.33,2.759,3.103,3.988,4.486,0.0
2024-05-31 23:00:00+00:00,22.36,2.468,2.932,3.567,4.238,0.0
2024-06-01 00:00:00+00:00,21.5,2.218,2.79,3.206,4.033,0.0
2024-06-01 01:00:00+00:00,22.85,1.983,2.875,2.866,4.156,0.0
2024-06-01 02:00:00+00:00,22.19,1.686,2.741,2.438,3.962,0.0
2024-06-01 03:00:00+00:00,20.74,1.377,2.473,1.99,3.574,9.0
2024-06-01 04:00:00+00:00,20.84,1.49,2.808,2.154,4.059,29.1
2024-06-01 05:00:00+00:00,22.84,1.326,2.969,1.917,4.291,52.5
2024-06-01 06:00:00+00:00,22.53,1.077,3.387,1.557,4.896,103.5
2024-06-01 07:00:00+00:00,19.44,0.876,2.891,1.267,4.179,203.4
2024-06-01 08:00:00+00:00,17.41,0.912,3.012,1.318,4.354,501.1
2024-06-01 09:00:00+00:00,15.69,1.344,4.31,1.943,6.23,270.8
2024-06-01 10:00:00+00:00,11.45,1.119,3.55,1.617,5.131,162.1
2024-06-01 11:00:00+00:00,10.08,1.084,3.396,1.567,4.909,171.5
2024-06-01 12:00:00+00:00,11.75,1.523,4.253,2.201,6.147,174.8
2024-06-01 13:00:00+00:00,12.94,2.047,5.787,2.959,8.364,171.5
2024-06-01 14:00:00+00:00,14.45,1.566,3.749,2.264,5.419,161.8
2024-06-01 15:00:00+00:00,14.4,2.032,3.891,2.938,5.624,644.6
2024-06-01 16:00:00+00:00,14.75,2.575,3.609,3.722,5.217,573.8
2024-06-01 17:00:00+00:00,14.62,2.926,3.077,4.229,4.448,467.4
2024-06-01 18:00:00+00:00,13.28,3.516,2.923,5.082,4.225,353.1
2024-06-01 19:00:00+00:00,15.34,2.747,2.144,3.971,3.099,207.8
2024-06-01 20:00:00+00:00,17.25,2.973,2.025,4.298,2.927,111.3
2024-06-01 21:00:00+00:00,21.03,3.041,1.907,4.396,2.756,33.9
2024-06-01 22:00:00+00:00,18.61,3.973,2.293,5.743,3.314,0.0
2024-06-01 23:00:00+00:00,18.98,3.988,1.92,5.764,2.775,0.0
2024-06-02 00:00:00+00:00,21.28,3.726,1.499,5.386,2.166,0.0
2024-06-02 01:00:00+00:00,23.86,3.584,1.147,5.18,1.659,0.0
2024-06-02 02:00:00+00:00,22.73,3.262,0.782,4.715,1.131,0.0
2024-06-02 03:00:00+00:00,22.71,2.85,0.511,4.12,0.738,28.7
2024-06-02 04:00:00+00:00,20.36,2.821,0.39,4.078,0.564,134.5
2024-06-02 05:00:00+00:00,18.71,3.169,0.43,4.581,0.622,240.9
2024-06-02 06:00:00+00:00,16.44,3.196,0.109,4.62,0.157,355.0
2024-06-02 07:00:00+00:00,15.55,3.288,-0.363,4.753,-0.525,367.4
2024-06-02 08:00:00+00:00,14.47,3.2,-1.121,4.626,-1.621,531.7
2024-06-02 09:00:00+00:00,11.99,3.073,-1.533,4.441,-2.215,628.2
2024-06-02 10:00:00+00:00,10.39,3.065,-1.972,4.43,-2.851,483.8
2024-06-02 11:00:00+00:00,11.84,2.699,-2.17,3.901,-3.136,768.5
2024-06-02 12:00:00+00:00,12.13,2.538,-2.618,3.668,-3.784,796.1
2024-06-02 13:00:00+00:00,12.94,2.13,-3.194,3.079,-4.617,781.0
2024-06-02 14:00:00+00:00,10.36,1.2,-2.688,1.734,-3.886,737.0
2024-06-02 15:00:00+00:00,10.51,0.69,-2.443,0.997,-3.532,542.4
2024-06-02 16:00:00+00:00,9.51,0.386,-2.934,0.559,-4.241,462.7
2024-06-02 17:00:00+00:00,13.1,0.013,-3.058,0.018,-4.42,325.2
2024-06-02 18:00:00+00:00,14.6,-0.591,-3.15,-0.854,-4.553,334.3
2024-06-02 19:00:00+00:00,16.68,-1.282,-3.145,-1.854,-4.545,225.6
2024-06-02 20:00:00+00:00,13.89,-1.874,-3.406,-2.709,-4.923,92.4
2024-06-02 21:00:00+00:00,12.8,-2.18,-3.286,-3.15,-4.75,38.5
2024-06-02 22:00:00+00:00,14.85,-2.193,-2.714,-3.17,-3.923,0.0
2024-06-02 23:00:00+00:00,16.56,-2.228,-2.379,-3.22,-3.438,0.0
2024-06-03 00:00:00+00:00,15.95,-2.644,-2.453,-3.822,-3.545,0.0
2024-06-03 01:00:00+00:00,16.25,-3.469,-2.574,-5.014,-3.721,0.0
2024-06-03 02:00:00+00:00,18.1,-3.203,-1.907,-4.63,-2.756,0.0
2024-06-03 03:00:00+00:00,15.41,-3.045,-1.457,-4.401,-2.106,45.3
2024-06-03 04:00:00+00:00,11.36,-3.37,-1.195,-4.872,-1.728,136.5
2024-06-03 05:00:00+00:00,10.15,-2.816,-0.742,-4.07,-1.072,242.8
2024-06-03 06:00:00+00:00,8.63,-2.312,-0.546,-3.341,-0.789,356.9
2024-06-03 07:00:00+00:00,8.71,-2.67,-0.479,-3.859,-0.692,470.9
2024-06-03 08:00:00+00:00,7.84,-2.038,-0.239,-2.945,-0.346,483.8
2024-06-03 09:00:00+00:00,7.73,-2.031,-0.018,-2.936,-0.027,447.9
2024-06-03 10:00:00+00:00,10.19,-1.749,0.298,-2.527,0.43,738.5
2024-06-03 11:00:00+00:00,9.9,-1.933,0.831,-2.794,1.201,782.5
2024-06-03 12:00:00+00:00,8.35,-1.414,1.088,-2.044,1.573,797.5
2024-06-03 13:00:00+00:00,6.86,-1.429,1.781,-2.066,2.574,782.5
2024-06-03 14:00:00+00:00,7.34,-1.08,2.44,-1.561,3.527,738.5
2024-06-03 15:00:00+00:00,10.34,-0.247,2.492,-0.358,3.603,668.5
2024-06-03 16:00:00+00:00,10.5,0.577,2.603,0.834,3.762,577.2
2024-06-03 17:00:00+00:00,10.32,1.363,2.732,1.97,3.949,470.9
2024-06-03 18:00:00+00:00,11.32,1.677,2.146,2.424,3.102,356.9
2024-06-03 19:00:00+00:00,11.76,1.657,1.514,2.396,2.188,242.8
2024-06-03 20:00:00+00:00,13.98,2.005,1.394,2.898,2.016,136.5
2024-06-03 21:00:00+00:00,14.32,2.48,1.186,3.585,1.714,45.3
2024-06-03 22:00:00+00:00,16.05,2.627,0.803,3.796,1.16,0.0
2024-06-03 23:00:00+00:00,17.93,2.71,0.439,3.918,0.634,0.0
2024-06-04 00:00:00+00:00,20.46,3.036,0.052,4.388,0.075,0.0
2024-06-04 01:00:00+00:00,19.06,2.893,-0.465,4.182,-0.671,0.0
2024-06-04 02:00:00+00:00,17.43,2.473,-1.069,3.574,-1.545,0.0
2024-06-04 03:00:00+00:00,20.12,2.749,-2.176,3.973,-3.145,46.2
2024-06-04 04:00:00+00:00,19.69,1.957,-2.442,2.829,-3.53,137.6
2024-06-04 05:00:00+00:00,16.41,1.171,-2.54,1.693,-3.671,241.4
2024-06-04 06:00:00+00:00,15.71,0.732,-4.183,1.058,-6.047,343.7
2024-06-04 07:00:00+00:00,15.55,-0.518,-4.298,-0.748,-6.213,231.1
2024-06-04 08:00:00+00:00,14.52,-1.342,-3.61,-1.94,-5.218,127.3
2024-06-04 09:00:00+00:00,13.02,-2.198,-3.407,-3.177,-4.925,367.8
2024-06-04 10:00:00+00:00,9.61,-3.082,-2.556,-4.455,-3.694,473.0
2024-06-04 11:00:00+00:00,10.5,-3.495,-1.266,-5.052,-1.83,172.5
2024-06-04 12:00:00+00:00,9.29,-3.391,0.151,-4.901,0.219,211.9
2024-06-04 13:00:00+00:00,8.53,-3.082,1.179,-4.455,1.705,226.7
2024-06-04 14:00:00+00:00,8.45,-2.371,2.18,-3.428,3.152,404.0
2024-06-04 15:00:00+00:00,8.28,-1.915,3.652,-2.768,5.278,481.9
2024-06-04 16:00:00+00:00,10.96,-0.489,3.774,-0.706,5.455,266.5
2024-06-04 17:00:00+00:00,10.87,1.08,4.602,1.561,6.652,321.8
2024-06-04 18:00:00+00:00,9.66,2.89,4.663,4.177,6.74,221.2
2024-06-04 19:00:00+00:00,8.82,3.386,2.65,4.894,3.83,202.1
2024-06-04 20:00:00+00:00,12.63,4.322,1.364,6.247,1.971,138.5
2024-06-04 21:00:00+00:00,16.1,4.611,-0.425,6.665,-0.614,47.3
2024-06-04 22:00:00+00:00,16.29,3.639,-1.828,5.259,-2.642,0.0
2024-06-04 23:00:00+00:00,18.15,2.933,-3.32,4.24,-4.798,0.0
2024-06-05 00:00:00+00:00,16.99,1.28,-3.799,1.85,-5.492,0.0
2024-06-05 01:00:00+00:00,15.56,-0.377,-5.521,-0.545,-7.98,0.0
2024-06-05 02:00:00+00:00,14.94,-2.06,-4.444,-2.978,-6.424,0.0
2024-06-05 03:00:00+00:00,14.85,-3.073,-3.224,-4.441,-4.66,35.6
2024-06-05 04:00:00+00:00,15.32,-3.754,-2.152,-5.426,-3.11,42.2
2024-06-05 05:00:00+00:00,15.01,-3.201,-0.714,-4.626,-1.033,133.1
2024-06-05 06:00:00+00:00,12.66,-4.59,-0.022,-6.634,-0.032,325.9
2024-06-05 07:00:00+00:00,11.29,-4.024,0.287,-5.817,0.415,354.0
2024-06-05 08:00:00+00:00,9.14,-3.756,0.933,-5.429,1.349,385.9
2024-06-05 09:00:00+00:00,8.98,-4.015,1.163,-5.804,1.682,402.9
2024-06-05 10:00:00+00:00,7.88,-3.625,1.515,-5.239,2.19,237.9
2024-06-05 11:00:00+00:00,5.69,-2.834,1.392,-4.096,2.012,634.4
2024-06-05 12:00:00+00:00,4.23,-1.855,1.251,-2.681,1.808,583.2
2024-06-05 13:00:00+00:00,4.51,-1.865,1.67,-2.695,2.413,683.1
2024-06-05 14:00:00+00:00,3.67,-1.655,1.899,-2.392,2.745,741.2
2024-06-05 15:00:00+00:00,2.87,-1.341,1.903,-1.939,2.751,567.4
2024-06-05 16:00:00+00:00,5.39,-0.995,2.062,-1.438,2.98,580.2
2024-06-05 17:00:00+00:00,5.38,-0.623,2.359,-0.901,3.409,474.1
2024-06-05 18:00:00+00:00,7.06,-0.25,2.545,-0.361,3.678,360.2
2024-06-05 19:00:00+00:00,8.82,0.112,2.563,0.162,3.704,246.4
2024-06-05 20:00:00+00:00,9.96,0.51,2.547,0.737,3.682,140.3
2024-06-05 21:00:00+00:00,11.83,1.236,2.86,1.786,4.134,49.2
2024-06-05 22:00:00+00:00,14.86,2.252,3.235,3.255,4.677,0.0
2024-06-05 23:00:00+00:00,14.3,2.839,2.464,4.103,3.562,0.0
2024-06-06 00:00:00+00:00,14.64,2.876,1.332,4.157,1.925,0.0
2024-06-06 01:00:00+00:00,13.59,3.394,0.613,4.906,0.886,0.0
2024-06-06 02:00:00+00:00,14.99,3.539,-0.145,5.115,-0.21,0.0
2024-06-06 03:00:00+00:00,14.78,4.438,-1.484,6.415,-2.146,50.9
2024-06-06 04:00:00+00:00,16.81,4.169,-3.177,6.025,-4.592,142.0
2024-06-06 05:00:00+00:00,13.41,3.213,-4.176,4.645,-6.037,248.0
2024-06-06 06:00:00+00:00,13.29,2.105,-5.02,3.043,-7.256,361.8
2024-06-06 07:00:00+00:00,11.87,0.778,-5.142,1.125,-7.432,475.5
2024-06-06 08:00:00+00:00,7.14,-0.302,-5.059,-0.436,-7.313,581.6
2024-06-06 09:00:00+00:00,6.43,-0.93,-4.665,-1.344,-6.742,672.6
2024-06-06 10:00:00+00:00,8.14,-1.326,-4.82,-1.916,-6.967,742.5
2024-06-06 11:00:00+00:00,7.72,-1.403,-4.328,-2.028,-6.255,786.4
2024-06-06 12:00:00+00:00,7.64,-1.077,-3.214,-1.557,-4.646,801.4
2024-06-06 13:00:00+00:00,5.66,-1.377,-3.639,-1.99,-5.259,786.4
2024-06-06 14:00:00+00:00,7.41,-1.75,-4.255,-2.529,-6.151,742.5
2024-06-06 15:00:00+00:00,5.39,-1.785,-3.784,-2.58,-5.47,672.6
2024-06-06 16:00:00+00:00,6.94,-1.661,-3.832,-2.401,-5.539,581.6
2024-06-06 17:00:00+00:00,5.58,-1.615,-4.089,-2.334,-5.91,475.5
2024-06-06 18:00:00+00:00,8.01,-2.251,-4.607,-3.254,-6.658,361.8
2024-06-06 19:00:00+00:00,9.96,-2.375,-4.538,-3.433,-6.56,248.0
2024-06-06 20:00:00+00:00,10.34,-1.903,-3.632,-2.751,-5.25,142.0
2024-06-06 21:00:00+00:00,11.84,-2.66,-4.584,-3.845,-6.626,50.9
2024-06-06 22:00:00+00:00,13.67,-2.583,-4.013,-3.733,-5.801,0.0
2024-06-06 23:00:00+00:00,14.92,-2.586,-3.546,-3.737,-5.125,0.0
2024-06-07 00:00:00+00:00,18.33,-2.372,-3.351,-3.429,-4.844,0.0
2024-06-07 01:00:00+00:00,18.97,-2.197,-2.973,-3.176,-4.297,0.0
2024-06-07 02:00:00+00:00,20.81,-2.721,-2.959,-3.933,-4.276,0.0
2024-06-07 03:00:00+00:00,20.32,-2.333,-2.251,-3.373,-3.253,31.7
2024-06-07 04:00:00+00:00,20.91,-2.433,-1.655,-3.517,-2.392,85.3
2024-06-07 05:00:00+00:00,19.4,-2.516,-1.423,-3.637,-2.056,113.1
2024-06-07 06:00:00+00:00,17.43,-2.49,-1.305,-3.598,-1.886,215.5
2024-06-07 07:00:00+00:00,14.45,-2.84,-1.279,-4.104,-1.848,267.7
2024-06-07 08:00:00+00:00,13.96,-2.514,-1.138,-3.634,-1.645,296.0
2024-06-07 09:00:00+00:00,11.61,-2.398,-0.998,-3.466,-1.442,413.0
2024-06-07 10:00:00+00:00,10.75,-2.249,-0.879,-3.251,-1.271,668.8
2024-06-07 11:00:00+00:00,10.27,-2.007,-0.76,-2.902,-1.098,294.7
2024-06-07 12:00:00+00:00,9.59,-1.868,-0.721,-2.7,-1.043,471.6
2024-06-07 13:00:00+00:00,8.51,-1.458,-0.542,-2.107,-0.784,551.1
2024-06-07 14:00:00+00:00,9.97,-1.548,-0.685,-2.237,-0.991,743.6
2024-06-07 15:00:00+00:00,10.32,-1.528,-0.86,-2.209,-1.243,673.8
2024-06-07 16:00:00+00:00,11.06,-1.436,-0.908,-2.075,-1.312,582.8
2024-06-07 17:00:00+00:00,11.45,-1.521,-0.993,-2.198,-1.436,417.7
2024-06-07 18:00:00+00:00,12.73,-1.354,-1.052,-1.957,-1.52,344.1
2024-06-07 19:00:00+00:00,13.35,-1.113,-0.922,-1.608,-1.332,215.5
2024-06-07 20:00:00+00:00,14.71,-1.189,-1.058,-1.719,-1.529,143.0
2024-06-07 21:00:00+00:00,15.13,-1.19,-1.108,-1.72,-1.601,41.5
2024-06-07 22:00:00+00:00,14.84,-0.919,-1.002,-1.329,-1.448,0.0
2024-06-07 23:00:00+00:00,16.19,-0.958,-1.174,-1.385,-1.698,0.0
2024-06-08 00:00:00+00:00,17.42,-0.753,-1.028,-1.088,-1.486,0.0
2024-06-08 01:00:00+00:00,18.23,-0.742,-0.984,-1.072,-1.422,0.0
2024-06-08 02:00:00+00:00,16.28,-0.962,-1.103,-1.391,-1.594,0.0
2024-06-08 03:00:00+00:00,14.79,-0.879,-0.962,-1.27,-1.391,54.1
2024-06-08 04:00:00+00:00,15.48,-0.977,-1.021,-1.412,-1.476,145.0
2024-06-08 05:00:00+00:00,11.13,-1.226,-1.232,-1.772,-1.781,250.9
2024-06-08 06:00:00+00:00,12.75,-1.26,-1.274,-1.821,-1.842,364.5
2024-06-08 07:00:00+00:00,11.36,-1.853,-1.743,-2.679,-2.519,478.1
2024-06-08 08:00:00+00:00,9.06,-2.832,-2.633,-4.094,-3.806,584.0
2024-06-08 09:00:00+00:00,10.94,-2.846,-2.688,-4.114,-3.886,666.7
2024-06-08 10:00:00+00:00,8.87,-3.089,-2.919,-4.466,-4.219,744.7
2024-06-08 11:00:00+00:00,9.65,-3.298,-3.021,-4.767,-4.366,788.6
2024-06-08 12:00:00+00:00,8.59,-3.531,-2.785,-5.104,-4.025,453.0
2024-06-08 13:00:00+00:00,7.53,-4.056,-3.038,-5.863,-4.392,538.5
2024-06-08 14:00:00+00:00,8.03,-3.419,-2.62,-4.943,-3.786,554.4
2024-06-08 15:00:00+00:00,6.76,-3.329,-2.355,-4.811,-3.404,542.5
2024-06-08 16:00:00+00:00,6.47,-3.635,-1.955,-5.255,-2.826,534.5
2024-06-08 17:00:00+00:00,5.72,-4.083,-1.582,-5.902,-2.286,459.4
2024-06-08 18:00:00+00:00,7.4,-4.695,-0.984,-6.787,-1.422,290.0
2024-06-08 19:00:00+00:00,6.21,-4.317,-0.028,-6.24,-0.041,159.8
2024-06-08 20:00:00+00:00,4.67,-4.486,1.056,-6.485,1.527,69.6
2024-06-08 21:00:00+00:00,8.59,-4.713,2.361,-6.812,3.413,11.9
2024-06-08 22:00:00+00:00,10.42,-3.342,2.272,-4.83,3.283,0.0
2024-06-08 23:00:00+00:00,11.67,-2.676,2.602,-3.868,3.762,0.0
2024-06-09 00:00:00+00:00,10.47,-2.166,2.82,-3.131,4.076,0.0
2024-06-09 01:00:00+00:00,11.56,-1.335,2.835,-1.93,4.098,0.0
2024-06-09 02:00:00+00:00,11.46,-0.528,2.282,-0.764,3.299,0.0
2024-06-09 03:00:00+00:00,9.26,0.115,2.065,0.166,2.984,12.2
2024-06-09 04:00:00+00:00,8.49,0.517,1.562,0.748,2.258,32.2
2024-06-09 05:00:00+00:00,10.24,0.987,1.395,1.426,2.016,55.5
2024-06-09 06:00:00+00:00,12.16,1.06,0.942,1.533,1.361,80.5
2024-06-09 07:00:00+00:00,9.72,1.204,0.688,1.741,0.995,108.6
2024-06-09 08:00:00+00:00,10.37,1.779,0.646,2.572,0.934,376.9
2024-06-09 09:00:00+00:00,13.35,1.849,0.415,2.672,0.599,580.6
2024-06-09 10:00:00+00:00,11.21,2.222,0.251,3.212,0.363,471.4
2024-06-09 11:00:00+00:00,10.76,2.317,-0.112,3.35,-0.162,465.9
2024-06-09 12:00:00+00:00,9.96,1.791,-0.337,2.589,-0.488,187.5
2024-06-09 13:00:00+00:00,7.47,1.643,-0.402,2.375,-0.582,521.0
2024-06-09 14:00:00+00:00,11.1,1.694,-0.483,2.448,-0.699,443.6
2024-06-09 15:00:00+00:00,11.97,1.548,-0.602,2.237,-0.871,467.8
2024-06-09 16:00:00+00:00,14.55,1.36,-0.813,1.966,-1.174,308.2
2024-06-09 17:00:00+00:00,14.39,1.252,-1.134,1.81,-1.64,369.3
2024-06-09 18:00:00+00:00,15.08,1.097,-1.651,1.586,-2.387,203.7
2024-06-09 19:00:00+00:00,15.98,0.635,-1.793,0.918,-2.592,166.5
2024-06-09 20:00:00+00:00,16.68,0.095,-1.523,0.137,-2.202,120.3
2024-06-09 21:00:00+00:00,19.64,-0.22,-1.458,-0.318,-2.107,47.0
2024-06-09 22:00:00+00:00,20.12,-0.471,-1.224,-0.681,-1.769,0.0
2024-06-09 23:00:00+00:00,21.61,-0.68,-1.053,-0.983,-1.522,0.0
2024-06-10 00:00:00+00:00,20.98,-0.855,-0.883,-1.236,-1.277,0.0
2024-06-10 01:00:00+00:00,21.51,-0.934,-0.624,-1.351,-0.902,0.0
2024-06-10 02:00:00+00:00,21.66,-0.96,-0.364,-1.388,-0.526,0.0
2024-06-10 03:00:00+00:00,21.07,-1.051,-0.074,-1.52,-0.107,12.5
2024-06-10 04:00:00+00:00,21.15,-1.344,0.333,-1.943,0.481,36.2
2024-06-10 05:00:00+00:00,19.46,-1.214,0.852,-1.755,1.232,79.6
2024-06-10 06:00:00+00:00,17.59,-1.079,1.308,-1.559,1.891,274.7
2024-06-10 07:00:00+00:00,19.43,-0.906,2.157,-1.309,3.118,418.8
2024-06-10 08:00:00+00:00,17.27,-0.204,2.171,-0.295,3.138,453.4
2024-06-10 09:00:00+00:00,16.98,0.297,2.078,0.429,3.003,669.0
2024-06-10 10:00:00+00:00,15.15,0.778,1.94,1.124,2.804,746.6
2024-06-10 11:00:00+00:00,11.93,1.46,1.743,2.111,2.52,790.4
2024-06-10 12:00:00+00:00,12.35,2.006,1.224,2.899,1.769,424.5
2024-06-10 13:00:00+00:00,11.27,2.254,0.597,3.258,0.863,438.5
2024-06-10 14:00:00+00:00,11.19,1.805,-0.121,2.609,-0.175,444.2
2024-06-10 15:00:00+00:00,9.54,1.565,-0.536,2.262,-0.775,249.6
2024-06-10 16:00:00+00:00,7.78,1.797,-1.325,2.598,-1.915,227.7
2024-06-10 17:00:00+00:00,11.87,1.432,-1.578,2.07,-2.281,105.7
2024-06-10 18:00:00+00:00,12.06,1.247,-1.767,1.803,-2.555,80.7
2024-06-10 19:00:00+00:00,12.76,0.984,-2.249,1.423,-3.251,55.7
2024-06-10 20:00:00+00:00,12.45,0.502,-2.348,0.726,-3.395,32.5
2024-06-10 21:00:00+00:00,13.99,0.048,-2.793,0.069,-4.037,12.5
2024-06-10 22:00:00+00:00,17.71,-0.513,-2.726,-0.741,-3.94,0.0
2024-06-10 23:00:00+00:00,17.67,-0.85,-2.188,-1.228,-3.163,0.0
2024-06-11 00:00:00+00:00,21.19,-1.197,-1.467,-1.731,-2.121,0.0
2024-06-11 01:00:00+00:00,23.78,-1.636,-1.128,-2.365,-1.63,0.0
2024-06-11 02:00:00+00:00,22.18,-2.192,-0.71,-3.168,-1.027,0.0
2024-06-11 03:00:00+00:00,21.74,-2.466,0.005,-3.565,0.008,34.3
2024-06-11 04:00:00+00:00,21.69,-1.851,0.559,-2.675,0.808,71.9
2024-06-11 05:00:00+00:00,18.45,-1.521,1.117,-2.198,1.615,153.7
2024-06-11 06:00:00+00:00,19.48,-0.989,1.407,-1.429,2.033,181.6
2024-06-11 07:00:00+00:00,15.99,-0.623,1.538,-0.9,2.223,142.5
2024-06-11 08:00:00+00:00,16.66,-0.359,1.672,-0.518,2.417,236.8
2024-06-11 09:00:00+00:00,15.01,0.1,1.796,0.144,2.596,336.6
2024-06-11 10:00:00+00:00,13.61,0.323,1.76,0.467,2.544,747.4
2024-06-11 11:00:00+00:00,11.84,0.47,1.632,0.679,2.358,791.2
2024-06-11 12:00:00+00:00,10.77,0.749,1.8,1.082,2.602,806.2
2024-06-11 13:00:00+00:00,11.88,1.159,2.035,1.675,2.942,791.2
2024-06-11 14:00:00+00:00,13.46,1.256,1.751,1.815,2.531,747.4
2024-06-11 15:00:00+00:00,10.06,1.474,1.532,2.13,2.215,677.8
2024-06-11 16:00:00+00:00,8.15,1.717,1.106,2.482,1.599,578.4
2024-06-11 17:00:00+00:00,10.85,1.935,0.642,2.797,0.928,242.7
2024-06-11 18:00:00+00:00,11.93,1.473,0.153,2.129,0.222,152.0
2024-06-11 19:00:00+00:00,11.25,2.086,-0.022,3.015,-0.032,56.0
2024-06-11 20:00:00+00:00,11.23,2.461,-0.241,3.557,-0.348,32.7
2024-06-11 21:00:00+00:00,11.21,2.229,-0.53,3.221,-0.767,12.7
2024-06-11 22:00:00+00:00,12.47,2.054,-0.866,2.969,-1.252,0.0
2024-06-11 23:00:00+00:00,13.36,2.189,-1.434,3.164,-2.072,0.0
2024-06-12 00:00:00+00:00,16.55,1.955,-2.039,2.826,-2.948,0.0
2024-06-12 01:00:00+00:00,16.97,1.225,-2.358,1.771,-3.408,0.0
2024-06-12 02:00:00+00:00,14.75,0.645,-2.208,0.932,-3.192,0.0
2024-06-12 03:00:00+00:00,14.56,0.304,-2.108,0.44,-3.047,13.0
2024-06-12 04:00:00+00:00,16.94,0.267,-2.472,0.386,-3.574,32.9
2024-06-12 05:00:00+00:00,17.54,0.214,-2.536,0.31,-3.666,56.2
2024-06-12 06:00:00+00:00,14.44,0.12,-2.95,0.174,-4.264,81.1
2024-06-12 07:00:00+00:00,13.76,0.113,-2.484,0.163,-3.59,106.1
2024-06-12 08:00:00+00:00,13.18,0.281,-2.517,0.407,-3.638,129.3
2024-06-12 09:00:00+00:00,11.2,0.512,-3.177,0.739,-4.592,197.6
2024-06-12 10:00:00+00:00,11.55,0.69,-3.843,0.998,-5.555,164.6
2024-06-12 11:00:00+00:00,8.43,1.235,-4.263,1.785,-6.161,174.2
2024-06-12 12:00:00+00:00,6.79,1.3,-3.485,1.878,-5.037,177.5
2024-06-12 13:00:00+00:00,9.27,1.48,-3.74,2.14,-5.406,177.8
2024-06-12 14:00:00+00:00,9.65,0.989,-2.632,1.429,-3.805,393.8
2024-06-12 15:00:00+00:00,12.58,0.984,-2.851,1.423,-4.121,499.9
2024-06-12 16:00:00+00:00,15.08,1.06,-2.845,1.532,-4.112,246.6
2024-06-12 17:00:00+00:00,15.34,1.746,-4.59,2.524,-6.635,111.8
2024-06-12 18:00:00+00:00,17.2,1.858,-4.087,2.686,-5.908,177.4
2024-06-12 19:00:00+00:00,16.99,2.223,-4.17,3.213,-6.027,56.2
2024-06-12 20:00:00+00:00,18.28,2.219,-3.665,3.208,-5.297,53.3
2024-06-12 21:00:00+00:00,18.86,3.044,-4.627,4.4,-6.688,19.4
2024-06-12 22:00:00+00:00,21.32,3.829,-4.553,5.534,-6.582,0.0
2024-06-12 23:00:00+00:00,23.27,3.362,-2.921,4.86,-4.223,0.0
2024-06-13 00:00:00+00:00,23.48,4.68,-2.733,6.765,-3.95,0.0
2024-06-13 01:00:00+00:00,20.36,5.837,-1.883,8.437,-2.721,0.0
2024-06-13 02:00:00+00:00,22.31,5.893,-0.252,8.518,-0.365,0.0
2024-06-13 03:00:00+00:00,19.87,6.918,1.459,9.999,2.109,59.9
2024-06-13 04:00:00+00:00,20.07,5.824,2.604,8.418,3.764,104.3
2024-06-13 05:00:00+00:00,22.43,5.734,4.072,8.288,5.886,125.2
2024-06-13 06:00:00+00:00,22.17,4.537,5.055,6.558,7.307,195.5
2024-06-13 07:00:00+00:00,18.03,3.741,5.384,5.408,7.782,193.8
2024-06-13 08:00:00+00:00,15.02,3.446,6.518,4.981,9.421,132.7
2024-06-13 09:00:00+00:00,13.53,1.947,7.702,2.815,11.133,149.4
2024-06-13 10:00:00+00:00,13.59,0.247,6.99,0.357,10.103,164.7
2024-06-13 11:00:00+00:00,15.92,-0.876,6.401,-1.266,9.253,174.4
2024-06-13 12:00:00+00:00,15.77,-1.57,5.079,-2.27,7.341,177.6
2024-06-13 13:00:00+00:00,16.19,-1.658,4.918,-2.396,7.108,174.4
2024-06-13 14:00:00+00:00,10.4,-1.748,4.404,-2.527,6.366,164.7
2024-06-13 15:00:00+00:00,13.39,-2.063,4.417,-2.983,6.384,149.4
2024-06-13 16:00:00+00:00,12.64,-1.968,4.623,-2.844,6.683,129.5
2024-06-13 17:00:00+00:00,12.65,-2.354,4.935,-3.402,7.133,106.7
2024-06-13 18:00:00+00:00,13.49,-2.6,4.505,-3.759,6.512,86.7
2024-06-13 19:00:00+00:00,14.63,-2.499,3.722,-3.611,5.38,56.4
2024-06-13 20:00:00+00:00,14.46,-2.56,3.207,-3.7,4.635,39.4
2024-06-13 21:00:00+00:00,16.79,-2.591,2.882,-3.745,4.166,22.3
2024-06-13 22:00:00+00:00,19.68,-2.969,3.461,-4.291,5.002,0.0
2024-06-13 23:00:00+00:00,20.52,-2.959,3.425,-4.278,4.951,0.0
2024-06-14 00:00:00+00:00,23.4,-3.34,3.916,-4.827,5.661,0.0
2024-06-14 01:00:00+00:00,25.68,-4.038,4.691,-5.837,6.781,0.0
2024-06-14 02:00:00+00:00,24.19,-3.105,3.717,-4.487,5.373,0.0
2024-06-14 03:00:00+00:00,23.2,-2.656,3.261,-3.839,4.714,39.2
2024-06-14 04:00:00+00:00,21.97,-2.823,3.462,-4.08,5.005,151.4
2024-06-14 05:00:00+00:00,23.32,-2.279,2.828,-3.294,4.088,257.0
2024-06-14 06:00:00+00:00,22.79,-2.37,2.672,-3.425,3.863,370.3
2024-06-14 07:00:00+00:00,22.94,-2.967,2.838,-4.289,4.103,395.3
2024-06-14 08:00:00+00:00,20.26,-2.638,2.281,-3.813,3.297,369.4
2024-06-14 09:00:00+00:00,19.34,-3.156,2.411,-4.562,3.485,463.5
2024-06-14 10:00:00+00:00,18.5,-2.93,2.167,-4.235,3.132,714.6
2024-06-14 11:00:00+00:00,15.82,-2.374,1.599,-3.432,2.312,487.1
2024-06-14 12:00:00+00:00,15.71,-2.848,1.776,-4.116,2.567,586.2
2024-06-14 13:00:00+00:00,17.35,-3.091,2.292,-4.468,3.314,793.1
2024-06-14 14:00:00+00:00,18.05,-3.655,3.153,-5.283,4.558,320.9
2024-06-14 15:00:00+00:00,16.77,-3.52,2.948,-5.087,4.261,149.6
2024-06-14 16:00:00+00:00,14.27,-3.726,3.124,-5.385,4.515,361.5
2024-06-14 17:00:00+00:00,14.4,-3.951,3.194,-5.71,4.617,311.5
2024-06-14 18:00:00+00:00,14.39,-4.127,3.77,-5.966,5.449,281.5
2024-06-14 19:00:00+00:00,15.04,-3.796,3.523,-5.486,5.092,221.4
2024-06-14 20:00:00+00:00,17.78,-2.831,3.131,-4.092,4.525,83.4
2024-06-14 21:00:00+00:00,18.36,-1.896,2.853,-2.741,4.123,13.4
2024-06-14 22:00:00+00:00,20.5,-1.611,2.702,-2.328,3.906,0.0
2024-06-14 23:00:00+00:00,21.71,-1.69,2.97,-2.443,4.293,0.0
2024-06-15 00:00:00+00:00,21.73,-1.84,3.157,-2.66,4.564,0.0
2024-06-15 01:00:00+00:00,22.49,-1.516,2.417,-2.192,3.494,0.0
2024-06-15 02:00:00+00:00,20.62,-1.837,2.724,-2.655,3.937,0.0
2024-06-15 03:00:00+00:00,19.73,-1.409,1.919,-2.036,2.774,13.5
2024-06-15 04:00:00+00:00,17.7,-1.595,2.163,-2.305,3.127,33.5
2024-06-15 05:00:00+00:00,17.97,-1.659,2.272,-2.398,3.284,128.6
2024-06-15 06:00:00+00:00,17.65,-1.46,2.016,-2.11,2.914,202.9
2024-06-15 07:00:00+00:00,16.2,-1.702,2.295,-2.46,3.318,484.1
2024-06-15 08:00:00+00:00,15.73,-2.423,3.579,-3.502,5.174,589.7
2024-06-15 09:00:00+00:00,14.77,-2.325,3.484,-3.36,5.036,680.3
2024-06-15 10:00:00+00:00,12.61,-2.327,3.548,-3.363,5.128,620.9
2024-06-15 11:00:00+00:00,9.26,-2.814,4.166,-4.068,6.022,684.0
2024-06-15 12:00:00+00:00,9.79,-3.174,4.55,-4.588,6.577,496.3
2024-06-15 13:00:00+00:00,11.23,-2.868,4.081,-4.145,5.898,356.2
2024-06-15 14:00:00+00:00,11.24,-2.599,4.494,-3.757,6.496,355.4
2024-06-15 15:00:00+00:00,10.94,-2.735,6.491,-3.953,9.382,553.7
2024-06-15 16:00:00+00:00,11.89,-1.281,5.961,-1.852,8.616,466.1
2024-06-15 17:00:00+00:00,11.59,-0.725,5.278,-1.048,7.628,444.9
2024-06-15 18:00:00+00:00,12.49,-0.235,5.626,-0.339,8.132,246.0
2024-06-15 19:00:00+00:00,11.43,0.025,7.325,0.036,10.588,257.6
2024-06-15 20:00:00+00:00,14.36,0.634,6.71,0.917,9.699,137.6
2024-06-15 21:00:00+00:00,17.0,1.835,7.729,2.653,11.172,39.3
2024-06-15 22:00:00+00:00,17.99,2.063,5.711,2.982,8.255,0.0
2024-06-15 23:00:00+00:00,20.16,3.298,5.916,4.767,8.552,0.0
2024-06-16 00:00:00+00:00,19.37,4.381,5.194,6.332,7.507,0.0
2024-06-16 01:00:00+00:00,19.68,4.381,3.756,6.333,5.43,0.0
2024-06-16 02:00:00+00:00,19.98,4.149,2.539,5.998,3.669,0.0
2024-06-16 03:00:00+00:00,20.37,4.136,1.656,5.978,2.393,41.9
2024-06-16 04:00:00+00:00,20.57,3.869,0.864,5.592,1.249,112.8
2024-06-16 05:00:00+00:00,21.39,4.413,0.334,6.378,0.483,164.8
2024-06-16 06:00:00+00:00,21.12,4.463,0.011,6.451,0.016,326.1
2024-06-16 07:00:00+00:00,18.48,4.569,-0.208,6.604,-0.3,477.5
2024-06-16 08:00:00+00:00,16.83,4.529,-0.689,6.546,-0.996,552.3
2024-06-16 09:00:00+00:00,18.92,5.768,-1.53,8.337,-2.211,543.6
2024-06-16 10:00:00+00:00,14.57,6.175,-2.108,8.926,-3.047,527.4
2024-06-16 11:00:00+00:00,15.4,6.579,-2.981,9.509,-4.309,495.9
2024-06-16 12:00:00+00:00,14.09,7.071,-4.207,10.221,-6.081,178.0
2024-06-16 13:00:00+00:00,15.49,4.841,-4.389,6.998,-6.344,174.7
2024-06-16 14:00:00+00:00,13.13,3.961,-4.744,5.725,-6.857,165.1
2024-06-16 15:00:00+00:00,12.93,3.331,-5.196,4.815,-7.51,149.8
2024-06-16 16:00:00+00:00,15.24,3.297,-6.599,4.766,-9.538,129.8
2024-06-16 17:00:00+00:00,14.49,2.574,-6.605,3.72,-9.546,106.6
2024-06-16 18:00:00+00:00,16.62,1.604,-6.845,2.318,-9.894,102.7
2024-06-16 19:00:00+00:00,16.13,0.767,-8.222,1.109,-11.884,168.0
2024-06-16 20:00:00+00:00,17.12,-0.128,-7.857,-0.184,-11.357,125.3
2024-06-16 21:00:00+00:00,17.05,-0.26,-5.698,-0.376,-8.237,62.0
2024-06-16 22:00:00+00:00,18.09,-0.89,-7.54,-1.287,-10.899,0.0
2024-06-16 23:00:00+00:00,20.5,-1.037,-5.522,-1.499,-7.982,0.0
2024-06-17 00:00:00+00:00,23.46,-1.283,-5.807,-1.854,-8.394,0.0
2024-06-17 01:00:00+00:00,23.28,-1.567,-4.168,-2.265,-6.025,0.0
2024-06-17 02:00:00+00:00,24.23,-1.628,-2.862,-2.353,-4.136,0.0
2024-06-17 03:00:00+00:00,26.59,-2.561,-3.323,-3.702,-4.803,62.4
2024-06-17 04:00:00+00:00,26.12,-3.053,-3.117,-4.412,-4.505,153.0
2024-06-17 05:00:00+00:00,25.94,-3.326,-2.75,-4.807,-3.975,235.3
2024-06-17 06:00:00+00:00,22.32,-4.518,-3.353,-6.53,-4.846,371.8
2024-06-17 07:00:00+00:00,20.22,-3.757,-2.711,-5.431,-3.918,482.6
2024-06-17 08:00:00+00:00,18.95,-3.298,-2.591,-4.767,-3.745,590.5
2024-06-17 09:00:00+00:00,16.07,-2.213,-2.095,-3.199,-3.028,681.1
2024-06-17 10:00:00+00:00,15.12,-1.786,-2.045,-2.582,-2.956,644.9
2024-06-17 11:00:00+00:00,13.35,-2.023,-2.741,-2.925,-3.962,478.7
2024-06-17 12:00:00+00:00,10.68,-1.586,-2.667,-2.293,-3.855,533.4
2024-06-17 13:00:00+00:00,11.88,-1.201,-3.23,-1.736,-4.669,391.3
2024-06-17 14:00:00+00:00,12.04,-0.569,-3.595,-0.823,-5.196,401.4
2024-06-17 15:00:00+00:00,12.53,0.351,-3.731,0.508,-5.393,454.5
2024-06-17 16:00:00+00:00,13.64,0.974,-3.145,1.407,-4.545,374.2
2024-06-17 17:00:00+00:00,17.16,1.643,-3.004,2.375,-4.342,106.7
2024-06-17 18:00:00+00:00,20.5,1.97,-2.728,2.848,-3.943,203.5
2024-06-17 19:00:00+00:00,18.46,2.067,-1.645,2.988,-2.378,180.5
2024-06-17 20:00:00+00:00,19.33,2.462,-1.166,3.559,-1.685,120.6
2024-06-17 21:00:00+00:00,19.85,1.874,-0.504,2.709,-0.728,48.3
2024-06-17 22:00:00+00:00,20.32,2.492,-0.274,3.602,-0.396,0.0
2024-06-17 23:00:00+00:00,20.18,2.852,0.101,4.123,0.146,0.0
2024-06-18 00:00:00+00:00,22.41,2.632,0.441,3.804,0.638,0.0
2024-06-18 01:00:00+00:00,20.63,2.99,0.604,4.321,0.873,0.0
2024-06-18 02:00:00+00:00,24.46,3.097,0.786,4.476,1.136,0.0
2024-06-18 03:00:00+00:00,22.49,2.994,0.729,4.328,1.053,22.1
2024-06-18 04:00:00+00:00,19.65,2.984,0.648,4.313,0.936,94.8
2024-06-18 05:00:00+00:00,19.39,3.06,0.597,4.423,0.863,150.8
2024-06-18 06:00:00+00:00,17.46,2.505,0.402,3.62,0.581,316.7
2024-06-18 07:00:00+00:00,17.85,2.473,0.297,3.574,0.429,282.8
2024-06-18 08:00:00+00:00,14.62,2.879,0.388,4.161,0.56,375.8
2024-06-18 09:00:00+00:00,16.24,2.347,0.366,3.392,0.528,383.4
2024-06-18 10:00:00+00:00,17.03,2.869,0.325,4.146,0.47,521.6
2024-06-18 11:00:00+00:00,15.91,2.718,0.18,3.929,0.26,540.6
2024-06-18 12:00:00+00:00,17.09,3.486,0.016,5.04,0.024,623.8
2024-06-18 13:00:00+00:00,19.76,3.254,-0.344,4.703,-0.497,683.4
2024-06-18 14:00:00+00:00,16.16,2.743,-0.535,3.965,-0.773,463.3
2024-06-18 15:00:00+00:00,17.32,2.927,-0.672,4.231,-0.971,560.5
2024-06-18 16:00:00+00:00,17.05,2.755,-0.589,3.983,-0.851,258.4
2024-06-18 17:00:00+00:00,14.16,1.959,-0.432,2.832,-0.624,379.9
2024-06-18 18:00:00+00:00,17.81,2.178,-0.385,3.148,-0.557,262.8
2024-06-18 19:00:00+00:00,17.13,2.073,-0.317,2.997,-0.458,219.3
2024-06-18 20:00:00+00:00,19.07,2.119,-0.258,3.063,-0.373,153.4
2024-06-18 21:00:00+00:00,20.3,2.539,-0.398,3.669,-0.575,46.3
2024-06-18 22:00:00+00:00,21.26,2.439,-0.565,3.526,-0.816,0.0
2024-06-18 23:00:00+00:00,22.85,3.107,-0.635,4.491,-0.918,0.0
2024-06-19 00:00:00+00:00,22.4,2.96,-0.455,4.279,-0.657,0.0
2024-06-19 01:00:00+00:00,20.77,2.696,-0.098,3.896,-0.142,0.0
2024-06-19 02:00:00+00:00,22.96,2.798,0.223,4.045,0.322,0.0
2024-06-19 03:00:00+00:00,18.78,2.996,0.505,4.331,0.73,13.9
2024-06-19 04:00:00+00:00,16.62,3.917,1.108,5.662,1.601,33.8
2024-06-19 05:00:00+00:00,15.61,3.322,1.39,4.802,2.009,57.0
2024-06-19 06:00:00+00:00,13.99,3.143,1.735,4.542,2.508,81.9
2024-06-19 07:00:00+00:00,12.22,2.713,1.738,3.921,2.512,106.8
2024-06-19 08:00:00+00:00,9.16,2.296,1.962,3.319,2.836,130.0
2024-06-19 09:00:00+00:00,11.72,1.706,1.793,2.465,2.592,149.9
2024-06-19 10:00:00+00:00,11.05,1.107,1.547,1.599,2.235,165.2
2024-06-19 11:00:00+00:00,8.86,1.29,2.033,1.865,2.938,174.8
2024-06-19 12:00:00+00:00,10.01,1.305,2.565,1.887,3.708,178.1
2024-06-19 13:00:00+00:00,11.82,1.101,2.674,1.591,3.865,174.8
2024-06-19 14:00:00+00:00,10.18,0.801,3.036,1.158,4.388,165.2
2024-06-19 15:00:00+00:00,10.07,0.772,3.423,1.116,4.948,149.9
2024-06-19 16:00:00+00:00,11.94,0.945,3.125,1.366,4.517,130.0
2024-06-19 17:00:00+00:00,14.94,1.232,2.641,1.781,3.817,117.6
2024-06-19 18:00:00+00:00,17.82,1.364,2.463,1.972,3.56,86.8
2024-06-19 19:00:00+00:00,19.3,1.718,2.326,2.483,3.362,57.0
2024-06-19 20:00:00+00:00,19.93,1.835,2.234,2.652,3.23,56.9
2024-06-19 21:00:00+00:00,20.62,2.064,2.3,2.984,3.325,25.3
2024-06-19 22:00:00+00:00,20.07,2.799,2.638,4.046,3.814,0.0
2024-06-19 23:00:00+00:00,22.79,2.527,2.287,3.653,3.306,0.0
2024-06-20 00:00:00+00:00,24.61,1.972,1.727,2.85,2.497,0.0
2024-06-20 01:00:00+00:00,23.43,2.061,1.718,2.979,2.483,0.0
2024-06-20 02:00:00+00:00,22.85,1.69,1.646,2.443,2.38,0.0
2024-06-20 03:00:00+00:00,22.77,1.426,1.795,2.06,2.594,20.7
2024-06-20 04:00:00+00:00,22.24,1.212,2.021,1.751,2.922,45.3
2024-06-20 05:00:00+00:00,23.65,0.829,2.206,1.198,3.189,57.0
2024-06-20 06:00:00+00:00,23.09,0.493,2.108,0.712,3.046,128.5
2024-06-20 07:00:00+00:00,22.05,0.137,1.792,0.198,2.59,288.3
2024-06-20 08:00:00+00:00,20.12,-0.145,1.838,-0.209,2.657,286.3
2024-06-20 09:00:00+00:00,17.47,-0.371,1.871,-0.536,2.705,600.6
2024-06-20 10:00:00+00:00,19.25,-0.858,2.297,-1.241,3.32,554.8
2024-06-20 11:00:00+00:00,18.2,-1.273,2.11,-1.84,3.05,449.6
2024-06-20 12:00:00+00:00,16.6,-1.432,1.419,-2.069,2.051,730.0
2024-06-20 13:00:00+00:00,12.57,-1.788,1.024,-2.584,1.481,794.7
2024-06-20 14:00:00+00:00,12.78,-1.664,0.389,-2.405,0.562,751.0
2024-06-20 15:00:00+00:00,12.67,-1.919,-0.162,-2.774,-0.234,681.5
2024-06-20 16:00:00+00:00,11.59,-1.43,-0.609,-2.067,-0.88,591.0
2024-06-20 17:00:00+00:00,13.67,-1.325,-1.17,-1.916,-1.691,485.5
2024-06-20 18:00:00+00:00,13.79,-1.166,-2.031,-1.686,-2.936,372.3
2024-06-20 19:00:00+00:00,15.64,-0.283,-1.78,-0.408,-2.572,259.1
2024-06-20 20:00:00+00:00,17.55,0.204,-1.658,0.295,-2.396,146.3
2024-06-20 21:00:00+00:00,19.72,0.688,-1.877,0.994,-2.713,59.5
2024-06-20 22:00:00+00:00,22.25,0.976,-1.649,1.411,-2.383,0.0
2024-06-20 23:00:00+00:00,26.32,1.679,-1.655,2.427,-2.392,0.0
2024-06-21 00:00:00+00:00,27.87,2.046,-1.407,2.957,-2.034,0.0
2024-06-21 01:00:00+00:00,28.26,2.275,-1.27,3.288,-1.835,0.0
2024-06-21 02:00:00+00:00,29.3,2.002,-0.96,2.894,-1.388,0.0
2024-06-21 03:00:00+00:00,28.01,1.383,-0.39,1.998,-0.564,43.3
2024-06-21 04:00:00+00:00,25.46,1.482,-0.173,2.143,-0.25,43.5
2024-06-21 05:00:00+00:00,23.1,1.611,0.037,2.329,0.053,147.5
2024-06-21 06:00:00+00:00,23.23,1.554,0.296,2.246,0.427,81.9
2024-06-21 07:00:00+00:00,20.15,1.327,0.576,1.918,0.832,234.2
2024-06-21 08:00:00+00:00,17.06,1.111,0.808,1.606,1.169,499.7
2024-06-21 09:00:00+00:00,16.18,0.995,1.245,1.438,1.8,572.3
2024-06-21 10:00:00+00:00,15.26,0.638,1.656,0.922,2.394,706.6
2024-06-21 11:00:00+00:00,12.22,0.239,1.639,0.346,2.369,794.7
2024-06-21 12:00:00+00:00,12.44,-0.188,1.716,-0.271,2.481,809.6
2024-06-21 13:00:00+00:00,11.2,-0.754,1.606,-1.09,2.321,794.7
2024-06-21 14:00:00+00:00,12.78,-1.148,1.161,-1.659,1.678,751.0
2024-06-21 15:00:00+00:00,11.21,-1.26,0.55,-1.821,0.796,224.9
2024-06-21 16:00:00+00:00,10.68,-1.772,0.021,-2.561,0.03,240.1
2024-06-21 17:00:00+00:00,12.26,-1.733,-0.685,-2.505,-0.99,301.6
2024-06-21 18:00:00+00:00,11.72,-1.283,-1.245,-1.854,-1.8,302.3
2024-06-21 19:00:00+00:00,12.83,-0.701,-1.539,-1.013,-2.224,229.6
2024-06-21 20:00:00+00:00,13.45,0.033,-1.814,0.048,-2.623,128.5
2024-06-21 21:00:00+00:00,15.94,0.747,-1.445,1.08,-2.089,63.0
2024-06-21 22:00:00+00:00,18.13,1.522,-1.321,2.2,-1.909,0.0
2024-06-21 23:00:00+00:00,18.24,2.263,-0.869,3.271,-1.256,0.0
2024-06-22 00:00:00+00:00,17.26,2.308,0.133,3.335,0.192,0.0
2024-06-22 01:00:00+00:00,16.15,2.387,1.145,3.451,1.655,0.0
2024-06-22 02:00:00+00:00,14.26,1.638,1.853,2.368,2.679,0.0
2024-06-22 03:00:00+00:00,14.75,1.261,3.036,1.822,4.389,13.8
2024-06-22 04:00:00+00:00,14.05,0.429,3.439,0.621,4.97,38.6
2024-06-22 05:00:00+00:00,16.77,-0.693,3.919,-1.002,5.665,103.5
2024-06-22 06:00:00+00:00,16.63,-1.873,3.767,-2.707,5.445,100.8
2024-06-22 07:00:00+00:00,13.71,-3.369,3.524,-4.869,5.094,199.5
2024-06-22 08:00:00+00:00,11.87,-4.066,2.013,-5.877,2.91,271.2
2024-06-22 09:00:00+00:00,14.89,-3.967,0.605,-5.734,0.874,506.1
2024-06-22 10:00:00+00:00,13.07,-3.671,-0.405,-5.306,-0.585,427.6
2024-06-22 11:00:00+00:00,12.31,-3.404,-1.245,-4.92,-1.799,174.8
2024-06-22 12:00:00+00:00,12.2,-3.432,-2.335,-4.961,-3.375,178.1
2024-06-22 13:00:00+00:00,13.35,-2.387,-2.855,-3.45,-4.127,174.8
2024-06-22 14:00:00+00:00,13.18,-1.805,-3.503,-2.61,-5.064,165.2
2024-06-22 15:00:00+00:00,11.82,-0.728,-3.431,-1.053,-4.96,171.9
2024-06-22 16:00:00+00:00,12.77,0.383,-3.117,0.553,-4.506,130.0
2024-06-22 17:00:00+00:00,15.19,1.64,-3.015,2.371,-4.358,106.8
2024-06-22 18:00:00+00:00,15.83,2.239,-1.82,3.237,-2.631,81.9
2024-06-22 19:00:00+00:00,15.3,2.743,-0.906,3.965,-1.31,57.0
2024-06-22 20:00:00+00:00,17.61,3.982,0.123,5.756,0.178,44.2
2024-06-22 21:00:00+00:00,16.09,3.402,1.466,4.917,2.12,26.1
2024-06-22 22:00:00+00:00,16.75,3.107,3.106,4.49,4.489,0.0
2024-06-22 23:00:00+00:00,20.76,2.152,5.156,3.111,7.453,0.0
2024-06-23 00:00:00+00:00,23.54,-0.376,5.263,-0.543,7.607,0.0
2024-06-23 01:00:00+00:00,23.79,-4.042,6.06,-5.842,8.759,0.0
2024-06-23 02:00:00+00:00,24.38,-6.375,2.696,-9.215,3.896,0.0
2024-06-23 03:00:00+00:00,23.88,-5.832,-0.76,-8.43,-1.099,31.9
2024-06-23 04:00:00+00:00,24.79,-4.348,-3.811,-6.285,-5.508,38.2
2024-06-23 05:00:00+00:00,25.19,-1.542,-5.674,-2.229,-8.201,56.9
2024-06-23 06:00:00+00:00,24.71,2.197,-5.534,3.176,-7.999,81.8
2024-06-23 07:00:00+00:00,23.55,4.267,-3.146,6.168,-4.548,119.8
2024-06-23 08:00:00+00:00,21.82,6.113,-0.35,8.836,-0.506,129.9
2024-06-23 09:00:00+00:00,22.07,5.054,2.419,7.305,3.496,149.9
2024-06-23 10:00:00+00:00,21.68,3.087,4.698,4.462,6.791,165.2
2024-06-23 11:00:00+00:00,18.99,0.91,6.717,1.315,9.708,174.8
2024-06-23 12:00:00+00:00,16.51,-2.813,6.499,-4.066,9.394,178.0
2024-06-23 13:00:00+00:00,15.13,-6.203,4.012,-8.966,5.8,359.1
2024-06-23 14:00:00+00:00,16.91,-6.917,0.004,-9.998,0.006,652.6
2024-06-23 15:00:00+00:00,16.61,-5.91,-3.175,-8.542,-4.589,681.2
2024-06-23 16:00:00+00:00,18.2,-4.241,-5.94,-6.13,-8.586,590.6
2024-06-23 17:00:00+00:00,17.62,-1.209,-7.146,-1.747,-10.328,485.1
2024-06-23 18:00:00+00:00,17.41,2.517,-8.472,3.638,-12.246,346.6
2024-06-23 19:00:00+00:00,15.96,5.954,-7.161,8.606,-10.351,189.5
2024-06-23 20:00:00+00:00,16.84,7.183,-2.702,10.382,-3.906,69.3
2024-06-23 21:00:00+00:00,18.15,6.852,1.156,9.904,1.672,33.3
2024-06-23 22:00:00+00:00,17.16,4.428,3.556,6.4,5.14,0.0
2024-06-23 23:00:00+00:00,17.26,2.034,6.684,2.94,9.661,0.0
2024-06-24 00:00:00+00:00,20.97,-1.437,5.618,-2.077,8.12,0.0
2024-06-24 01:00:00+00:00,22.95,-4.076,3.558,-5.892,5.143,0.0
2024-06-24 02:00:00+00:00,23.07,-5.563,0.647,-8.041,0.935,0.0
2024-06-24 03:00:00+00:00,18.55,-5.189,-2.575,-7.5,-3.722,49.1
2024-06-24 04:00:00+00:00,18.5,-2.071,-3.799,-2.994,-5.491,123.4
2024-06-24 05:00:00+00:00,16.99,0.848,-4.673,1.225,-6.755,214.2
2024-06-24 06:00:00+00:00,16.42,4.294,-3.455,6.207,-4.994,262.7
2024-06-24 07:00:00+00:00,14.2,4.841,0.369,6.997,0.534,151.7
2024-06-24 08:00:00+00:00,13.67,2.971,3.361,4.294,4.858,164.6
2024-06-24 09:00:00+00:00,14.06,-0.349,5.048,-0.505,7.296,294.3
2024-06-24 10:00:00+00:00,11.05,-2.819,2.564,-4.075,3.706,699.5
2024-06-24 11:00:00+00:00,10.88,-4.145,-0.066,-5.992,-0.096,641.9
2024-06-24 12:00:00+00:00,10.62,-3.361,-2.995,-4.858,-4.329,429.1
2024-06-24 13:00:00+00:00,9.06,-0.742,-4.332,-1.073,-6.262,277.3
2024-06-24 14:00:00+00:00,9.33,1.452,-2.72,2.099,-3.932,248.2
2024-06-24 15:00:00+00:00,11.46,2.75,-1.288,3.975,-1.862,149.8
2024-06-24 16:00:00+00:00,12.98,2.672,0.609,3.862,0.881,129.9
2024-06-24 17:00:00+00:00,13.24,1.552,1.974,2.243,2.853,106.7
2024-06-24 18:00:00+00:00,16.53,-0.171,2.632,-0.248,3.805,81.7
2024-06-24 19:00:00+00:00,16.82,-1.522,1.654,-2.199,2.391,56.8
2024-06-24 20:00:00+00:00,17.91,-2.471,0.19,-3.572,0.275,33.6
2024-06-24 21:00:00+00:00,16.71,-2.801,-2.411,-4.049,-3.485,13.7
2024-06-24 22:00:00+00:00,21.53,-0.308,-3.377,-0.446,-4.881,0.0
2024-06-24 23:00:00+00:00,19.51,1.905,-2.517,2.754,-3.638,0.0
2024-06-25 00:00:00+00:00,21.93,3.38,-0.774,4.885,-1.119,0.0
2024-06-25 01:00:00+00:00,22.37,3.185,1.329,4.604,1.921,0.0
2024-06-25 02:00:00+00:00,23.46,2.945,3.672,4.257,5.308,0.0
2024-06-25 03:00:00+00:00,21.66,1.03,5.232,1.489,7.563,35.4
2024-06-25 04:00:00+00:00,21.64,-1.056,5.291,-1.526,7.647,33.5
2024-06-25 05:00:00+00:00,24.27,-3.008,4.001,-4.347,5.783,56.7
2024-06-25 06:00:00+00:00,21.54,-3.76,1.943,-5.435,2.809,81.6
2024-06-25 07:00:00+00:00,21.97,-3.27,0.141,-4.726,0.203,106.6
2024-06-25 08:00:00+00:00,22.03,-3.313,-1.173,-4.788,-1.695,248.5
2024-06-25 09:00:00+00:00,21.4,-2.7,-2.286,-3.903,-3.305,389.9
2024-06-25 10:00:00+00:00,18.63,-1.708,-2.642,-2.469,-3.818,203.9
2024-06-25 11:00:00+00:00,15.84,-1.039,-3.279,-1.501,-4.74,174.6
2024-06-25 12:00:00+00:00,16.96,0.079,-4.008,0.114,-5.793,177.9
2024-06-25 13:00:00+00:00,17.88,0.98,-3.764,1.417,-5.441,201.4
2024-06-25 14:00:00+00:00,17.4,1.881,-3.414,2.719,-4.935,165.0
2024-06-25 15:00:00+00:00,16.04,2.679,-2.988,3.872,-4.319,149.7
2024-06-25 16:00:00+00:00,14.46,3.698,-2.609,5.345,-3.771,202.4
2024-06-25 17:00:00+00:00,15.41,4.496,-1.775,6.499,-2.565,248.2
2024-06-25 18:00:00+00:00,17.16,4.165,-0.769,6.02,-1.111,228.6
2024-06-25 19:00:00+00:00,17.09,3.662,-0.014,5.294,-0.021,173.2
2024-06-25 20:00:00+00:00,19.61,3.804,0.481,5.499,0.696,64.9
2024-06-25 21:00:00+00:00,18.95,3.39,0.771,4.901,1.114,55.0
2024-06-25 22:00:00+00:00,18.95,2.966,0.932,4.287,1.347,0.0
2024-06-25 23:00:00+00:00,19.62,2.952,1.284,4.268,1.857,0.0
2024-06-26 00:00:00+00:00,20.97,2.915,1.369,4.213,1.979,0.0
2024-06-26 01:00:00+00:00,17.85,2.392,1.248,3.457,1.804,0.0
2024-06-26 02:00:00+00:00,19.73,2.392,1.609,3.458,2.326,0.0
2024-06-26 03:00:00+00:00,20.58,2.86,2.295,4.134,3.317,45.4
2024-06-26 04:00:00+00:00,19.98,1.921,1.825,2.777,2.638,88.8
2024-06-26 05:00:00+00:00,19.19,1.848,2.053,2.671,2.968,128.2
2024-06-26 06:00:00+00:00,16.69,1.801,2.06,2.603,2.978,81.5
2024-06-26 07:00:00+00:00,19.3,1.623,2.007,2.346,2.901,257.5
2024-06-26 08:00:00+00:00,18.8,1.544,2.405,2.231,3.476,225.9
2024-06-26 09:00:00+00:00,19.85,1.11,2.511,1.605,3.629,328.5
2024-06-26 10:00:00+00:00,15.96,0.677,2.47,0.978,3.57,396.9
2024-06-26 11:00:00+00:00,14.04,0.389,2.691,0.562,3.89,391.1
2024-06-26 12:00:00+00:00,13.5,0.067,2.72,0.097,3.931,324.5
2024-06-26 13:00:00+00:00,12.72,-0.248,2.432,-0.359,3.515,174.5
2024-06-26 14:00:00+00:00,12.42,-0.41,2.151,-0.593,3.109,164.9
2024-06-26 15:00:00+00:00,10.99,-0.49,1.949,-0.708,2.817,149.6
2024-06-26 16:00:00+00:00,9.38,-0.468,1.79,-0.677,2.588,129.7
2024-06-26 17:00:00+00:00,8.75,-0.38,1.664,-0.549,2.405,106.5
2024-06-26 18:00:00+00:00,10.57,-0.381,1.908,-0.55,2.759,81.5
2024-06-26 19:00:00+00:00,11.75,-0.32,2.231,-0.463,3.224,56.6
2024-06-26 20:00:00+00:00,12.14,-0.068,2.483,-0.098,3.59,33.4
2024-06-26 21:00:00+00:00,14.75,0.234,2.328,0.339,3.365,13.4
2024-06-26 22:00:00+00:00,14.09,0.519,2.218,0.75,3.206,0.0
2024-06-26 23:00:00+00:00,13.55,0.683,1.768,0.988,2.556,0.0
2024-06-27 00:00:00+00:00,14.69,0.935,1.812,1.351,2.619,0.0
2024-06-27 01:00:00+00:00,13.01,1.206,1.567,1.743,2.266,0.0
2024-06-27 02:00:00+00:00,13.36,1.501,1.248,2.17,1.803,0.0
2024-06-27 03:00:00+00:00,13.83,1.375,0.865,1.988,1.25,13.3
2024-06-27 04:00:00+00:00,13.21,1.463,0.64,2.115,0.925,33.2
2024-06-27 05:00:00+00:00,15.16,1.766,0.282,2.553,0.407,56.5
2024-06-27 06:00:00+00:00,14.0,1.633,-0.231,2.361,-0.334,81.4
2024-06-27 07:00:00+00:00,12.8,1.946,-0.805,2.812,-1.164,106.3
2024-06-27 08:00:00+00:00,10.93,1.574,-1.511,2.275,-2.184,129.5
2024-06-27 09:00:00+00:00,9.9,0.767,-1.873,1.109,-2.707,149.5
2024-06-27 10:00:00+00:00,9.17,-0.077,-1.96,-0.111,-2.833,164.8
2024-06-27 11:00:00+00:00,7.97,-0.745,-1.506,-1.076,-2.177,462.2
2024-06-27 12:00:00+00:00,11.52,-1.373,-0.857,-1.985,-1.239,509.4
2024-06-27 13:00:00+00:00,12.26,-1.928,0.2,-2.787,0.289,408.1
2024-06-27 14:00:00+00:00,15.84,-1.252,1.193,-1.81,1.724,266.8
2024-06-27 15:00:00+00:00,16.19,-0.468,2.035,-0.677,2.941,292.0
2024-06-27 16:00:00+00:00,16.74,1.002,2.196,1.448,3.174,230.6
2024-06-27 17:00:00+00:00,18.06,2.126,1.231,3.073,1.779,166.5
2024-06-27 18:00:00+00:00,17.41,2.191,-0.368,3.167,-0.532,245.5
2024-06-27 19:00:00+00:00,19.68,1.481,-1.626,2.141,-2.35,238.8
2024-06-27 20:00:00+00:00,19.05,0.135,-1.981,0.194,-2.863,150.4
2024-06-27 21:00:00+00:00,18.92,-1.332,-1.836,-1.925,-2.654,56.3
2024-06-27 22:00:00+00:00,17.43,-2.182,-0.537,-3.154,-0.777,0.0
2024-06-27 23:00:00+00:00,19.58,-1.798,1.089,-2.6,1.574,0.0
2024-06-28 00:00:00+00:00,18.64,-0.568,2.266,-0.821,3.276,0.0
2024-06-28 01:00:00+00:00,16.52,1.513,2.396,2.187,3.464,0.0
2024-06-28 02:00:00+00:00,18.44,3.148,0.916,4.551,1.324,0.0
2024-06-28 03:00:00+00:00,15.66,3.108,-1.415,4.493,-2.045,59.5
2024-06-28 04:00:00+00:00,17.95,1.643,-3.195,2.375,-4.619,150.2
2024-06-28 05:00:00+00:00,15.77,-0.7,-3.085,-1.011,-4.458,255.8
2024-06-28 06:00:00+00:00,14.39,-2.299,-1.707,-3.323,-2.468,369.2
2024-06-28 07:00:00+00:00,14.38,-3.036,0.208,-4.388,0.3,482.5
2024-06-28 08:00:00+00:00,11.46,-2.04,1.907,-2.949,2.756,588.2
2024-06-28 09:00:00+00:00,9.68,-0.606,2.85,-0.876,4.119,678.9
2024-06-28 10:00:00+00:00,8.0,1.48,3.406,2.14,4.924,748.5
2024-06-28 11:00:00+00:00,6.4,4.308,2.568,6.227,3.711,792.3
2024-06-28 12:00:00+00:00,5.94,4.603,-0.435,6.653,-0.628,782.9
2024-06-28 13:00:00+00:00,8.14,3.962,-3.067,5.727,-4.433,521.2
2024-06-28 14:00:00+00:00,7.46,1.98,-5.005,2.861,-7.235,181.0
2024-06-28 15:00:00+00:00,9.14,-0.689,-5.235,-0.996,-7.567,259.2
2024-06-28 16:00:00+00:00,7.89,-3.033,-4.669,-4.385,-6.748,175.3
2024-06-28 17:00:00+00:00,8.25,-5.807,-3.305,-8.393,-4.778,190.0
2024-06-28 18:00:00+00:00,9.19,-7.192,-0.443,-10.395,-0.641,165.8
2024-06-28 19:00:00+00:00,11.03,-5.718,2.028,-8.266,2.931,101.6
2024-06-28 20:00:00+00:00,12.24,-5.158,4.223,-7.455,6.105,33.0
2024-06-28 21:00:00+00:00,13.14,-3.024,4.797,-4.372,6.934,13.1
2024-06-28 22:00:00+00:00,14.76,-1.405,5.431,-2.031,7.851,0.0
2024-06-28 23:00:00+00:00,14.14,-0.235,5.355,-0.34,7.741,0.0
2024-06-29 00:00:00+00:00,12.83,0.893,6.415,1.291,9.272,0.0
2024-06-29 01:00:00+00:00,16.04,1.446,6.456,2.091,9.332,0.0
2024-06-29 02:00:00+00:00,17.55,1.898,5.529,2.743,7.992,0.0
2024-06-29 03:00:00+00:00,17.76,2.47,5.496,3.57,7.944,35.9
2024-06-29 04:00:00+00:00,20.13,2.292,4.662,3.313,6.739,96.7
2024-06-29 05:00:00+00:00,17.49,2.753,5.462,3.98,7.896,69.3
2024-06-29 06:00:00+00:00,14.83,2.912,5.574,4.209,8.057,81.0
2024-06-29 07:00:00+00:00,13.0,3.495,5.831,5.051,8.429,148.1
2024-06-29 08:00:00+00:00,10.05,3.733,5.899,5.396,8.527,191.3
2024-06-29 09:00:00+00:00,11.75,4.225,5.725,6.107,8.275,405.2
2024-06-29 10:00:00+00:00,9.69,3.503,4.546,5.063,6.571,267.3
2024-06-29 11:00:00+00:00,10.01,2.972,3.923,4.295,5.671,174.1
2024-06-29 12:00:00+00:00,12.0,3.465,4.645,5.008,6.714,177.4
2024-06-29 13:00:00+00:00,10.71,3.978,5.358,5.75,7.745,174.1
2024-06-29 14:00:00+00:00,11.4,2.981,4.397,4.309,6.356,164.5
2024-06-29 15:00:00+00:00,12.94,2.783,5.24,4.022,7.574,241.0
2024-06-29 16:00:00+00:00,13.63,1.501,4.097,2.169,5.922,255.1
2024-06-29 17:00:00+00:00,12.54,1.368,4.003,1.978,5.786,275.8
2024-06-29 18:00:00+00:00,14.12,1.176,3.635,1.699,5.254,175.7
2024-06-29 19:00:00+00:00,17.4,1.353,3.702,1.955,5.351,184.9
2024-06-29 20:00:00+00:00,13.9,1.542,3.151,2.228,4.554,149.2
2024-06-29 21:00:00+00:00,12.69,1.781,2.482,2.575,3.588,58.5
2024-06-29 22:00:00+00:00,15.34,2.733,2.63,3.951,3.801,0.0
2024-06-29 23:00:00+00:00,15.96,4.521,2.393,6.535,3.458,0.0
2024-06-30 00:00:00+00:00,18.45,4.652,0.883,6.724,1.276,0.0
2024-06-30 01:00:00+00:00,18.43,4.559,-0.644,6.59,-0.931,0.0
2024-06-30 02:00:00+00:00,17.16,4.239,-2.209,6.127,-3.194,0.0
2024-06-30 03:00:00+00:00,15.27,2.893,-3.419,4.182,-4.942,57.4
2024-06-30 04:00:00+00:00,15.77,1.689,-5.188,2.441,-7.499,138.2
2024-06-30 05:00:00+00:00,18.18,-0.337,-6.809,-0.487,-9.843,116.1
2024-06-30 06:00:00+00:00,18.78,-3.146,-7.077,-4.548,-10.23,325.0
2024-06-30 07:00:00+00:00,16.67,-6.084,-5.832,-8.794,-8.43,394.9
2024-06-30 08:00:00+00:00,17.05,-7.051,-2.834,-10.192,-4.097,394.9
2024-06-30 09:00:00+00:00,17.57,-8.129,0.441,-11.75,0.637,371.7
2024-06-30 10:00:00+00:00,17.4,-6.245,3.099,-9.027,4.479,538.1
2024-06-30 11:00:00+00:00,14.37,-3.873,4.781,-5.598,6.911,757.9
2024-06-30 12:00:00+00:00,12.91,-1.296,6.221,-1.874,8.992,741.8
2024-06-30 13:00:00+00:00,13.07,0.863,5.419,1.247,7.833,726.2
2024-06-30 14:00:00+00:00,15.59,3.742,5.579,5.408,8.064,328.3
2024-06-30 15:00:00+00:00,14.3,5.316,2.85,7.684,4.12,400.3
2024-06-30 16:00:00+00:00,16.97,6.211,0.134,8.978,0.194,259.1
2024-06-30 17:00:00+00:00,16.38,5.915,-3.056,8.55,-4.417,105.8
2024-06-30 18:00:00+00:00,16.94,3.56,-5.217,5.145,-7.541,259.1
2024-06-30 19:00:00+00:00,17.91,1.179,-6.182,1.704,-8.936,89.6
2024-06-30 20:00:00+00:00,18.26,-1.733,-7.606,-2.505,-10.994,78.2
2024-06-30 21:00:00+00:00,18.63,-4.266,-6.464,-6.166,-9.343,31.4
2024-06-30 22:00:00+00:00,20.49,-5.136,-4.693,-7.423,-6.784,0.0
2024-06-30 23:00:00+00:00,19.12,-4.982,-2.809,-7.201,-4.06,0.0
2024-07-01 00:00:00+00:00,22.88,-4.71,-1.646,-6.808,-2.379,0.0
2024-07-01 01:00:00+00:00,23.83,-4.71,-0.337,-6.808,-0.487,0.0
2024-07-01 02:00:00+00:00,21.67,-4.781,0.421,-6.911,0.608,0.0
2024-07-01 03:00:00+00:00,19.19,-4.386,0.931,-6.339,1.346,12.3
2024-07-01 04:00:00+00:00,20.82,-3.888,1.261,-5.62,1.822,94.4
2024-07-01 05:00:00+00:00,21.19,-3.669,1.694,-5.304,2.449,193.9
2024-07-01 06:00:00+00:00,21.7,-3.962,2.601,-5.728,3.759,157.8
2024-07-01 07:00:00+00:00,20.61,-3.295,3.167,-4.763,4.578,294.2
2024-07-01 08:00:00+00:00,19.22,-2.733,3.488,-3.95,5.041,229.3
2024-07-01 09:00:00+00:00,18.37,-2.319,3.845,-3.351,5.558,200.2
2024-07-01 10:00:00+00:00,20.14,-2.15,3.98,-3.108,5.753,164.2
2024-07-01 11:00:00+00:00,19.57,-1.74,3.63,-2.515,5.248,332.2
2024-07-01 12:00:00+00:00,19.51,-1.696,3.681,-2.451,5.321,177.1
2024-07-01 13:00:00+00:00,20.95,-1.623,3.478,-2.345,5.027,202.0
2024-07-01 14:00:00+00:00,21.86,-1.512,3.617,-2.186,5.228,347.3
2024-07-01 15:00:00+00:00,18.29,-2.226,4.657,-3.217,6.731,148.8
2024-07-01 16:00:00+00:00,19.69,-2.784,5.573,-4.024,8.056,128.8
2024-07-01 17:00:00+00:00,20.26,-2.939,4.933,-4.248,7.131,105.6
2024-07-01 18:00:00+00:00,20.2,-2.928,4.178,-4.232,6.039,80.6
2024-07-01 19:00:00+00:00,20.77,-2.44,2.974,-3.528,4.298,55.6
2024-07-01 20:00:00+00:00,20.73,-2.63,2.422,-3.801,3.501,32.3
2024-07-01 21:00:00+00:00,19.99,-3.098,2.226,-4.478,3.217,12.8
2024-07-01 22:00:00+00:00,22.43,-3.129,1.744,-4.523,2.52,0.0
2024-07-01 23:00:00+00:00,22.82,-3.182,1.456,-4.6,2.104,0.0
2024-07-02 00:00:00+00:00,23.13,-2.693,0.795,-3.892,1.149,0.0
2024-07-02 01:00:00+00:00,25.32,-3.4,0.473,-4.915,0.684,0.0
2024-07-02 02:00:00+00:00,25.3,-3.648,-0.285,-5.273,-0.412,0.0
2024-07-02 03:00:00+00:00,25.68,-2.717,-1.163,-3.927,-1.681,54.8
2024-07-02 04:00:00+00:00,24.87,-2.196,-1.903,-3.174,-2.75,145.7
2024-07-02 05:00:00+00:00,22.72,-1.372,-2.228,-1.983,-3.221,251.5
2024-07-02 06:00:00+00:00,21.58,-0.579,-2.14,-0.838,-3.094,365.1
2024-07-02 07:00:00+00:00,19.25,0.106,-2.038,0.153,-2.946,478.7
2024-07-02 08:00:00+00:00,19.4,0.895,-2.422,1.294,-3.5,584.6
2024-07-02 09:00:00+00:00,18.08,1.944,-2.156,2.81,-3.117,675.5
2024-07-02 10:00:00+00:00,17.5,2.798,-1.038,4.044,-1.501,745.2
2024-07-02 11:00:00+00:00,14.71,3.15,0.236,4.553,0.342,789.1
2024-07-02 12:00:00+00:00,13.2,3.049,1.79,4.408,2.587,804.0
2024-07-02 13:00:00+00:00,11.85,2.171,2.952,3.138,4.267,789.1
2024-07-02 14:00:00+00:00,9.26,1.01,3.49,1.46,5.044,745.2
2024-07-02 15:00:00+00:00,11.58,-0.202,3.513,-0.292,5.078,675.5
2024-07-02 16:00:00+00:00,14.14,-1.129,3.468,-1.633,5.013,584.6
2024-07-02 17:00:00+00:00,13.8,-2.188,2.999,-3.162,4.335,478.7
2024-07-02 18:00:00+00:00,14.43,-2.507,1.896,-3.624,2.741,365.1
2024-07-02 19:00:00+00:00,18.8,-2.42,0.995,-3.497,1.438,251.5
2024-07-02 20:00:00+00:00,22.1,-3.178,0.259,-4.593,0.375,145.7
2024-07-02 21:00:00+00:00,22.19,-3.305,-0.621,-4.777,-0.897,54.8
2024-07-02 22:00:00+00:00,21.74,-3.41,-1.696,-4.928,-2.452,0.0
2024-07-02 23:00:00+00:00,25.59,-2.588,-2.31,-3.74,-3.339,0.0
2024-07-03 00:00:00+00:00,28.51,-2.294,-3.367,-3.315,-4.867,0.0
2024-07-03 01:00:00+00:00,30.06,-1.501,-3.489,-2.169,-5.044,0.0
2024-07-03 02:00:00+00:00,27.52,-0.813,-3.672,-1.175,-5.308,0.0
2024-07-03 03:00:00+00:00,25.62,-0.265,-3.544,-0.383,-5.123,53.3
2024-07-03 04:00:00+00:00,25.13,0.163,-3.941,0.236,-5.696,144.3
2024-07-03 05:00:00+00:00,24.45,0.555,-3.615,0.802,-5.225,248.8
2024-07-03 06:00:00+00:00,21.49,0.97,-3.54,1.402,-5.117,363.9
2024-07-03 07:00:00+00:00,20.71,1.15,-3.432,1.663,-4.961,429.1
2024-07-03 08:00:00+00:00,19.09,1.294,-3.01,1.871,-4.351,556.9
2024-07-03 09:00:00+00:00,16.28,1.499,-2.726,2.167,-3.94,674.4
2024-07-03 10:00:00+00:00,17.33,2.22,-2.439,3.209,-3.526,744.2
2024-07-03 11:00:00+00:00,17.62,2.786,-1.802,4.026,-2.604,788.1
2024-07-03 12:00:00+00:00,15.01,2.262,-0.654,3.27,-0.946,803.0
2024-07-03 13:00:00+00:00,17.28,2.353,0.011,3.401,0.017,788.1
2024-07-03 14:00:00+00:00,15.95,2.157,0.947,3.118,1.369,744.2
2024-07-03 15:00:00+00:00,15.09,1.452,1.67,2.099,2.414,674.4
2024-07-03 16:00:00+00:00,19.18,0.874,2.369,1.263,3.424,583.4
2024-07-03 17:00:00+00:00,16.7,-0.205,2.649,-0.297,3.829,477.5
2024-07-03 18:00:00+00:00,17.57,-1.277,2.601,-1.846,3.759,363.9
2024-07-03 19:00:00+00:00,18.72,-2.001,2.126,-2.893,3.072,250.2
2024-07-03 20:00:00+00:00,19.29,-1.851,1.06,-2.676,1.532,144.3
2024-07-03 21:00:00+00:00,19.51,-1.819,0.536,-2.63,0.774,53.3
2024-07-03 22:00:00+00:00,17.17,-1.983,0.053,-2.866,0.076,0.0
2024-07-03 23:00:00+00:00,18.48,-1.683,-0.338,-2.433,-0.488,0.0
2024-07-04 00:00:00+00:00,18.98,-1.726,-0.814,-2.494,-1.177,0.0
2024-07-04 01:00:00+00:00,19.05,-1.232,-1.121,-1.781,-1.62,0.0
2024-07-04 02:00:00+00:00,19.76,-1.011,-1.588,-1.461,-2.295,0.0
2024-07-04 03:00:00+00:00,21.22,-0.546,-1.979,-0.789,-2.861,44.0
2024-07-04 04:00:00+00:00,23.75,0.213,-2.154,0.308,-3.113,109.9
2024-07-04 05:00:00+00:00,20.54,0.986,-1.63,1.425,-2.357,246.4
2024-07-04 06:00:00+00:00,19.21,1.518,-0.894,2.195,-1.292,362.5
2024-07-04 07:00:00+00:00,18.83,1.611,-0.166,2.329,-0.241,476.2
2024-07-04 08:00:00+00:00,18.82,1.425,0.517,2.06,0.747,582.2
2024-07-04 09:00:00+00:00,18.38,0.954,1.085,1.38,1.569,673.2
2024-07-04 10:00:00+00:00,16.88,0.267,1.535,0.386,2.219,743.1
2024-07-04 11:00:00+00:00,17.05,-0.564,1.624,-0.815,2.347,257.9
2024-07-04 12:00:00+00:00,18.12,-1.029,0.836,-1.488,1.208,176.4
2024-07-04 13:00:00+00:00,16.41,-1.39,0.263,-2.009,0.38,173.1
2024-07-04 14:00:00+00:00,15.36,-1.368,-0.324,-1.977,-0.469,163.5
2024-07-04 15:00:00+00:00,17.41,-1.17,-0.768,-1.691,-1.11,148.1
2024-07-04 16:00:00+00:00,16.36,-0.698,-0.997,-1.008,-1.441,128.1
2024-07-04 17:00:00+00:00,18.02,-0.18,-1.067,-0.26,-1.543,146.4
2024-07-04 18:00:00+00:00,19.35,0.336,-1.236,0.486,-1.787,194.2
2024-07-04 19:00:00+00:00,18.9,0.855,-0.987,1.236,-1.427,208.7
2024-07-04 20:00:00+00:00,23.47,1.332,-0.673,1.926,-0.973,110.2
2024-07-04 21:00:00+00:00,22.17,1.695,-0.071,2.45,-0.103,31.4
2024-07-04 22:00:00+00:00,22.05,1.588,0.566,2.295,0.818,0.0
2024-07-04 23:00:00+00:00,23.29,1.344,1.083,1.943,1.565,0.0
2024-07-05 00:00:00+00:00,20.18,0.713,1.289,1.031,1.863,0.0
2024-07-05 01:00:00+00:00,19.13,0.21,1.838,0.304,2.657,0.0
2024-07-05 02:00:00+00:00,18.81,-0.539,2.196,-0.779,3.175,0.0
2024-07-05 03:00:00+00:00,18.13,-1.329,1.706,-1.921,2.466,46.7
2024-07-05 04:00:00+00:00,21.13,-2.373,1.161,-3.43,1.678,141.1
2024-07-05 05:00:00+00:00,21.38,-3.127,0.094,-4.52,0.136,168.0
2024-07-05 06:00:00+00:00,19.33,-2.598,-0.856,-3.755,-1.238,250.3
2024-07-05 07:00:00+00:00,15.83,-2.328,-2.172,-3.365,-3.14,308.2
2024-07-05 08:00:00+00:00,17.07,-0.915,-3.109,-1.323,-4.494,523.3
2024-07-05 09:00:00+00:00,16.85,0.843,-3.16,1.219,-4.568,578.7
2024-07-05 10:00:00+00:00,15.19,2.124,-1.955,3.07,-2.826,461.6
2024-07-05 11:00:00+00:00,13.58,2.629,-0.364,3.8,-0.526,172.9
2024-07-05 12:00:00+00:00,13.55,1.616,0.774,2.336,1.119,176.2
2024-07-05 13:00:00+00:00,12.8,1.434,1.782,2.073,2.575,172.9
2024-07-05 14:00:00+00:00,15.83,0.517,1.994,0.747,2.883,163.2
2024-07-05 15:00:00+00:00,14.87,-0.43,1.98,-0.622,2.862,429.0
2024-07-05 16:00:00+00:00,16.04,-1.527,1.951,-2.207,2.821,327.0
2024-07-05 17:00:00+00:00,18.32,-2.253,0.968,-3.256,1.4,218.6
2024-07-05 18:00:00+00:00,18.75,-2.564,-0.404,-3.707,-0.585,90.5
2024-07-05 19:00:00+00:00,18.3,-2.092,-1.58,-3.024,-2.284,104.8
2024-07-05 20:00:00+00:00,16.89,-1.062,-1.966,-1.535,-2.842,31.0
2024-07-05 21:00:00+00:00,16.13,-0.14,-2.522,-0.203,-3.646,19.3
2024-07-05 22:00:00+00:00,16.57,0.974,-2.394,1.408,-3.461,0.0
2024-07-05 23:00:00+00:00,17.68,1.794,-1.486,2.594,-2.148,0.0
2024-07-06 00:00:00+00:00,19.73,2.99,-0.621,4.322,-0.898,0.0
2024-07-06 01:00:00+00:00,24.56,2.165,0.539,3.13,0.78,0.0
2024-07-06 02:00:00+00:00,22.65,1.541,1.475,2.228,2.132,0.0
2024-07-06 03:00:00+00:00,24.69,0.586,1.55,0.847,2.24,31.1
2024-07-06 04:00:00+00:00,24.72,-0.079,1.599,-0.115,2.311,61.3
2024-07-06 05:00:00+00:00,23.98,-0.851,1.3,-1.23,1.879,156.7
2024-07-06 06:00:00+00:00,23.99,-1.585,0.803,-2.291,1.16,79.1
2024-07-06 07:00:00+00:00,21.94,-1.847,-0.03,-2.67,-0.044,104.1
2024-07-06 08:00:00+00:00,19.07,-1.474,-0.85,-2.131,-1.228,127.5
2024-07-06 09:00:00+00:00,19.83,-0.908,-1.468,-1.313,-2.122,147.5
2024-07-06 10:00:00+00:00,16.58,-0.184,-1.929,-0.266,-2.788,162.9
2024-07-06 11:00:00+00:00,14.84,0.575,-1.817,0.831,-2.627,213.5
2024-07-06 12:00:00+00:00,15.68,1.112,-1.254,1.607,-1.812,379.7
2024-07-06 13:00:00+00:00,14.08,1.382,-0.577,1.997,-0.833,309.9
2024-07-06 14:00:00+00:00,13.35,1.668,0.149,2.411,0.215,515.4
2024-07-06 15:00:00+00:00,13.82,1.299,0.852,1.877,1.232,670.6
2024-07-06 16:00:00+00:00,12.93,0.856,1.391,1.237,2.01,564.0
2024-07-06 17:00:00+00:00,15.18,0.135,1.561,0.195,2.257,444.4
2024-07-06 18:00:00+00:00,14.81,-0.507,1.462,-0.732,2.113,337.6
2024-07-06 19:00:00+00:00,15.18,-1.174,1.132,-1.697,1.637,177.5
2024-07-06 20:00:00+00:00,16.09,-1.247,0.336,-1.802,0.486,92.1
2024-07-06 21:00:00+00:00,18.54,-1.468,-0.391,-2.122,-0.565,21.4
2024-07-06 22:00:00+00:00,19.81,-1.101,-1.182,-1.592,-1.709,0.0
2024-07-06 23:00:00+00:00,20.21,-0.3,-1.363,-0.433,-1.969,0.0
2024-07-07 00:00:00+00:00,24.93,0.457,-1.25,0.66,-1.807,0.0
2024-07-07 01:00:00+00:00,23.64,1.367,-0.94,1.976,-1.359,0.0
2024-07-07 02:00:00+00:00,24.04,1.937,0.02,2.8,0.028,0.0
2024-07-07 03:00:00+00:00,24.52,1.209,0.869,1.748,1.257,35.5
2024-07-07 04:00:00+00:00,24.03,0.542,1.932,0.783,2.793,135.4
2024-07-07 05:00:00+00:00,24.56,-0.784,2.182,-1.134,3.154,205.4
2024-07-07 06:00:00+00:00,21.69,-1.967,1.247,-2.844,1.802,299.5
2024-07-07 07:00:00+00:00,19.42,-2.397,-0.168,-3.465,-0.243,471.7
2024-07-07 08:00:00+00:00,19.18,-1.577,-1.261,-2.279,-1.822,578.0
2024-07-07 09:00:00+00:00,17.91,-0.992,-3.424,-1.435,-4.95,669.2
2024-07-07 10:00:00+00:00,15.51,1.258,-3.394,1.819,-4.906,739.2
2024-07-07 11:00:00+00:00,12.94,3.255,-1.828,4.705,-2.643,783.2
2024-07-07 12:00:00+00:00,14.37,4.026,0.511,5.819,0.738,798.2
2024-07-07 13:00:00+00:00,15.09,2.965,3.022,4.285,4.368,783.2
2024-07-07 14:00:00+00:00,13.5,0.587,3.097,0.848,4.477,739.2
2024-07-07 15:00:00+00:00,14.49,-1.183,3.122,-1.71,4.513,573.4
2024-07-07 16:00:00+00:00,13.03,-2.757,1.985,-3.984,2.87,360.2
2024-07-07 17:00:00+00:00,14.55,-3.558,0.02,-5.144,0.03,303.8
2024-07-07 18:00:00+00:00,17.47,-2.778,-1.954,-4.016,-2.824,250.7
2024-07-07 19:00:00+00:00,19.38,-1.17,-3.248,-1.691,-4.694,161.9
2024-07-07 20:00:00+00:00,21.72,0.733,-3.518,1.06,-5.085,126.5
2024-07-07 21:00:00+00:00,24.19,2.272,-2.691,3.284,-3.89,46.3
2024-07-07 22:00:00+00:00,23.34,3.7,-1.018,5.349,-1.471,0.0
2024-07-07 23:00:00+00:00,22.31,3.889,1.536,5.621,2.22,0.0
2024-07-08 00:00:00+00:00,24.58,1.901,3.53,2.748,5.102,0.0
2024-07-08 01:00:00+00:00,27.03,-0.966,3.703,-1.396,5.352,0.0
2024-07-08 02:00:00+00:00,27.25,-3.923,2.07,-5.671,2.992,0.0
2024-07-08 03:00:00+00:00,28.35,-5.12,-1.713,-7.401,-2.476,14.4
2024-07-08 04:00:00+00:00,29.06,-2.67,-4.602,-3.859,-6.652,29.8
2024-07-08 05:00:00+00:00,26.12,0.912,-4.562,1.318,-6.594,53.2
2024-07-08 06:00:00+00:00,25.8,3.265,-2.307,4.719,-3.334,84.8
2024-07-08 07:00:00+00:00,23.24,3.383,0.531,4.889,0.767,103.4
2024-07-08 08:00:00+00:00,20.39,1.371,1.902,1.982,2.75,126.8
2024-07-08 09:00:00+00:00,19.54,-0.735,2.759,-1.062,3.988,146.9
2024-07-08 10:00:00+00:00,16.99,-2.575,0.995,-3.721,1.438,330.0
2024-07-08 11:00:00+00:00,17.79,-2.465,-1.761,-3.563,-2.545,514.5
2024-07-08 12:00:00+00:00,17.18,0.003,-2.999,0.004,-4.335,175.3
2024-07-08 13:00:00+00:00,16.76,2.123,-1.375,3.069,-1.987,172.0
2024-07-08 14:00:00+00:00,15.52,2.623,1.151,3.791,1.664,559.5
2024-07-08 15:00:00+00:00,13.76,0.311,2.543,0.45,3.676,526.1
2024-07-08 16:00:00+00:00,10.22,-2.313,2.056,-3.343,2.972,317.0
2024-07-08 17:00:00+00:00,14.08,-3.373,-0.921,-4.876,-1.331,103.4
2024-07-08 18:00:00+00:00,15.28,-0.937,-3.295,-1.354,-4.763,78.3
2024-07-08 19:00:00+00:00,18.6,3.259,-3.652,4.71,-5.278,65.1
2024-07-08 20:00:00+00:00,20.61,4.763,0.908,6.885,1.313,29.8
2024-07-08 21:00:00+00:00,21.47,2.15,5.602,3.107,8.097,22.4
2024-07-08 22:00:00+00:00,21.69,-3.107,4.332,-4.491,6.262,0.0
2024-07-08 23:00:00+00:00,25.89,-5.052,-0.064,-7.303,-0.092,0.0
2024-07-09 00:00:00+00:00,25.52,-2.652,-3.578,-3.833,-5.172,0.0
2024-07-09 01:00:00+00:00,26.13,1.613,-4.93,2.331,-7.125,0.0
2024-07-09 02:00:00+00:00,24.2,4.281,-1.502,6.189,-2.171,0.0
2024-07-09 03:00:00+00:00,24.99,3.911,2.377,5.653,3.435,37.7
2024-07-09 04:00:00+00:00,22.33,0.957,4.55,1.383,6.577,107.7
2024-07-09 05:00:00+00:00,21.68,-2.562,3.641,-3.703,5.263,162.7
2024-07-09 06:00:00+00:00,20.8,-4.699,0.125,-6.792,0.181,268.0
2024-07-09 07:00:00+00:00,18.48,-2.637,-3.468,-3.811,-5.013,408.6
2024-07-09 08:00:00+00:00,12.17,1.171,-4.095,1.692,-5.919,511.3
2024-07-09 09:00:00+00:00,12.66,3.08,-1.636,4.452,-2.364,666.1
2024-07-09 10:00:00+00:00,12.33,3.766,1.253,5.443,1.812,736.2
2024-07-09 11:00:00+00:00,10.99,3.001,4.796,4.338,6.932,780.3
2024-07-09 12:00:00+00:00,10.0,-0.4,5.364,-0.579,7.753,795.3
2024-07-09 13:00:00+00:00,9.55,-3.033,3.963,-4.383,5.729,712.6
2024-07-09 14:00:00+00:00,8.75,-5.824,1.652,-8.419,2.389,736.2
2024-07-09 15:00:00+00:00,10.84,-4.477,-1.216,-6.471,-1.757,666.1
2024-07-09 16:00:00+00:00,9.85,-2.882,-3.32,-4.166,-4.799,574.7
2024-07-09 17:00:00+00:00,11.19,-0.764,-4.561,-1.104,-6.593,468.3
2024-07-09 18:00:00+00:00,14.09,2.574,-5.351,3.721,-7.734,354.1
2024-07-09 19:00:00+00:00,13.49,5.658,-2.961,8.178,-4.28,151.1
2024-07-09 20:00:00+00:00,14.77,4.331,0.686,6.26,0.992,91.5
2024-07-09 21:00:00+00:00,16.75,4.524,4.213,6.54,6.09,26.5
2024-07-09 22:00:00+00:00,17.99,1.577,6.905,2.28,9.981,0.0
2024-07-09 23:00:00+00:00,19.85,-1.476,5.233,-2.134,7.564,0.0
2024-07-10 00:00:00+00:00,24.24,-3.5,3.646,-5.059,5.27,0.0
2024-07-10 01:00:00+00:00,23.14,-3.578,1.115,-5.172,1.612,0.0
2024-07-10 02:00:00+00:00,23.56,-2.852,-0.683,-4.122,-0.987,0.0
2024-07-10 03:00:00+00:00,25.15,-2.072,-2.109,-2.995,-3.049,35.5
2024-07-10 04:00:00+00:00,24.19,-0.89,-2.658,-1.287,-3.842,131.3
2024-07-10 05:00:00+00:00,23.58,0.275,-3.523,0.398,-5.092,232.6
2024-07-10 06:00:00+00:00,23.69,1.882,-3.011,2.721,-4.352,259.8
2024-07-10 07:00:00+00:00,21.46,3.422,-2.27,4.947,-3.282,326.9
2024-07-10 08:00:00+00:00,20.34,4.137,-0.277,5.979,-0.401,443.9
2024-07-10 09:00:00+00:00,20.6,3.515,1.999,5.08,2.89,664.4
2024-07-10 10:00:00+00:00,18.51,2.04,4.121,2.949,5.957,589.7
2024-07-10 11:00:00+00:00,18.11,-0.858,5.608,-1.24,8.107,651.6
2024-07-10 12:00:00+00:00,17.34,-4.002,4.613,-5.784,6.668,678.7
2024-07-10 13:00:00+00:00,15.14,-5.573,1.637,-8.056,2.366,723.3
2024-07-10 14:00:00+00:00,16.11,-5.567,-1.353,-8.046,-1.956,341.7
2024-07-10 15:00:00+00:00,17.92,-3.403,-3.113,-4.919,-4.5,165.1
2024-07-10 16:00:00+00:00,17.11,-1.514,-4.937,-2.188,-7.136,126.0
2024-07-10 17:00:00+00:00,17.11,0.998,-4.131,1.442,-5.971,126.7
2024-07-10 18:00:00+00:00,18.91,2.791,-2.755,4.035,-3.983,109.4
2024-07-10 19:00:00+00:00,20.14,3.642,-0.607,5.264,-0.877,116.7
2024-07-10 20:00:00+00:00,21.51,4.005,1.713,5.789,2.476,28.9
2024-07-10 21:00:00+00:00,21.29,3.157,4.712,4.564,6.81,8.8
2024-07-10 22:00:00+00:00,20.04,-0.07,6.459,-0.101,9.336,0.0
2024-07-10 23:00:00+00:00,22.11,-3.015,4.605,-4.358,6.656,0.0
2024-07-11 00:00:00+00:00,22.33,-5.758,2.561,-8.322,3.702,0.0
2024-07-11 01:00:00+00:00,20.85,-7.326,-0.967,-10.589,-1.397,0.0
2024-07-11 02:00:00+00:00,25.49,-5.467,-5.099,-7.902,-7.371,0.0
2024-07-11 03:00:00+00:00,26.31,-1.952,-7.984,-2.822,-11.54,13.2
2024-07-11 04:00:00+00:00,26.68,3.191,-6.902,4.612,-9.976,36.8
2024-07-11 05:00:00+00:00,24.11,7.737,-3.849,11.184,-5.564,78.1
2024-07-11 06:00:00+00:00,23.39,6.845,1.198,9.894,1.732,285.0
2024-07-11 07:00:00+00:00,18.58,4.23,4.472,6.114,6.464,352.1
2024-07-11 08:00:00+00:00,18.11,0.52,5.893,0.752,8.517,571.0
2024-07-11 09:00:00+00:00,19.74,-3.682,4.971,-5.323,7.186,662.6
2024-07-11 10:00:00+00:00,16.75,-6.492,0.94,-9.383,1.359,732.9
2024-07-11 11:00:00+00:00,16.53,-5.9,-4.347,-8.528,-6.284,777.0
2024-07-11 12:00:00+00:00,16.97,-0.836,-6.451,-1.208,-9.325,792.1
2024-07-11 13:00:00+00:00,14.68,5.84,-6.82,8.441,-9.858,559.7
2024-07-11 14:00:00+00:00,16.28,9.796,-0.333,14.16,-0.481,480.0
2024-07-11 15:00:00+00:00,18.87,6.191,6.921,8.949,10.004,662.6
2024-07-11 16:00:00+00:00,18.82,-1.444,10.055,-2.088,14.534,562.4
2024-07-11 17:00:00+00:00,17.44,-8.269,5.253,-11.952,7.593,449.7
2024-07-11 18:00:00+00:00,17.41,-10.482,-3.412,-15.151,-4.932,310.7
2024-07-11 19:00:00+00:00,17.91,-3.478,-8.414,-5.028,-12.162,235.1
2024-07-11 20:00:00+00:00,17.35,4.123,-6.809,5.959,-9.842,92.9
2024-07-11 21:00:00+00:00,18.8,8.876,-1.152,12.83,-1.665,13.6
2024-07-11 22:00:00+00:00,19.74,5.404,5.444,7.811,7.869,0.0
2024-07-11 23:00:00+00:00,18.94,-0.689,7.66,-0.996,11.072,0.0
2024-07-12 00:00:00+00:00,19.5,-5.44,3.407,-7.863,4.925,0.0
2024-07-12 01:00:00+00:00,17.5,-5.588,-2.028,-8.077,-2.932,0.0
2024-07-12 02:00:00+00:00,17.39,-2.098,-6.097,-3.033,-8.813,0.0
2024-07-12 03:00:00+00:00,17.27,3.491,-5.215,5.047,-7.538,21.2
2024-07-12 04:00:00+00:00,18.47,7.251,-0.727,10.48,-1.05,88.0
2024-07-12 05:00:00+00:00,16.91,4.883,4.729,7.058,6.836,142.7
2024-07-12 06:00:00+00:00,17.73,-0.409,6.885,-0.591,9.951,132.8
2024-07-12 07:00:00+00:00,18.8,-6.094,4.334,-8.808,6.264,293.8
2024-07-12 08:00:00+00:00,17.44,-8.532,-1.604,-12.332,-2.319,271.9
2024-07-12 09:00:00+00:00,16.36,-4.532,-6.206,-6.551,-8.971,352.6
2024-07-12 10:00:00+00:00,19.29,1.1,-7.06,1.59,-10.204,497.1
2024-07-12 11:00:00+00:00,17.56,5.702,-3.912,8.243,-5.655,489.9
2024-07-12 12:00:00+00:00,18.67,6.136,1.603,8.869,2.318,688.2
2024-07-12 13:00:00+00:00,17.39,2.609,5.911,3.771,8.543,409.0
2024-07-12 14:00:00+00:00,17.76,-3.427,5.397,-4.954,7.802,313.4
2024-07-12 15:00:00+00:00,17.0,-6.489,-0.193,-9.38,-0.279,295.2
2024-07-12 16:00:00+00:00,16.3,-2.425,-4.758,-3.506,-6.878,294.1
2024-07-12 17:00:00+00:00,17.01,2.731,-4.026,3.948,-5.819,101.7
2024-07-12 18:00:00+00:00,17.4,5.155,0.555,7.452,0.802,76.5
2024-07-12 19:00:00+00:00,21.16,2.052,4.994,2.966,7.219,75.9
2024-07-12 20:00:00+00:00,21.59,-3.485,4.027,-5.037,5.82,59.5
2024-07-12 21:00:00+00:00,22.44,-5.308,-1.123,-7.672,-1.624,27.1
2024-07-12 22:00:00+00:00,24.25,-2.009,-5.145,-2.904,-7.437,0.0
2024-07-12 23:00:00+00:00,25.2,2.881,-3.504,4.165,-5.064,0.0
2024-07-13 00:00:00+00:00,26.3,3.78,0.683,5.464,0.987,0.0
2024-07-13 01:00:00+00:00,27.27,1.252,3.564,1.81,5.151,0.0
2024-07-13 02:00:00+00:00,27.78,-2.109,2.424,-3.048,3.503,0.0
2024-07-13 03:00:00+00:00,27.6,-3.281,-0.662,-4.743,-0.957,7.1
2024-07-13 04:00:00+00:00,30.41,-1.152,-3.626,-1.665,-5.242,27.3
2024-07-13 05:00:00+00:00,29.53,2.82,-3.331,4.076,-4.814,58.5
2024-07-13 06:00:00+00:00,29.83,3.704,0.592,5.355,0.855,143.7
2024-07-13 07:00:00+00:00,30.25,1.852,4.315,2.677,6.237,259.3
2024-07-13 08:00:00+00:00,29.51,-2.788,4.093,-4.03,5.916,320.6
2024-07-13 09:00:00+00:00,29.64,-5.269,-0.355,-7.615,-0.513,399.5
2024-07-13 10:00:00+00:00,25.34,-1.76,-3.597,-2.544,-5.199,205.0
2024-07-13 11:00:00+00:00,22.94,2.226,-3.177,3.218,-4.592,170.2
2024-07-13 12:00:00+00:00,22.35,5.07,0.134,7.328,0.193,173.5
2024-07-13 13:00:00+00:00,19.58,2.649,3.99,3.829,5.767,170.2
2024-07-13 14:00:00+00:00,17.21,-1.547,3.67,-2.236,5.304,160.4
2024-07-13 15:00:00+00:00,16.19,-3.058,0.616,-4.42,0.89,215.7
2024-07-13 16:00:00+00:00,15.08,-2.689,-2.356,-3.887,-3.405,271.6
2024-07-13 17:00:00+00:00,15.04,-0.035,-3.353,-0.051,-4.847,265.5
2024-07-13 18:00:00+00:00,18.15,1.975,-1.77,2.854,-2.558,308.5
2024-07-13 19:00:00+00:00,18.76,2.992,0.334,4.325,0.482,201.8
2024-07-13 20:00:00+00:00,19.61,1.911,3.039,2.762,4.393,100.9
2024-07-13 21:00:00+00:00,20.34,-1.322,3.553,-1.911,5.136,21.9
2024-07-13 22:00:00+00:00,22.88,-3.887,1.068,-5.618,1.544,0.0
2024-07-13 23:00:00+00:00,21.09,-2.549,-2.386,-3.685,-3.448,0.0
2024-07-14 00:00:00+00:00,23.81,1.035,-3.033,1.496,-4.384,0.0
2024-07-14 01:00:00+00:00,25.31,3.003,-0.499,4.341,-0.722,0.0
2024-07-14 02:00:00+00:00,25.52,1.964,2.272,2.839,3.284,0.0
2024-07-14 03:00:00+00:00,26.78,-0.83,3.337,-1.199,4.824,22.4
2024-07-14 04:00:00+00:00,27.33,-3.492,1.596,-5.047,2.307,81.4
2024-07-14 05:00:00+00:00,23.74,-3.87,-2.339,-5.593,-3.382,147.6
2024-07-14 06:00:00+00:00,19.27,-0.094,-4.886,-0.135,-7.062,188.7
2024-07-14 07:00:00+00:00,15.82,3.678,-2.453,5.317,-3.546,166.6
2024-07-14 08:00:00+00:00,16.14,3.568,1.772,5.157,2.562,239.7
2024-07-14 09:00:00+00:00,14.09,0.575,4.535,0.831,6.555,355.9
2024-07-14 10:00:00+00:00,11.08,-4.1,4.096,-5.926,5.921,280.5
2024-07-14 11:00:00+00:00,11.53,-6.572,-0.46,-9.5,-0.666,169.7
2024-07-14 12:00:00+00:00,11.94,-3.077,-4.922,-4.447,-7.114,173.1
2024-07-14 13:00:00+00:00,12.23,1.64,-4.509,2.37,-6.518,169.7
2024-07-14 14:00:00+00:00,14.03,3.536,-1.366,5.111,-1.974,160.0
2024-07-14 15:00:00+00:00,15.9,2.706,1.311,3.912,1.895,144.5
2024-07-14 16:00:00+00:00,14.26,0.88,3.039,1.271,4.393,135.6
2024-07-14 17:00:00+00:00,15.05,-1.391,2.55,-2.01,3.685,100.7
2024-07-14 18:00:00+00:00,16.52,-2.674,0.87,-3.865,1.257,75.5
2024-07-14 19:00:00+00:00,13.42,-2.546,-1.034,-3.68,-1.494,50.2
2024-07-14 20:00:00+00:00,13.07,-1.199,-2.038,-1.732,-2.945,26.7
2024-07-14 21:00:00+00:00,12.21,0.216,-2.129,0.312,-3.078,6.5
2024-07-14 22:00:00+00:00,12.77,1.413,-1.515,2.043,-2.189,0.0
2024-07-14 23:00:00+00:00,16.8,2.271,-0.233,3.283,-0.337,0.0
2024-07-15 00:00:00+00:00,17.93,2.036,1.376,2.943,1.99,0.0
2024-07-15 01:00:00+00:00,17.53,0.874,2.336,1.263,3.377,0.0
2024-07-15 02:00:00+00:00,16.31,-0.618,2.532,-0.894,3.66,0.0
2024-07-15 03:00:00+00:00,16.49,-2.207,2.229,-3.19,3.222,7.2
2024-07-15 04:00:00+00:00,15.98,-2.984,0.607,-4.313,0.877,34.1
2024-07-15 05:00:00+00:00,15.7,-2.424,-0.763,-3.504,-1.102,52.0
2024-07-15 06:00:00+00:00,15.59,-1.637,-1.893,-2.367,-2.736,110.6
2024-07-15 07:00:00+00:00,15.77,-0.492,-3.194,-0.711,-4.617,191.2
2024-07-15 08:00:00+00:00,15.82,1.008,-2.816,1.457,-4.07,153.4
2024-07-15 09:00:00+00:00,17.42,2.354,-2.249,3.403,-3.251,144.0
2024-07-15 10:00:00+00:00,14.04,3.046,-0.88,4.403,-1.272,159.5
2024-07-15 11:00:00+00:00,17.43,2.663,0.677,3.849,0.979,169.3
2024-07-15 12:00:00+00:00,18.57,1.835,1.742,2.652,2.519,172.6
2024-07-15 13:00:00+00:00,19.83,0.516,1.692,0.745,2.446,282.9
2024-07-15 14:00:00+00:00,21.89,-0.304,1.425,-0.439,2.06,260.2
2024-07-15 15:00:00+00:00,22.3,-1.089,1.341,-1.573,1.939,382.2
2024-07-15 16:00:00+00:00,20.5,-1.875,0.542,-2.71,0.783,326.1
2024-07-15 17:00:00+00:00,21.22,-1.685,-0.577,-2.436,-0.834,264.8
2024-07-15 18:00:00+00:00,24.95,-1.112,-1.554,-1.607,-2.246,134.1
2024-07-15 19:00:00+00:00,26.07,0.114,-2.017,0.164,-2.916,86.3
2024-07-15 20:00:00+00:00,25.84,1.234,-1.222,1.783,-1.767,26.1
2024-07-15 21:00:00+00:00,28.64,1.792,-0.063,2.59,-0.092,5.9
2024-07-15 22:00:00+00:00,29.6,1.192,1.029,1.724,1.487,0.0
2024-07-15 23:00:00+00:00,27.35,0.214,1.579,0.31,2.282,0.0
2024-07-16 00:00:00+00:00,25.01,-0.825,1.49,-1.193,2.154,0.0
2024-07-16 01:00:00+00:00,25.44,-1.63,0.761,-2.356,1.1,0.0
2024-07-16 02:00:00+00:00,24.32,-2.088,-0.481,-3.018,-0.695,0.0
2024-07-16 03:00:00+00:00,24.72,-1.601,-2.185,-2.314,-3.159,5.2
2024-07-16 04:00:00+00:00,24.29,0.346,-3.144,0.5,-4.545,25.5
2024-07-16 05:00:00+00:00,23.44,3.268,-3.02,4.724,-4.365,99.6
2024-07-16 06:00:00+00:00,21.1,4.491,-0.362,6.491,-0.524,158.1
2024-07-16 07:00:00+00:00,18.47,4.733,3.06,6.841,4.423,391.8
2024-07-16 08:00:00+00:00,16.35,1.685,5.928,2.436,8.568,463.0
2024-07-16 09:00:00+00:00,17.66,-2.252,4.873,-3.255,7.044,629.9
2024-07-16 10:00:00+00:00,18.02,-5.686,3.266,-8.219,4.721,639.3
2024-07-16 11:00:00+00:00,18.18,-6.801,-1.124,-9.83,-1.624,459.3
2024-07-16 12:00:00+00:00,18.36,-4.899,-5.79,-7.081,-8.369,542.9
2024-07-16 13:00:00+00:00,16.47,0.536,-7.233,0.775,-10.455,520.7
2024-07-16 14:00:00+00:00,16.65,5.269,-5.316,7.617,-7.685,430.2
2024-07-16 15:00:00+00:00,16.59,8.036,-0.419,11.615,-0.605,207.6
2024-07-16 16:00:00+00:00,17.82,5.652,4.88,8.17,7.054,123.3
2024-07-16 17:00:00+00:00,15.08,0.953,6.561,1.377,9.484,99.7
2024-07-16 18:00:00+00:00,17.91,-4.191,6.063,-6.058,8.764,74.4
2024-07-16 19:00:00+00:00,15.23,-6.435,1.737,-9.302,2.51,123.1
2024-07-16 20:00:00+00:00,16.65,-6.674,-2.736,-9.647,-3.955,70.5
2024-07-16 21:00:00+00:00,17.96,-3.648,-7.239,-5.272,-10.464,15.2
2024-07-16 22:00:00+00:00,21.72,1.867,-8.474,2.699,-12.249,0.0
2024-07-16 23:00:00+00:00,22.35,6.538,-5.397,9.45,-7.801,0.0
2024-07-17 00:00:00+00:00,21.03,6.672,-0.646,9.644,-0.934,0.0
2024-07-17 01:00:00+00:00,19.63,5.434,3.686,7.854,5.328,0.0
2024-07-17 02:00:00+00:00,19.66,2.735,8.589,3.953,12.415,0.0
2024-07-17 03:00:00+00:00,20.31,-3.858,10.249,-5.576,14.814,10.4
2024-07-17 04:00:00+00:00,21.07,-10.088,5.435,-14.581,7.856,24.8
2024-07-17 05:00:00+00:00,17.62,-10.605,-1.455,-15.33,-2.104,48.4
2024-07-17 06:00:00+00:00,17.98,-8.268,-7.433,-11.951,-10.745,73.8
2024-07-17 07:00:00+00:00,16.46,-2.377,-9.69,-3.437,-14.006,104.6
2024-07-17 08:00:00+00:00,14.88,2.245,-7.24,3.245,-10.465,122.7
2024-07-17 09:00:00+00:00,15.97,5.391,-4.683,7.792,-6.769,143.0
2024-07-17 10:00:00+00:00,15.91,8.258,-0.868,11.936,-1.255,158.6
2024-07-17 11:00:00+00:00,13.93,7.32,4.287,10.581,6.196,168.4
2024-07-17 12:00:00+00:00,16.44,3.616,8.455,5.226,12.221,290.3
2024-07-17 13:00:00+00:00,16.19,-2.596,8.612,-3.752,12.448,632.2
2024-07-17 14:00:00+00:00,16.91,-9.288,6.924,-13.425,10.008,496.1
2024-07-17 15:00:00+00:00,16.22,-11.143,-0.534,-16.107,-0.771,557.1
2024-07-17 16:00:00+00:00,14.87,-9.059,-8.823,-13.095,-12.753,557.9
2024-07-17 17:00:00+00:00,14.38,-1.297,-10.444,-1.874,-15.096,450.6
2024-07-17 18:00:00+00:00,14.71,4.129,-7.909,5.969,-11.432,335.4
2024-07-17 19:00:00+00:00,16.73,7.279,-4.256,10.521,-6.152,187.0
2024-07-17 20:00:00+00:00,17.75,8.294,0.508,11.988,0.735,112.9
2024-07-17 21:00:00+00:00,18.71,6.304,5.078,9.112,7.34,20.7
2024-07-17 22:00:00+00:00,19.57,1.923,6.493,2.78,9.385,0.0
2024-07-17 23:00:00+00:00,21.83,-2.343,7.245,-3.386,10.472,0.0
2024-07-18 00:00:00+00:00,25.34,-4.252,3.495,-6.146,5.052,0.0
2024-07-18 01:00:00+00:00,28.52,-6.305,1.118,-9.113,1.616,0.0
2024-07-18 02:00:00+00:00,29.6,-7.395,-2.141,-10.69,-3.094,0.0
2024-07-18 03:00:00+00:00,29.11,-4.997,-4.471,-7.223,-6.463,17.6
2024-07-18 04:00:00+00:00,30.63,-2.333,-5.744,-3.373,-8.302,109.8
2024-07-18 05:00:00+00:00,29.38,0.041,-5.268,0.06,-7.615,217.3
2024-07-18 06:00:00+00:00,27.73,1.806,-5.0,2.611,-7.227,332.6
2024-07-18 07:00:00+00:00,27.38,3.616,-4.127,5.227,-5.966,447.9
2024-07-18 08:00:00+00:00,27.1,4.034,-2.403,5.831,-3.474,380.7
2024-07-18 09:00:00+00:00,25.49,3.455,-1.086,4.994,-1.57,303.9
2024-07-18 10:00:00+00:00,22.49,3.389,-0.344,4.899,-0.497,330.6
2024-07-18 11:00:00+00:00,23.76,4.988,0.272,7.21,0.393,763.0
2024-07-18 12:00:00+00:00,22.21,5.117,0.905,7.396,1.308,748.7
2024-07-18 13:00:00+00:00,21.58,5.64,1.252,8.153,1.81,423.8
2024-07-18 14:00:00+00:00,20.79,5.763,1.683,8.331,2.433,500.3
2024-07-18 15:00:00+00:00,23.75,5.842,1.981,8.445,2.864,436.9
2024-07-18 16:00:00+00:00,23.65,6.515,2.836,9.416,4.1,142.8
2024-07-18 17:00:00+00:00,24.56,7.601,3.649,10.986,5.274,179.3
2024-07-18 18:00:00+00:00,18.8,6.575,3.571,9.504,5.162,175.7
2024-07-18 19:00:00+00:00,16.72,5.735,3.634,8.289,5.253,47.8
2024-07-18 20:00:00+00:00,16.36,5.1,3.864,7.371,5.585,32.0
2024-07-18 21:00:00+00:00,16.38,4.661,4.125,6.737,5.962,7.1
2024-07-18 22:00:00+00:00,15.49,4.513,4.525,6.524,6.54,0.0
2024-07-18 23:00:00+00:00,17.6,3.914,4.826,5.657,6.975,0.0
2024-07-19 00:00:00+00:00,18.47,3.294,6.049,4.762,8.744,0.0
2024-07-19 01:00:00+00:00,17.73,2.934,6.556,4.241,9.477,0.0
2024-07-19 02:00:00+00:00,17.6,2.841,7.667,4.106,11.083,0.0
2024-07-19 03:00:00+00:00,18.11,2.688,8.424,3.885,12.176,6.9
2024-07-19 04:00:00+00:00,20.04,2.193,7.514,3.17,10.861,23.5
2024-07-19 05:00:00+00:00,18.7,2.007,6.599,2.902,9.538,104.9
2024-07-19 06:00:00+00:00,19.54,2.288,6.228,3.307,9.003,176.7
2024-07-19 07:00:00+00:00,20.99,2.346,5.218,3.391,7.542,317.9
2024-07-19 08:00:00+00:00,19.45,2.386,4.293,3.448,6.205,431.5
2024-07-19 09:00:00+00:00,18.57,2.667,3.959,3.855,5.723,535.1
2024-07-19 10:00:00+00:00,18.98,2.99,4.079,4.322,5.896,716.1
2024-07-19 11:00:00+00:00,16.67,2.854,3.465,4.125,5.008,636.8
2024-07-19 12:00:00+00:00,14.36,3.688,3.742,5.331,5.408,304.6
2024-07-19 13:00:00+00:00,11.65,4.059,3.592,5.867,5.192,245.8
2024-07-19 14:00:00+00:00,13.86,4.737,2.876,6.847,4.157,187.0
2024-07-19 15:00:00+00:00,14.95,4.786,2.22,6.918,3.21,249.3
2024-07-19 16:00:00+00:00,15.43,5.128,1.637,7.412,2.367,262.7
2024-07-19 17:00:00+00:00,15.73,5.324,0.953,7.695,1.377,203.8
2024-07-19 18:00:00+00:00,18.26,5.863,0.105,8.475,0.152,90.5
2024-07-19 19:00:00+00:00,17.0,6.944,-1.212,10.037,-1.752,47.1
2024-07-19 20:00:00+00:00,16.8,5.86,-2.351,8.47,-3.398,23.5
2024-07-19 21:00:00+00:00,16.31,5.084,-4.073,7.348,-5.887,3.1
2024-07-19 22:00:00+00:00,18.45,3.771,-5.116,5.451,-7.395,0.0
2024-07-19 23:00:00+00:00,20.09,2.967,-7.718,4.289,-11.156,0.0
2024-07-20 00:00:00+00:00,21.37,0.696,-6.766,1.006,-9.78,0.0
2024-07-20 01:00:00+00:00,21.95,-2.008,-6.805,-2.902,-9.836,0.0
2024-07-20 02:00:00+00:00,22.66,-3.93,-4.728,-5.681,-6.834,0.0
2024-07-20 03:00:00+00:00,22.43,-5.065,-2.823,-7.321,-4.081,2.4
2024-07-20 04:00:00+00:00,20.3,-5.275,-0.613,-7.624,-0.885,22.7
2024-07-20 05:00:00+00:00,18.51,-5.032,0.856,-7.273,1.237,46.5
2024-07-20 06:00:00+00:00,16.24,-5.145,2.106,-7.437,3.044,71.9
2024-07-20 07:00:00+00:00,18.21,-4.872,3.326,-7.042,4.808,97.3
2024-07-20 08:00:00+00:00,19.57,-4.028,3.346,-5.823,4.836,121.0
2024-07-20 09:00:00+00:00,17.76,-3.112,2.755,-4.498,3.982,141.4
2024-07-20 10:00:00+00:00,17.17,-2.637,2.752,-3.812,3.977,157.0
2024-07-20 11:00:00+00:00,15.16,-2.683,2.79,-3.878,4.033,166.8
2024-07-20 12:00:00+00:00,15.51,-3.302,2.731,-4.773,3.948,170.2
2024-07-20 13:00:00+00:00,13.29,-3.826,2.379,-5.531,3.439,166.8
2024-07-20 14:00:00+00:00,15.49,-3.485,1.628,-5.038,2.354,157.0
2024-07-20 15:00:00+00:00,15.74,-4.436,1.368,-6.412,1.977,141.4
2024-07-20 16:00:00+00:00,16.07,-5.499,0.617,-7.948,0.893,121.0
2024-07-20 17:00:00+00:00,16.08,-5.345,-0.492,-7.726,-0.711,97.3
2024-07-20 18:00:00+00:00,15.94,-4.929,-1.172,-7.125,-1.694,71.9
2024-07-20 19:00:00+00:00,15.56,-4.998,-1.892,-7.224,-2.735,46.5
2024-07-20 20:00:00+00:00,14.46,-5.567,-2.699,-8.046,-3.902,22.7
2024-07-20 21:00:00+00:00,16.16,-3.816,-2.442,-5.516,-3.53,2.4
2024-07-20 22:00:00+00:00,16.38,-3.43,-2.625,-4.958,-3.795,0.0
2024-07-20 23:00:00+00:00,20.39,-2.256,-2.262,-3.261,-3.269,0.0
2024-07-21 00:00:00+00:00,23.72,-1.892,-2.638,-2.734,-3.813,0.0
2024-07-21 01:00:00+00:00,22.61,-1.666,-3.433,-2.408,-4.962,0.0
2024-07-21 02:00:00+00:00,22.3,-0.953,-3.529,-1.377,-5.101,0.0
2024-07-21 03:00:00+00:00,20.74,-0.526,-3.812,-0.76,-5.51,1.6
2024-07-21 04:00:00+00:00,22.04,-0.24,-3.33,-0.346,-4.814,53.0
2024-07-21 05:00:00+00:00,21.95,-0.055,-3.434,-0.08,-4.963,45.7
2024-07-21 06:00:00+00:00,20.93,0.068,-3.15,0.098,-4.553,71.2
2024-07-21 07:00:00+00:00,20.34,0.259,-3.065,0.375,-4.431,96.7
2024-07-21 08:00:00+00:00,17.7,0.32,-3.214,0.463,-4.646,239.6
2024-07-21 09:00:00+00:00,15.92,0.571,-3.518,0.825,-5.085,243.7
2024-07-21 10:00:00+00:00,12.64,1.038,-4.025,1.501,-5.818,452.1
2024-07-21 11:00:00+00:00,12.19,1.381,-4.557,1.996,-6.586,335.1
2024-07-21 12:00:00+00:00,10.98,1.459,-4.749,2.109,-6.864,169.6
2024-07-21 13:00:00+00:00,11.8,1.224,-4.288,1.769,-6.198,210.6
2024-07-21 14:00:00+00:00,10.03,1.248,-4.365,1.804,-6.309,199.7
2024-07-21 15:00:00+00:00,9.73,1.365,-4.521,1.973,-6.535,169.8
2024-07-21 16:00:00+00:00,11.14,1.555,-4.386,2.248,-6.339,120.4
2024-07-21 17:00:00+00:00,11.35,1.436,-4.429,2.075,-6.402,96.7
2024-07-21 18:00:00+00:00,9.95,1.647,-4.312,2.381,-6.233,71.2
2024-07-21 19:00:00+00:00,10.07,2.004,-4.674,2.896,-6.756,98.1
2024-07-21 20:00:00+00:00,11.23,1.861,-4.222,2.69,-6.102,51.6
2024-07-21 21:00:00+00:00,10.2,1.639,-3.356,2.369,-4.851,3.4
2024-07-21 22:00:00+00:00,13.91,1.788,-3.368,2.584,-4.868,0.0
2024-07-21 23:00:00+00:00,14.96,1.819,-2.869,2.629,-4.148,0.0
2024-07-22 00:00:00+00:00,16.04,1.599,-2.08,2.311,-3.006,0.0
2024-07-22 01:00:00+00:00,15.69,1.795,-1.632,2.594,-2.359,0.0
2024-07-22 02:00:00+00:00,14.11,1.978,-1.291,2.859,-1.866,0.0
2024-07-22 03:00:00+00:00,16.4,2.228,-1.038,3.221,-1.5,0.8
2024-07-22 04:00:00+00:00,14.35,2.081,-0.598,3.008,-0.864,39.5
2024-07-22 05:00:00+00:00,13.9,2.581,-0.262,3.731,-0.378,84.7
2024-07-22 06:00:00+00:00,15.4,2.657,-0.019,3.841,-0.027,184.6
2024-07-22 07:00:00+00:00,15.62,2.478,0.199,3.582,0.288,146.0
2024-07-22 08:00:00+00:00,14.46,3.139,0.586,4.538,0.846,214.6
2024-07-22 09:00:00+00:00,13.23,3.761,0.805,5.436,1.163,304.2
2024-07-22 10:00:00+00:00,11.67,2.999,0.793,4.334,1.146,577.7
2024-07-22 11:00:00+00:00,12.01,3.081,0.961,4.453,1.389,636.6
2024-07-22 12:00:00+00:00,12.11,2.947,0.92,4.26,1.329,768.3
2024-07-22 13:00:00+00:00,9.34,3.223,0.592,4.658,0.855,753.1
2024-07-22 14:00:00+00:00,12.02,3.112,0.157,4.498,0.227,708.3
2024-07-22 15:00:00+00:00,10.92,3.537,0.024,5.113,0.034,637.2
2024-07-22 16:00:00+00:00,10.97,3.263,-0.214,4.717,-0.309,544.4
2024-07-22 17:00:00+00:00,11.02,3.616,-0.518,5.227,-0.749,436.4
2024-07-22 18:00:00+00:00,14.39,2.984,-0.388,4.313,-0.561,320.5
2024-07-22 19:00:00+00:00,16.13,2.74,-0.311,3.961,-0.45,204.6
2024-07-22 20:00:00+00:00,16.47,3.141,-0.284,4.539,-0.41,96.6
2024-07-22 21:00:00+00:00,18.81,2.675,-0.142,3.867,-0.205,3.8
2024-07-22 22:00:00+00:00,18.59,3.817,-0.176,5.517,-0.255,0.0
2024-07-22 23:00:00+00:00,24.65,3.607,-0.254,5.213,-0.366,0.0
2024-07-23 00:00:00+00:00,25.22,3.765,-0.561,5.443,-0.81,0.0
2024-07-23 01:00:00+00:00,25.51,3.799,-1.174,5.491,-1.698,0.0
2024-07-23 02:00:00+00:00,21.07,3.522,-1.763,5.09,-2.549,0.0
2024-07-23 03:00:00+00:00,20.03,3.193,-2.162,4.615,-3.126,0.1
2024-07-23 04:00:00+00:00,21.97,2.239,-2.285,3.236,-3.303,60.2
2024-07-23 05:00:00+00:00,20.99,1.527,-2.636,2.207,-3.81,169.7
2024-07-23 06:00:00+00:00,19.75,0.821,-2.689,1.187,-3.887,256.5
2024-07-23 07:00:00+00:00,17.53,0.101,-2.481,0.145,-3.586,387.6
2024-07-23 08:00:00+00:00,14.47,-0.373,-1.814,-0.539,-2.622,406.1
2024-07-23 09:00:00+00:00,17.3,-0.802,-1.728,-1.159,-2.498,459.2
2024-07-23 10:00:00+00:00,18.98,-1.194,-1.368,-1.725,-1.978,491.5
2024-07-23 11:00:00+00:00,18.13,-1.666,-1.114,-2.408,-1.61,355.7
2024-07-23 12:00:00+00:00,16.59,-1.986,-0.757,-2.871,-1.094,487.8
2024-07-23 13:00:00+00:00,16.79,-2.503,-0.444,-3.618,-0.642,666.9
2024-07-23 14:00:00+00:00,13.51,-2.508,0.036,-3.625,0.052,215.4
2024-07-23 15:00:00+00:00,14.96,-2.399,0.576,-3.468,0.833,195.2
2024-07-23 16:00:00+00:00,16.87,-1.947,1.062,-2.814,1.534,170.8
2024-07-23 17:00:00+00:00,15.96,-2.114,1.977,-3.056,2.858,211.2
2024-07-23 18:00:00+00:00,22.08,-1.609,2.649,-2.326,3.829,292.8
2024-07-23 19:00:00+00:00,20.75,-0.582,2.965,-0.842,4.286,183.6
2024-07-23 20:00:00+00:00,21.52,0.211,2.75,0.305,3.975,93.0
2024-07-23 21:00:00+00:00,22.08,1.241,2.784,1.794,4.024,0.1
2024-07-23 22:00:00+00:00,21.92,1.632,1.974,2.359,2.853,0.0
2024-07-23 23:00:00+00:00,21.7,2.432,1.388,3.516,2.007,0.0
2024-07-24 00:00:00+00:00,23.69,3.124,0.786,4.515,1.136,0.0
2024-07-24 01:00:00+00:00,24.64,3.067,-0.005,4.433,-0.008,0.0
2024-07-24 02:00:00+00:00,21.37,3.199,-0.889,4.624,-1.286,0.0
2024-07-24 03:00:00+00:00,19.89,2.72,-1.655,3.932,-2.392,0.0
2024-07-24 04:00:00+00:00,19.59,2.869,-2.705,4.147,-3.911,19.7
2024-07-24 05:00:00+00:00,19.6,2.287,-3.438,3.305,-4.97,43.5
2024-07-24 06:00:00+00:00,17.56,1.618,-3.721,2.339,-5.378,69.1
2024-07-24 07:00:00+00:00,15.87,1.461,-4.368,2.112,-6.314,94.6
2024-07-24 08:00:00+00:00,18.97,1.013,-4.203,1.464,-6.075,118.4
2024-07-24 09:00:00+00:00,11.35,-0.011,-3.565,-0.016,-5.153,148.1
2024-07-24 10:00:00+00:00,10.41,-0.837,-2.516,-1.21,-3.637,257.3
2024-07-24 11:00:00+00:00,12.69,-1.445,-2.223,-2.088,-3.213,523.4
2024-07-24 12:00:00+00:00,12.59,-1.483,-1.615,-2.143,-2.335,753.2
2024-07-24 13:00:00+00:00,11.05,-1.25,-1.144,-1.806,-1.653,692.7
2024-07-24 14:00:00+00:00,10.32,-1.304,-0.966,-1.885,-1.396,702.8
2024-07-24 15:00:00+00:00,10.46,-1.227,-0.82,-1.773,-1.186,631.4
2024-07-24 16:00:00+00:00,12.27,-1.383,-0.921,-1.999,-1.331,415.2
2024-07-24 17:00:00+00:00,10.46,-1.048,-0.605,-1.515,-0.875,383.0
2024-07-24 18:00:00+00:00,11.9,-1.395,-0.806,-2.016,-1.165,305.8
2024-07-24 19:00:00+00:00,12.82,-1.112,-0.609,-1.607,-0.881,147.0
2024-07-24 20:00:00+00:00,15.79,-0.966,-0.536,-1.397,-0.774,89.3
2024-07-24 21:00:00+00:00,15.71,-1.004,-0.504,-1.451,-0.728,0.0
2024-07-24 22:00:00+00:00,16.99,-1.072,-0.461,-1.549,-0.667,0.0
2024-07-24 23:00:00+00:00,14.79,-1.078,-0.374,-1.559,-0.54,0.0
2024-07-25 00:00:00+00:00,17.39,-0.859,-0.288,-1.241,-0.416,0.0
2024-07-25 01:00:00+00:00,19.05,-0.82,-0.253,-1.186,-0.366,0.0
2024-07-25 02:00:00+00:00,21.69,-0.788,-0.255,-1.14,-0.368,0.0
2024-07-25 03:00:00+00:00,20.5,-0.695,-0.25,-1.004,-0.361,0.0
2024-07-25 04:00:00+00:00,21.14,-0.725,-0.323,-1.048,-0.466,85.6
2024-07-25 05:00:00+00:00,20.62,-0.837,-0.408,-1.209,-0.59,194.0
2024-07-25 06:00:00+00:00,18.61,-0.8,-0.454,-1.157,-0.656,310.4
2024-07-25 07:00:00+00:00,15.27,-0.87,-0.512,-1.258,-0.739,426.8
2024-07-25 08:00:00+00:00,12.64,-0.849,-0.665,-1.227,-0.962,535.3
2024-07-25 09:00:00+00:00,10.99,-0.68,-0.723,-0.983,-1.044,523.9
2024-07-25 10:00:00+00:00,11.43,-0.718,-1.037,-1.039,-1.498,269.3
2024-07-25 11:00:00+00:00,11.91,-0.711,-1.272,-1.027,-1.838,744.8
2024-07-25 12:00:00+00:00,10.88,-0.717,-1.957,-1.036,-2.829,680.6
2024-07-25 13:00:00+00:00,10.82,-0.347,-2.052,-0.501,-2.966,568.1
2024-07-25 14:00:00+00:00,11.55,-0.077,-1.959,-0.111,-2.832,445.5
2024-07-25 15:00:00+00:00,12.73,-0.015,-2.28,-0.022,-3.295,428.9
2024-07-25 16:00:00+00:00,11.53,0.223,-2.382,0.322,-3.443,360.5
2024-07-25 17:00:00+00:00,9.94,0.36,-2.127,0.521,-3.075,226.6
2024-07-25 18:00:00+00:00,9.57,0.488,-2.751,0.706,-3.976,136.5
2024-07-25 19:00:00+00:00,9.37,0.393,-3.101,0.568,-4.482,140.0
2024-07-25 20:00:00+00:00,13.3,0.269,-2.927,0.388,-4.231,62.2
2024-07-25 21:00:00+00:00,11.48,0.195,-3.328,0.282,-4.81,0.0
2024-07-25 22:00:00+00:00,9.86,0.166,-3.168,0.24,-4.579,0.0
2024-07-25 23:00:00+00:00,12.93,0.125,-2.971,0.181,-4.294,0.0
2024-07-26 00:00:00+00:00,15.7,0.164,-2.971,0.237,-4.295,0.0
2024-07-26 01:00:00+00:00,17.01,0.135,-2.669,0.196,-3.858,0.0
2024-07-26 02:00:00+00:00,16.38,0.302,-2.758,0.436,-3.986,0.0
2024-07-26 03:00:00+00:00,16.01,0.312,-1.989,0.45,-2.876,0.0
2024-07-26 04:00:00+00:00,15.25,0.497,-1.969,0.719,-2.846,48.1
2024-07-26 05:00:00+00:00,13.83,0.706,-2.066,1.021,-2.986,174.9
2024-07-26 06:00:00+00:00,13.89,0.899,-1.822,1.299,-2.634,212.7
2024-07-26 07:00:00+00:00,11.34,1.137,-1.828,1.644,-2.642,372.3
2024-07-26 08:00:00+00:00,11.59,1.152,-1.664,1.665,-2.405,299.8
2024-07-26 09:00:00+00:00,12.5,1.101,-1.432,1.592,-2.071,302.4
2024-07-26 10:00:00+00:00,10.22,1.154,-1.503,1.667,-2.173,524.3
2024-07-26 11:00:00+00:00,10.1,0.994,-1.247,1.437,-1.803,741.8
2024-07-26 12:00:00+00:00,9.67,1.025,-1.233,1.482,-1.782,708.7
2024-07-26 13:00:00+00:00,7.77,0.947,-1.347,1.369,-1.947,721.9
2024-07-26 14:00:00+00:00,7.42,0.668,-1.243,0.965,-1.796,696.9
2024-07-26 15:00:00+00:00,5.58,0.489,-1.437,0.707,-2.077,625.3
2024-07-26 16:00:00+00:00,5.8,0.155,-1.204,0.224,-1.741,532.0
2024-07-26 17:00:00+00:00,6.43,-0.049,-1.135,-0.07,-1.641,423.4
2024-07-26 18:00:00+00:00,9.2,-0.324,-0.969,-0.469,-1.401,306.9
2024-07-26 19:00:00+00:00,12.47,-0.701,-0.966,-1.014,-1.397,190.3
2024-07-26 20:00:00+00:00,16.18,-0.747,-0.599,-1.079,-0.866,81.7
2024-07-26 21:00:00+00:00,18.36,-0.912,-0.321,-1.318,-0.463,0.0
2024-07-26 22:00:00+00:00,19.34,-0.954,0.04,-1.379,0.057,0.0
2024-07-26 23:00:00+00:00,20.26,-1.259,0.451,-1.82,0.651,0.0
2024-07-27 00:00:00+00:00,20.57,-1.139,0.873,-1.647,1.262,0.0
2024-07-27 01:00:00+00:00,23.47,-0.665,1.177,-0.961,1.702,0.0
2024-07-27 02:00:00+00:00,21.1,-0.071,1.409,-0.102,2.037,0.0
2024-07-27 03:00:00+00:00,21.53,0.742,1.499,1.073,2.166,0.0
2024-07-27 04:00:00+00:00,20.73,1.688,0.945,2.44,1.365,17.1
2024-07-27 05:00:00+00:00,20.85,2.023,-0.13,2.924,-0.188,41.0
2024-07-27 06:00:00+00:00,19.49,1.868,-1.371,2.701,-1.982,66.7
2024-07-27 07:00:00+00:00,19.67,0.574,-1.823,0.83,-2.636,92.4
2024-07-27 08:00:00+00:00,19.1,-0.796,-2.019,-1.15,-2.918,116.3
2024-07-27 09:00:00+00:00,18.79,-2.221,-1.183,-3.211,-1.709,136.9
2024-07-27 10:00:00+00:00,17.72,-2.604,0.497,-3.764,0.719,152.6
2024-07-27 11:00:00+00:00,14.78,-1.922,2.249,-2.778,3.25,162.5
2024-07-27 12:00:00+00:00,16.31,-0.233,3.231,-0.337,4.67,165.9
2024-07-27 13:00:00+00:00,15.93,1.665,2.645,2.406,3.824,162.5
2024-07-27 14:00:00+00:00,15.77,3.841,1.537,5.551,2.222,152.6
2024-07-27 15:00:00+00:00,16.29,3.317,-0.577,4.795,-0.835,136.9
2024-07-27 16:00:00+00:00,14.38,2.455,-2.016,3.548,-2.915,116.3
2024-07-27 17:00:00+00:00,14.46,1.051,-3.339,1.519,-4.827,92.4
2024-07-27 18:00:00+00:00,16.51,-1.091,-4.143,-1.577,-5.988,66.7
2024-07-27 19:00:00+00:00,19.07,-4.791,-4.25,-6.925,-6.144,41.0
2024-07-27 20:00:00+00:00,16.08,-5.517,-0.953,-7.975,-1.378,17.1
2024-07-27 21:00:00+00:00,18.52,-5.231,2.314,-7.561,3.345,0.0
2024-07-27 22:00:00+00:00,20.15,-2.436,3.309,-3.521,4.783,0.0
2024-07-27 23:00:00+00:00,20.78,-0.898,4.186,-1.298,6.051,0.0
2024-07-28 00:00:00+00:00,21.72,0.605,3.328,0.875,4.81,0.0
2024-07-28 01:00:00+00:00,22.21,1.87,2.762,2.703,3.992,0.0
2024-07-28 02:00:00+00:00,20.47,2.502,1.577,3.616,2.279,0.0
2024-07-28 03:00:00+00:00,21.35,2.066,0.174,2.987,0.252,0.0
2024-07-28 04:00:00+00:00,19.24,1.581,-0.649,2.285,-0.939,47.3
2024-07-28 05:00:00+00:00,17.65,1.425,-1.545,2.06,-2.233,53.1
2024-07-28 06:00:00+00:00,16.68,0.565,-1.851,0.816,-2.676,65.9
2024-07-28 07:00:00+00:00,15.04,-0.519,-2.004,-0.75,-2.897,95.7
2024-07-28 08:00:00+00:00,14.57,-1.907,-2.124,-2.757,-3.07,211.1
2024-07-28 09:00:00+00:00,14.28,-2.964,-1.26,-4.284,-1.822,286.3
2024-07-28 10:00:00+00:00,13.43,-3.262,0.102,-4.715,0.148,151.9
2024-07-28 11:00:00+00:00,11.83,-2.606,1.74,-3.766,2.515,161.9
2024-07-28 12:00:00+00:00,12.57,-1.282,2.513,-1.853,3.632,165.2
2024-07-28 13:00:00+00:00,12.83,0.306,3.174,0.442,4.588,161.9
2024-07-28 14:00:00+00:00,13.93,2.202,2.747,3.183,3.971,151.9
2024-07-28 15:00:00+00:00,15.11,3.351,1.154,4.844,1.667,136.1
2024-07-28 16:00:00+00:00,14.57,3.088,-0.711,4.464,-1.028,115.6
2024-07-28 17:00:00+00:00,16.19,2.517,-2.345,3.638,-3.39,91.6
2024-07-28 18:00:00+00:00,19.19,0.856,-3.092,1.238,-4.469,65.9
2024-07-28 19:00:00+00:00,17.9,-1.217,-3.716,-1.759,-5.372,40.2
2024-07-28 20:00:00+00:00,19.06,-3.178,-2.633,-4.593,-3.806,16.2
2024-07-28 21:00:00+00:00,22.49,-3.404,-0.367,-4.92,-0.531,0.0
2024-07-28 22:00:00+00:00,24.13,-3.54,1.667,-5.117,2.41,0.0
2024-07-28 23:00:00+00:00,23.81,-2.746,3.442,-3.969,4.975,0.0
2024-07-29 00:00:00+00:00,21.85,-1.438,4.952,-2.078,7.159,0.0
2024-07-29 01:00:00+00:00,21.56,0.402,4.94,0.58,7.14,0.0
2024-07-29 02:00:00+00:00,22.16,2.068,4.254,2.99,6.148,0.0
2024-07-29 03:00:00+00:00,21.67,3.883,3.636,5.613,5.256,0.0
2024-07-29 04:00:00+00:00,20.66,3.991,1.786,5.769,2.582,69.5
2024-07-29 05:00:00+00:00,18.52,4.278,0.409,6.184,0.591,178.6
2024-07-29 06:00:00+00:00,20.3,4.327,-1.395,6.254,-2.016,295.7
2024-07-29 07:00:00+00:00,20.8,3.801,-3.363,5.494,-4.862,412.7
2024-07-29 08:00:00+00:00,18.49,1.951,-3.764,2.82,-5.44,521.8
2024-07-29 09:00:00+00:00,17.11,0.857,-4.301,1.239,-6.217,615.5
2024-07-29 10:00:00+00:00,15.81,-0.153,-3.99,-0.22,-5.767,687.3
2024-07-29 11:00:00+00:00,15.31,-1.134,-4.304,-1.639,-6.221,370.4
2024-07-29 12:00:00+00:00,12.8,-1.627,-3.371,-2.351,-4.873,186.1
2024-07-29 13:00:00+00:00,14.26,-2.266,-2.705,-3.275,-3.909,161.2
2024-07-29 14:00:00+00:00,17.73,-2.522,-1.651,-3.646,-2.386,335.2
2024-07-29 15:00:00+00:00,17.83,-2.184,-0.753,-3.157,-1.088,496.3
2024-07-29 16:00:00+00:00,15.7,-2.474,-0.497,-3.576,-0.718,409.9
2024-07-29 17:00:00+00:00,12.67,-2.54,-0.452,-3.672,-0.653,357.1
2024-07-29 18:00:00+00:00,16.26,-2.403,-0.418,-3.473,-0.604,196.1
2024-07-29 19:00:00+00:00,15.72,-2.103,-0.552,-3.04,-0.798,127.5
2024-07-29 20:00:00+00:00,17.77,-2.037,-1.033,-2.945,-1.493,69.5
2024-07-29 21:00:00+00:00,17.3,-1.907,-1.619,-2.756,-2.341,0.0
2024-07-29 22:00:00+00:00,18.76,-1.488,-2.093,-2.151,-3.025,0.0
2024-07-29 23:00:00+00:00,19.14,-1.134,-3.175,-1.639,-4.589,0.0
2024-07-30 00:00:00+00:00,18.29,-0.064,-3.205,-0.093,-4.633,0.0
2024-07-30 01:00:00+00:00,17.78,0.721,-2.585,1.042,-3.737,0.0
2024-07-30 02:00:00+00:00,19.68,1.151,-1.929,1.664,-2.789,0.0
2024-07-30 03:00:00+00:00,18.74,1.849,-1.55,2.673,-2.24,0.0
2024-07-30 04:00:00+00:00,17.53,2.32,-0.665,3.353,-0.961,65.3
2024-07-30 05:00:00+00:00,17.36,2.316,0.421,3.348,0.609,174.5
2024-07-30 06:00:00+00:00,16.65,1.857,1.135,2.685,1.641,291.8
2024-07-30 07:00:00+00:00,16.1,1.174,1.775,1.697,2.566,374.9
2024-07-30 08:00:00+00:00,16.13,0.283,2.016,0.409,2.914,234.8
2024-07-30 09:00:00+00:00,14.35,-0.537,2.225,-0.776,3.216,225.8
2024-07-30 10:00:00+00:00,14.06,-1.555,1.993,-2.247,2.88,294.1
2024-07-30 11:00:00+00:00,14.33,-2.625,1.485,-3.795,2.147,541.3
2024-07-30 12:00:00+00:00,16.52,-2.494,0.414,-3.605,0.598,618.9
2024-07-30 13:00:00+00:00,18.7,-2.319,-0.279,-3.351,-0.403,460.6
2024-07-30 14:00:00+00:00,19.43,-1.875,-0.772,-2.711,-1.116,240.1
2024-07-30 15:00:00+00:00,19.34,-1.671,-1.557,-2.416,-2.251,475.0
2024-07-30 16:00:00+00:00,20.81,-1.251,-2.318,-1.809,-3.35,141.3
2024-07-30 17:00:00+00:00,20.15,-0.332,-2.378,-0.48,-3.438,118.7
2024-07-30 18:00:00+00:00,20.74,0.491,-2.237,0.71,-3.233,232.1
2024-07-30 19:00:00+00:00,22.82,1.446,-2.288,2.09,-3.308,155.9
2024-07-30 20:00:00+00:00,22.92,2.277,-1.756,3.292,-2.538,56.7
2024-07-30 21:00:00+00:00,25.69,2.986,-1.069,4.315,-1.545,0.0
2024-07-30 22:00:00+00:00,27.13,3.034,0.033,4.385,0.047,0.0
2024-07-30 23:00:00+00:00,25.82,2.886,1.108,4.172,1.602,0.0
2024-07-31 00:00:00+00:00,24.25,2.335,2.277,3.375,3.291,0.0
2024-07-31 01:00:00+00:00,25.85,1.11,2.781,1.604,4.02,0.0
2024-07-31 02:00:00+00:00,25.69,-0.229,2.794,-0.331,4.038,0.0
2024-07-31 03:00:00+00:00,27.02,-1.801,2.417,-2.603,3.494,0.0
2024-07-31 04:00:00+00:00,24.96,-3.06,1.397,-4.423,2.019,45.0
2024-07-31 05:00:00+00:00,23.87,-3.701,-0.378,-5.35,-0.547,39.5
2024-07-31 06:00:00+00:00,23.25,-2.602,-1.958,-3.761,-2.83,63.3
2024-07-31 07:00:00+00:00,20.5,-1.03,-2.987,-1.488,-4.317,89.1
2024-07-31 08:00:00+00:00,18.25,1.104,-3.64,1.595,-5.261,113.2
2024-07-31 09:00:00+00:00,18.11,2.459,-2.097,3.554,-3.031,133.9
2024-07-31 10:00:00+00:00,17.57,3.146,-0.608,4.547,-0.878,149.7
2024-07-31 11:00:00+00:00,11.5,3.707,1.175,5.359,1.699,159.7
2024-07-31 12:00:00+00:00,10.64,3.507,3.961,5.069,5.725,163.1
2024-07-31 13:00:00+00:00,10.45,1.294,5.773,1.871,8.344,159.7
2024-07-31 14:00:00+00:00,12.45,-0.921,5.165,-1.332,7.465,149.7
2024-07-31 15:00:00+00:00,11.31,-3.881,5.425,-5.61,7.841,133.9
2024-07-31 16:00:00+00:00,12.79,-6.453,2.368,-9.327,3.422,113.2
2024-07-31 17:00:00+00:00,14.44,-6.032,-1.448,-8.718,-2.094,89.1
2024-07-31 18:00:00+00:00,12.36,-3.663,-4.518,-5.294,-6.53,63.3
2024-07-31 19:00:00+00:00,10.86,-0.145,-5.822,-0.209,-8.415,37.5
2024-07-31 20:00:00+00:00,13.59,3.17,-5.337,4.581,-7.715,13.4
2024-07-31 21:00:00+00:00,18.3,4.482,-2.082,6.478,-3.01,0.0
2024-07-31 22:00:00+00:00,20.49,4.896,0.947,7.078,1.368,0.0
2024-07-31 23:00:00+00:00,22.87,4.466,4.27,6.455,6.172,0.0
2024-08-01 00:00:00+00:00,24.57,0.904,4.484,1.307,6.482,0.0
2024-08-01 01:00:00+00:00,24.88,-1.912,3.38,-2.764,4.885,0.0
2024-08-01 02:00:00+00:00,24.33,-3.33,1.509,-4.813,2.181,0.0
2024-08-01 03:00:00+00:00,23.53,-3.292,-0.657,-4.758,-0.95,0.0
2024-08-01 04:00:00+00:00,23.04,-2.888,-2.475,-4.175,-3.577,48.6
2024-08-01 05:00:00+00:00,21.67,-1.015,-3.065,-1.466,-4.43,166.1
2024-08-01 06:00:00+00:00,22.43,0.372,-2.522,0.537,-3.645,283.7
2024-08-01 07:00:00+00:00,23.78,1.387,-2.258,2.005,-3.263,401.2
2024-08-01 08:00:00+00:00,22.89,2.06,-1.639,2.978,-2.368,510.8
2024-08-01 09:00:00+00:00,21.1,1.834,-0.764,2.651,-1.104,604.9
2024-08-01 10:00:00+00:00,18.82,2.008,-0.388,2.902,-0.561,589.2
2024-08-01 11:00:00+00:00,17.07,2.021,-0.031,2.922,-0.045,291.2
2024-08-01 12:00:00+00:00,15.83,1.887,0.177,2.727,0.255,250.6
2024-08-01 13:00:00+00:00,16.16,2.166,0.338,3.13,0.488,158.9
2024-08-01 14:00:00+00:00,15.46,2.874,0.358,4.154,0.517,149.0
2024-08-01 15:00:00+00:00,15.29,3.516,0.165,5.082,0.238,133.1
2024-08-01 16:00:00+00:00,16.7,2.974,-0.283,4.299,-0.409,112.4
2024-08-01 17:00:00+00:00,18.25,3.167,-0.656,4.578,-0.948,88.3
2024-08-01 18:00:00+00:00,19.11,2.539,-0.665,3.67,-0.961,62.4
2024-08-01 19:00:00+00:00,21.15,2.43,-0.779,3.512,-1.126,36.5
2024-08-01 20:00:00+00:00,20.06,2.943,-1.11,4.254,-1.605,12.4
2024-08-01 21:00:00+00:00,21.27,2.969,-1.137,4.292,-1.644,0.0
2024-08-01 22:00:00+00:00,24.54,3.428,-0.877,4.955,-1.268,0.0
2024-08-01 23:00:00+00:00,24.65,2.74,-0.296,3.96,-0.428,0.0
2024-08-02 00:00:00+00:00,24.24,2.286,0.2,3.304,0.29,0.0
2024-08-02 01:00:00+00:00,25.62,1.824,0.56,2.637,0.809,0.0
2024-08-02 02:00:00+00:00,25.97,1.327,0.859,1.919,1.241,0.0
2024-08-02 03:00:00+00:00,22.46,1.043,1.322,1.508,1.911,0.0
2024-08-02 04:00:00+00:00,20.28,0.465,1.406,0.672,2.033,52.0
2024-08-02 05:00:00+00:00,17.88,0.087,1.892,0.125,2.735,161.7
2024-08-02 06:00:00+00:00,16.73,-0.367,1.881,-0.531,2.72,272.4
2024-08-02 07:00:00+00:00,16.1,-0.783,1.925,-1.132,2.782,397.2
2024-08-02 08:00:00+00:00,14.9,-1.104,2.137,-1.595,3.089,506.9
2024-08-02 09:00:00+00:00,14.41,-1.12,1.977,-1.619,2.858,601.2
2024-08-02 10:00:00+00:00,15.29,-1.267,2.065,-1.832,2.985,673.5
2024-08-02 11:00:00+00:00,15.19,-1.25,1.786,-1.807,2.581,718.9
2024-08-02 12:00:00+00:00,13.46,-1.266,1.635,-1.83,2.363,734.4
2024-08-02 13:00:00+00:00,13.97,-1.308,1.907,-1.891,2.757,668.0
2024-08-02 14:00:00+00:00,12.43,-1.143,1.918,-1.652,2.773,673.5
2024-08-02 15:00:00+00:00,10.37,-1.172,2.463,-1.694,3.56,601.2
2024-08-02 16:00:00+00:00,11.44,-1.133,2.835,-1.637,4.098,403.2
2024-08-02 17:00:00+00:00,13.23,-0.947,2.833,-1.368,4.095,259.4
2024-08-02 18:00:00+00:00,14.58,-0.675,3.056,-0.975,4.417,164.3
2024-08-02 19:00:00+00:00,17.46,-0.824,4.117,-1.191,5.951,76.4
2024-08-02 20:00:00+00:00,17.63,-0.75,3.735,-1.084,5.398,44.3
2024-08-02 21:00:00+00:00,17.19,-0.81,3.903,-1.17,5.641,0.0
2024-08-02 22:00:00+00:00,20.0,-1.105,4.364,-1.597,6.308,0.0
2024-08-02 23:00:00+00:00,19.38,-0.806,4.115,-1.164,5.947,0.0
2024-08-03 00:00:00+00:00,17.63,-0.566,5.012,-0.819,7.245,0.0
2024-08-03 01:00:00+00:00,18.67,0.232,4.578,0.336,6.618,0.0
2024-08-03 02:00:00+00:00,19.14,1.091,4.833,1.576,6.986,0.0
2024-08-03 03:00:00+00:00,22.23,1.49,4.036,2.154,5.834,0.0
2024-08-03 04:00:00+00:00,22.26,2.257,4.051,3.263,5.855,24.8
2024-08-03 05:00:00+00:00,20.94,2.189,3.177,3.164,4.592,72.1
2024-08-03 06:00:00+00:00,21.8,2.184,2.568,3.157,3.712,99.7
2024-08-03 07:00:00+00:00,19.38,2.73,2.645,3.945,3.823,205.2
2024-08-03 08:00:00+00:00,19.16,2.633,2.577,3.806,3.724,309.4
2024-08-03 09:00:00+00:00,15.15,2.406,2.672,3.478,3.862,469.4
2024-08-03 10:00:00+00:00,12.77,2.466,2.991,3.564,4.324,669.8
2024-08-03 11:00:00+00:00,10.27,1.956,2.748,2.827,3.971,715.3
2024-08-03 12:00:00+00:00,11.38,1.23,2.29,1.779,3.31,730.8
2024-08-03 13:00:00+00:00,10.6,0.999,2.336,1.444,3.376,715.3
2024-08-03 14:00:00+00:00,10.3,0.564,2.051,0.815,2.965,669.8
2024-08-03 15:00:00+00:00,10.57,0.372,1.945,0.537,2.812,597.4
2024-08-03 16:00:00+00:00,9.4,0.263,1.843,0.38,2.663,359.9
2024-08-03 17:00:00+00:00,12.15,0.279,1.794,0.403,2.593,245.4
2024-08-03 18:00:00+00:00,14.47,0.18,1.691,0.261,2.445,192.4
2024-08-03 19:00:00+00:00,18.4,0.183,1.893,0.265,2.736,142.2
2024-08-03 20:00:00+00:00,19.86,0.114,1.68,0.165,2.428,29.9
2024-08-03 21:00:00+00:00,19.51,0.113,2.327,0.164,3.363,0.0
2024-08-03 22:00:00+00:00,19.37,0.238,2.466,0.343,3.565,0.0
2024-08-03 23:00:00+00:00,19.77,0.126,2.521,0.182,3.644,0.0
2024-08-04 00:00:00+00:00,20.57,0.102,2.804,0.147,4.053,0.0
2024-08-04 01:00:00+00:00,21.9,0.084,2.771,0.121,4.006,0.0
2024-08-04 02:00:00+00:00,21.28,0.149,2.811,0.215,4.062,0.0
2024-08-04 03:00:00+00:00,18.3,-0.021,2.917,-0.03,4.216,0.0
2024-08-04 04:00:00+00:00,17.12,-0.276,3.408,-0.399,4.926,40.3
2024-08-04 05:00:00+00:00,21.08,-0.394,2.826,-0.569,4.085,119.9
2024-08-04 06:00:00+00:00,23.18,-0.384,2.574,-0.555,3.72,211.8
2024-08-04 07:00:00+00:00,20.04,-0.368,2.42,-0.532,3.498,303.1
2024-08-04 08:00:00+00:00,17.76,-0.415,2.32,-0.6,3.353,499.0
2024-08-04 09:00:00+00:00,16.84,-0.32,1.855,-0.463,2.681,479.9
2024-08-04 10:00:00+00:00,14.77,-0.279,2.315,-0.403,3.346,286.5
2024-08-04 11:00:00+00:00,14.73,-0.005,2.061,-0.007,2.979,445.2
2024-08-04 12:00:00+00:00,15.95,0.25,1.928,0.361,2.787,374.1
2024-08-04 13:00:00+00:00,16.05,0.599,2.233,0.866,3.228,420.2
2024-08-04 14:00:00+00:00,14.34,1.055,2.077,1.526,3.003,505.1
2024-08-04 15:00:00+00:00,10.51,1.74,2.093,2.515,3.025,375.6
2024-08-04 16:00:00+00:00,9.8,2.169,1.963,3.136,2.838,320.0
2024-08-04 17:00:00+00:00,13.02,2.28,1.541,3.295,2.228,187.9
2024-08-04 18:00:00+00:00,13.5,2.52,0.893,3.643,1.29,124.9
2024-08-04 19:00:00+00:00,15.22,2.907,0.182,4.202,0.263,121.6
2024-08-04 20:00:00+00:00,12.66,3.38,-0.819,4.886,-1.184,28.3
2024-08-04 21:00:00+00:00,17.73,3.521,-2.47,5.09,-3.571,0.0
2024-08-04 22:00:00+00:00,20.95,2.053,-3.48,2.968,-5.031,0.0
2024-08-04 23:00:00+00:00,20.97,0.173,-3.817,0.25,-5.517,0.0
2024-08-05 00:00:00+00:00,23.08,-1.636,-3.885,-2.365,-5.616,0.0
2024-08-05 01:00:00+00:00,20.78,-3.276,-2.93,-4.736,-4.235,0.0
2024-08-05 02:00:00+00:00,19.11,-4.858,-1.325,-7.022,-1.915,0.0
2024-08-05 03:00:00+00:00,18.32,-6.061,1.709,-8.76,2.47,0.0
2024-08-05 04:00:00+00:00,17.53,-5.066,5.039,-7.323,7.284,38.0
2024-08-05 05:00:00+00:00,15.56,-2.149,6.275,-3.106,9.07,148.2
2024-08-05 06:00:00+00:00,15.86,1.082,5.949,1.564,8.599,266.4
2024-08-05 07:00:00+00:00,15.4,3.399,4.394,4.913,6.351,342.9
2024-08-05 08:00:00+00:00,14.54,3.318,1.797,4.796,2.597,351.2
2024-08-05 09:00:00+00:00,13.56,4.209,0.259,6.084,0.374,393.0
2024-08-05 10:00:00+00:00,12.33,4.38,-2.14,6.332,-3.094,660.9
2024-08-05 11:00:00+00:00,12.84,2.029,-3.297,2.933,-4.766,520.3
2024-08-05 12:00:00+00:00,13.24,-0.041,-4.266,-0.06,-6.166,673.1
2024-08-05 13:00:00+00:00,15.27,-2.266,-3.204,-3.275,-4.632,673.2
2024-08-05 14:00:00+00:00,14.48,-3.892,-1.176,-5.626,-1.7,405.3
2024-08-05 15:00:00+00:00,15.48,-3.737,1.407,-5.401,2.034,507.3
2024-08-05 16:00:00+00:00,15.75,-1.812,3.224,-2.62,4.661,438.1
2024-08-05 17:00:00+00:00,16.81,0.454,3.635,0.656,5.254,214.1
2024-08-05 18:00:00+00:00,15.53,2.21,2.558,3.194,3.698,116.4
2024-08-05 19:00:00+00:00,16.09,4.712,1.388,6.811,2.007,33.8
2024-08-05 20:00:00+00:00,15.54,3.87,-0.949,5.594,-1.372,8.4
2024-08-05 21:00:00+00:00,18.54,2.438,-2.755,3.525,-3.982,0.0
2024-08-05 22:00:00+00:00,21.16,0.351,-2.548,0.507,-3.683,0.0
2024-08-05 23:00:00+00:00,21.13,-1.427,-2.777,-2.063,-4.014,0.0
2024-08-06 00:00:00+00:00,22.54,-3.062,-1.605,-4.426,-2.319,0.0
2024-08-06 01:00:00+00:00,23.84,-3.105,0.372,-4.488,0.538,0.0
2024-08-06 02:00:00+00:00,25.27,-2.439,1.999,-3.525,2.889,0.0
2024-08-06 03:00:00+00:00,26.52,-1.175,3.215,-1.698,4.648,0.0
2024-08-06 04:00:00+00:00,28.06,0.597,3.269,0.864,4.726,9.7
2024-08-06 05:00:00+00:00,28.33,2.682,2.936,3.877,4.244,73.0
2024-08-06 06:00:00+00:00,26.87,4.712,1.099,6.81,1.588,132.4
2024-08-06 07:00:00+00:00,23.09,5.167,-1.476,7.468,-2.133,116.4
2024-08-06 08:00:00+00:00,21.48,4.133,-3.373,5.974,-4.876,322.6
2024-08-06 09:00:00+00:00,22.71,2.633,-6.045,3.805,-8.737,349.4
2024-08-06 10:00:00+00:00,20.63,-0.233,-6.096,-0.337,-8.812,335.9
2024-08-06 11:00:00+00:00,19.77,-3.317,-5.645,-4.794,-8.159,378.1
2024-08-06 12:00:00+00:00,16.57,-5.167,-3.075,-7.468,-4.444,634.4
2024-08-06 13:00:00+00:00,14.48,-6.146,-0.346,-8.884,-0.499,703.9
2024-08-06 14:00:00+00:00,12.82,-5.838,2.564,-8.439,3.706,658.2
2024-08-06 15:00:00+00:00,12.53,-3.474,4.058,-5.021,5.866,585.5
2024-08-06 16:00:00+00:00,14.71,-2.38,7.606,-3.439,10.995,474.7
2024-08-06 17:00:00+00:00,16.93,1.347,6.709,1.947,9.697,303.1
2024-08-06 18:00:00+00:00,20.06,3.966,4.947,5.732,7.15,176.7
2024-08-06 19:00:00+00:00,23.36,5.739,2.105,8.295,3.043,143.5
2024-08-06 20:00:00+00:00,25.35,5.32,-1.109,7.69,-1.603,33.1
2024-08-06 21:00:00+00:00,22.55,4.192,-2.973,6.059,-4.298,0.0
2024-08-06 22:00:00+00:00,22.15,2.33,-4.368,3.368,-6.314,0.0
2024-08-06 23:00:00+00:00,24.45,0.088,-4.736,0.127,-6.846,0.0
2024-08-07 00:00:00+00:00,23.83,-2.324,-5.344,-3.359,-7.724,0.0
2024-08-07 01:00:00+00:00,23.91,-4.243,-3.963,-6.133,-5.728,0.0
2024-08-07 02:00:00+00:00,23.06,-7.209,-1.824,-10.42,-2.636,0.0
2024-08-07 03:00:00+00:00,22.46,-8.361,2.782,-12.086,4.021,0.0
2024-08-07 04:00:00+00:00,21.56,-7.243,7.464,-10.469,10.788,28.2
2024-08-07 05:00:00+00:00,22.26,-2.543,9.372,-3.676,13.547,138.7
2024-08-07 06:00:00+00:00,21.65,2.902,11.276,4.194,16.299,228.8
2024-08-07 07:00:00+00:00,23.62,6.376,7.14,9.216,10.32,347.7
2024-08-07 08:00:00+00:00,21.42,9.719,3.758,14.049,5.432,486.5
2024-08-07 09:00:00+00:00,20.52,10.099,-1.254,14.597,-1.812,581.4
2024-08-07 10:00:00+00:00,21.19,7.037,-4.751,10.171,-6.867,654.2
2024-08-07 11:00:00+00:00,19.94,4.233,-7.417,6.119,-10.721,700.0
2024-08-07 12:00:00+00:00,21.72,-0.206,-7.817,-0.298,-11.299,715.6
2024-08-07 13:00:00+00:00,21.22,-5.749,-7.887,-8.31,-11.4,700.0
2024-08-07 14:00:00+00:00,21.32,-7.828,-1.926,-11.315,-2.784,654.2
2024-08-07 15:00:00+00:00,20.56,-7.966,4.039,-11.514,5.838,581.4
2024-08-07 16:00:00+00:00,22.25,-3.047,5.99,-4.404,8.658,486.5
2024-08-07 17:00:00+00:00,21.9,1.053,5.973,1.522,8.633,375.9
2024-08-07 18:00:00+00:00,23.34,4.282,3.784,6.189,5.47,257.3
2024-08-07 19:00:00+00:00,22.85,5.606,0.217,8.104,0.314,138.7
2024-08-07 20:00:00+00:00,25.5,5.002,-3.466,7.231,-5.01,28.2
2024-08-07 21:00:00+00:00,24.32,1.735,-6.257,2.508,-9.043,0.0
2024-08-07 22:00:00+00:00,23.64,-2.079,-5.436,-3.005,-7.857,0.0
2024-08-07 23:00:00+00:00,25.04,-4.915,-2.797,-7.104,-4.042,0.0
2024-08-08 00:00:00+00:00,23.59,-5.03,1.123,-7.27,1.623,0.0
2024-08-08 01:00:00+00:00,21.17,-2.497,4.255,-3.609,6.15,0.0
2024-08-08 02:00:00+00:00,20.86,1.332,3.829,1.925,5.534,0.0
2024-08-08 03:00:00+00:00,22.1,3.721,1.438,5.378,2.078,0.0
2024-08-08 04:00:00+00:00,20.46,3.737,-1.766,5.402,-2.552,11.3
2024-08-08 05:00:00+00:00,21.2,1.495,-3.641,2.162,-5.263,109.1
2024-08-08 06:00:00+00:00,22.49,-1.139,-3.28,-1.646,-4.74,186.1
2024-08-08 07:00:00+00:00,20.08,-2.838,-1.451,-4.102,-2.098,371.4
2024-08-08 08:00:00+00:00,18.08,-3.381,0.941,-4.886,1.36,482.1
2024-08-08 09:00:00+00:00,16.54,-2.103,2.547,-3.039,3.681,577.2
2024-08-08 10:00:00+00:00,18.67,-0.398,3.109,-0.575,4.494,650.1
2024-08-08 11:00:00+00:00,16.28,1.53,3.088,2.211,4.464,696.0
2024-08-08 12:00:00+00:00,16.47,3.814,2.344,5.513,3.388,612.5
2024-08-08 13:00:00+00:00,15.07,3.665,-0.09,5.298,-0.13,579.7
2024-08-08 14:00:00+00:00,13.28,3.305,-2.17,4.777,-3.136,322.4
2024-08-08 15:00:00+00:00,12.7,1.601,-3.903,2.314,-5.642,146.5
2024-08-08 16:00:00+00:00,15.05,-1.033,-4.805,-1.493,-6.945,181.5
2024-08-08 17:00:00+00:00,17.49,-3.72,-3.339,-5.377,-4.826,81.7
2024-08-08 18:00:00+00:00,18.29,-4.334,-0.199,-6.265,-0.288,55.6
2024-08-08 19:00:00+00:00,17.88,-3.432,2.376,-4.961,3.434,47.0
2024-08-08 20:00:00+00:00,19.47,-1.169,3.253,-1.69,4.703,5.1
2024-08-08 21:00:00+00:00,19.52,1.018,4.056,1.471,5.862,0.0
2024-08-08 22:00:00+00:00,20.96,2.908,2.33,4.203,3.367,0.0
2024-08-08 23:00:00+00:00,21.25,4.126,0.133,5.964,0.192,0.0
2024-08-09 00:00:00+00:00,24.45,4.22,-2.911,6.1,-4.208,0.0
2024-08-09 01:00:00+00:00,25.52,1.691,-3.853,2.445,-5.569,0.0
2024-08-09 02:00:00+00:00,24.88,-0.613,-3.92,-0.886,-5.667,0.0
2024-08-09 03:00:00+00:00,24.94,-2.019,-2.554,-2.918,-3.691,0.0
2024-08-09 04:00:00+00:00,22.43,-3.91,-1.323,-5.652,-1.913,7.5
2024-08-09 05:00:00+00:00,19.89,-4.012,0.974,-5.8,1.407,28.4
2024-08-09 06:00:00+00:00,21.09,-2.885,2.782,-4.17,4.021,54.5
2024-08-09 07:00:00+00:00,19.22,-0.831,4.615,-1.201,6.67,80.7
2024-08-09 08:00:00+00:00,18.92,2.67,5.047,3.86,7.295,105.1
2024-08-09 09:00:00+00:00,19.35,4.551,2.169,6.579,3.134,126.0
2024-08-09 10:00:00+00:00,16.79,6.126,-0.733,8.855,-1.059,142.1
2024-08-09 11:00:00+00:00,16.57,4.132,-2.859,5.972,-4.132,152.2
2024-08-09 12:00:00+00:00,14.98,2.568,-4.607,3.712,-6.659,155.7
2024-08-09 13:00:00+00:00,14.48,0.598,-5.493,0.865,-7.94,152.2
2024-08-09 14:00:00+00:00,13.29,-1.72,-4.836,-2.486,-6.99,142.1
2024-08-09 15:00:00+00:00,10.68,-3.188,-3.876,-4.608,-5.602,126.0
2024-08-09 16:00:00+00:00,11.2,-4.696,-2.526,-6.788,-3.651,105.1
2024-08-09 17:00:00+00:00,11.39,-5.05,-0.551,-7.3,-0.797,80.7
2024-08-09 18:00:00+00:00,16.55,-4.649,1.156,-6.72,1.67,54.5
2024-08-09 19:00:00+00:00,15.41,-3.182,2.05,-4.6,2.963,28.4
2024-08-09 20:00:00+00:00,14.35,-2.597,2.858,-3.754,4.131,4.0
2024-08-09 21:00:00+00:00,13.34,-1.961,3.492,-2.834,5.048,0.0
2024-08-09 22:00:00+00:00,15.31,-0.997,3.625,-1.441,5.24,0.0
2024-08-09 23:00:00+00:00,19.98,-0.181,3.683,-0.262,5.324,0.0
2024-08-10 00:00:00+00:00,18.12,0.835,4.493,1.207,6.494,0.0
2024-08-10 01:00:00+00:00,19.21,2.064,4.426,2.983,6.398,0.0
2024-08-10 02:00:00+00:00,20.41,3.781,4.994,5.465,7.219,0.0
2024-08-10 03:00:00+00:00,20.78,4.364,4.299,6.308,6.214,0.0
2024-08-10 04:00:00+00:00,18.26,5.307,3.28,7.671,4.741,2.8
2024-08-10 05:00:00+00:00,18.79,5.67,2.468,8.195,3.567,27.3
2024-08-10 06:00:00+00:00,21.77,8.633,2.278,12.478,3.293,53.5
2024-08-10 07:00:00+00:00,17.43,10.32,1.609,14.917,2.326,79.7
2024-08-10 08:00:00+00:00,18.27,9.443,0.742,13.649,1.072,104.1
2024-08-10 09:00:00+00:00,16.66,9.091,-0.342,13.14,-0.494,125.1
2024-08-10 10:00:00+00:00,18.8,10.648,-1.127,15.391,-1.629,141.2
2024-08-10 11:00:00+00:00,17.9,10.845,-2.54,15.676,-3.672,152.5
2024-08-10 12:00:00+00:00,17.69,9.337,-2.851,13.496,-4.121,449.0
2024-08-10 13:00:00+00:00,15.51,9.582,-3.685,13.85,-5.327,471.9
2024-08-10 14:00:00+00:00,13.54,10.621,-4.975,15.352,-7.191,459.6
2024-08-10 15:00:00+00:00,15.28,7.532,-5.016,10.888,-7.25,425.7
2024-08-10 16:00:00+00:00,16.76,4.79,-3.648,6.924,-5.273,326.3
2024-08-10 17:00:00+00:00,15.73,3.982,-3.673,5.755,-5.309,327.9
2024-08-10 18:00:00+00:00,17.34,2.843,-3.234,4.11,-4.674,240.3
2024-08-10 19:00:00+00:00,17.96,2.282,-3.54,3.298,-5.116,116.7
2024-08-10 20:00:00+00:00,18.52,1.612,-3.222,2.33,-4.658,12.9
2024-08-10 21:00:00+00:00,18.6,1.051,-3.112,1.519,-4.498,0.0
2024-08-10 22:00:00+00:00,20.5,0.728,-3.22,1.052,-4.654,0.0
2024-08-10 23:00:00+00:00,24.11,0.428,-3.748,0.619,-5.418,0.0
2024-08-11 00:00:00+00:00,26.09,-0.034,-4.177,-0.049,-6.037,0.0
2024-08-11 01:00:00+00:00,27.14,-0.432,-5.258,-0.625,-7.599,0.0
2024-08-11 02:00:00+00:00,27.05,-0.557,-4.194,-0.806,-6.062,0.0
2024-08-11 03:00:00+00:00,27.21,-1.012,-4.826,-1.463,-6.976,0.0
2024-08-11 04:00:00+00:00,26.76,-1.249,-6.258,-1.805,-9.045,7.6
2024-08-11 05:00:00+00:00,26.05,-1.402,-5.733,-2.026,-8.287,118.8
2024-08-11 06:00:00+00:00,29.47,-1.996,-5.9,-2.885,-8.528,238.1
2024-08-11 07:00:00+00:00,27.97,-2.622,-5.812,-3.789,-8.401,357.4
2024-08-11 08:00:00+00:00,27.75,-2.869,-5.328,-4.146,-7.702,224.0
2024-08-11 09:00:00+00:00,25.53,-3.338,-4.834,-4.825,-6.987,408.6
2024-08-11 10:00:00+00:00,25.6,-3.861,-5.129,-5.58,-7.413,585.7
2024-08-11 11:00:00+00:00,24.99,-3.475,-5.009,-5.023,-7.24,665.6
2024-08-11 12:00:00+00:00,23.12,-3.717,-5.52,-5.372,-7.979,553.1
2024-08-11 13:00:00+00:00,21.72,-4.783,-7.228,-6.913,-10.447,683.4
2024-08-11 14:00:00+00:00,20.59,-4.235,-7.267,-6.121,-10.505,637.3
2024-08-11 15:00:00+00:00,19.43,-3.613,-6.6,-5.222,-9.539,564.1
2024-08-11 16:00:00+00:00,19.57,-3.147,-7.1,-4.549,-10.263,468.6
2024-08-11 17:00:00+00:00,19.91,-2.666,-7.918,-3.853,-11.445,305.3
2024-08-11 18:00:00+00:00,18.39,-2.059,-8.529,-2.976,-12.328,216.4
2024-08-11 19:00:00+00:00,17.61,-1.502,-7.701,-2.171,-11.131,118.8
2024-08-11 20:00:00+00:00,20.39,-0.661,-7.636,-0.956,-11.037,7.6
2024-08-11 21:00:00+00:00,19.6,-0.352,-7.27,-0.509,-10.508,0.0
2024-08-11 22:00:00+00:00,21.5,-0.058,-5.729,-0.083,-8.282,0.0
2024-08-11 23:00:00+00:00,21.69,0.315,-5.204,0.455,-7.522,0.0
2024-08-12 00:00:00+00:00,25.4,0.878,-6.38,1.269,-9.222,0.0
2024-08-12 01:00:00+00:00,26.65,1.161,-5.722,1.678,-8.271,0.0
2024-08-12 02:00:00+00:00,27.56,0.967,-5.377,1.398,-7.772,0.0
2024-08-12 03:00:00+00:00,26.35,1.313,-4.709,1.898,-6.806,0.0
2024-08-12 04:00:00+00:00,26.08,1.471,-4.397,2.126,-6.356,0.9
2024-08-12 05:00:00+00:00,22.69,1.543,-3.334,2.23,-4.819,66.3
2024-08-12 06:00:00+00:00,23.05,1.554,-2.455,2.247,-3.549,196.9
2024-08-12 07:00:00+00:00,22.83,1.77,-2.491,2.559,-3.6,206.3
2024-08-12 08:00:00+00:00,22.93,1.856,-2.622,2.683,-3.789,157.3
2024-08-12 09:00:00+00:00,19.41,1.407,-1.706,2.034,-2.467,123.1
2024-08-12 10:00:00+00:00,14.93,1.416,-1.365,2.046,-1.973,139.2
2024-08-12 11:00:00+00:00,15.63,1.656,-1.417,2.394,-2.048,149.4
2024-08-12 12:00:00+00:00,14.98,2.074,-1.776,2.998,-2.567,152.8
2024-08-12 13:00:00+00:00,14.5,1.683,-1.535,2.432,-2.219,149.4
2024-08-12 14:00:00+00:00,14.64,1.467,-1.526,2.12,-2.206,139.2
2024-08-12 15:00:00+00:00,16.02,1.045,-1.194,1.511,-1.726,123.1
2024-08-12 16:00:00+00:00,14.38,0.913,-1.128,1.319,-1.631,102.1
2024-08-12 17:00:00+00:00,13.96,1.135,-1.556,1.64,-2.249,77.6
2024-08-12 18:00:00+00:00,16.26,1.049,-1.476,1.516,-2.133,51.3
2024-08-12 19:00:00+00:00,19.99,1.152,-1.617,1.664,-2.338,25.0
2024-08-12 20:00:00+00:00,20.93,1.157,-1.663,1.672,-2.403,0.5
2024-08-12 21:00:00+00:00,22.79,1.397,-1.748,2.019,-2.526,0.0
2024-08-12 22:00:00+00:00,25.74,1.943,-2.064,2.809,-2.983,0.0
2024-08-12 23:00:00+00:00,22.94,2.755,-2.309,3.983,-3.337,0.0
2024-08-13 00:00:00+00:00,21.83,3.271,-2.161,4.728,-3.124,0.0
2024-08-13 01:00:00+00:00,24.53,3.805,-1.822,5.5,-2.633,0.0
2024-08-13 02:00:00+00:00,22.15,3.693,-1.107,5.338,-1.601,0.0
2024-08-13 03:00:00+00:00,23.65,3.882,-0.02,5.611,-0.029,0.0
2024-08-13 04:00:00+00:00,21.63,4.49,1.275,6.491,1.843,0.0
2024-08-13 05:00:00+00:00,20.94,3.105,1.815,4.488,2.623,68.2
2024-08-13 06:00:00+00:00,22.46,2.342,2.465,3.385,3.562,140.1
2024-08-13 07:00:00+00:00,21.52,1.604,3.346,2.318,4.836,327.1
2024-08-13 08:00:00+00:00,19.16,0.171,4.159,0.247,6.012,459.2
2024-08-13 09:00:00+00:00,17.9,-1.131,3.238,-1.635,4.681,528.2
2024-08-13 10:00:00+00:00,17.84,-3.619,4.118,-5.231,5.952,358.5
2024-08-13 11:00:00+00:00,16.29,-6.138,2.671,-8.872,3.861,661.7
2024-08-13 12:00:00+00:00,15.27,-8.029,-0.927,-11.606,-1.34,690.4
2024-08-13 13:00:00+00:00,14.76,-4.856,-3.528,-7.019,-5.099,674.6
2024-08-13 14:00:00+00:00,15.32,-2.569,-5.718,-3.713,-8.265,628.4
2024-08-13 15:00:00+00:00,16.25,0.731,-8.302,1.057,-12.0,554.9
2024-08-13 16:00:00+00:00,17.16,4.569,-6.949,6.605,-10.044,459.2
2024-08-13 17:00:00+00:00,19.7,5.634,-2.246,8.143,-3.247,347.7
2024-08-13 18:00:00+00:00,18.89,7.096,1.377,10.256,1.991,146.4
2024-08-13 19:00:00+00:00,18.93,5.602,4.458,8.098,6.444,64.6
2024-08-13 20:00:00+00:00,19.18,3.383,6.53,4.89,9.438,0.0
2024-08-13 21:00:00+00:00,20.4,0.242,6.384,0.349,9.227,0.0
2024-08-13 22:00:00+00:00,19.65,-2.494,5.545,-3.606,8.016,0.0
2024-08-13 23:00:00+00:00,19.49,-4.716,3.483,-6.817,5.034,0.0
2024-08-14 00:00:00+00:00,19.74,-6.542,0.481,-9.456,0.696,0.0
2024-08-14 01:00:00+00:00,20.88,-7.076,-3.431,-10.228,-4.96,0.0
2024-08-14 02:00:00+00:00,22.01,-5.45,-6.945,-7.878,-10.038,0.0
2024-08-14 03:00:00+00:00,21.56,-1.905,-9.072,-2.754,-13.113,0.0
2024-08-14 04:00:00+00:00,20.67,2.742,-8.958,3.963,-12.949,0.0
2024-08-14 05:00:00+00:00,18.96,6.276,-7.307,9.072,-10.562,94.2
2024-08-14 06:00:00+00:00,18.05,8.633,-4.108,12.479,-5.939,159.5
2024-08-14 07:00:00+00:00,17.92,9.06,-0.52,13.095,-0.751,309.6
2024-08-14 08:00:00+00:00,17.12,7.594,2.139,10.977,3.092,401.6
2024-08-14 09:00:00+00:00,15.23,5.353,3.417,7.738,4.939,426.6
2024-08-14 10:00:00+00:00,12.7,4.344,4.443,6.279,6.421,282.7
2024-08-14 11:00:00+00:00,10.59,2.967,4.364,4.289,6.308,147.4
2024-08-14 12:00:00+00:00,12.09,1.694,4.551,2.448,6.578,150.9
2024-08-14 13:00:00+00:00,10.67,0.606,5.206,0.876,7.524,212.4
2024-08-14 14:00:00+00:00,10.25,-0.329,4.975,-0.475,7.191,137.2
2024-08-14 15:00:00+00:00,10.1,-0.979,4.462,-1.415,6.45,121.1
2024-08-14 16:00:00+00:00,8.35,-1.197,3.39,-1.73,4.9,100.0
2024-08-14 17:00:00+00:00,10.5,-1.413,2.854,-2.042,4.125,75.4
2024-08-14 18:00:00+00:00,10.0,-1.604,2.389,-2.318,3.454,49.0
2024-08-14 19:00:00+00:00,11.52,-1.654,2.202,-2.391,3.183,65.8
2024-08-14 20:00:00+00:00,10.48,-1.735,2.477,-2.508,3.581,0.0
2024-08-14 21:00:00+00:00,13.18,-1.504,2.539,-2.174,3.669,0.0
2024-08-14 22:00:00+00:00,15.51,-1.243,2.79,-1.797,4.033,0.0
2024-08-14 23:00:00+00:00,16.1,-0.795,2.476,-1.149,3.578,0.0
2024-08-15 00:00:00+00:00,18.96,-0.493,2.797,-0.712,4.043,0.0
2024-08-15 01:00:00+00:00,18.21,-0.342,2.59,-0.495,3.744,0.0
2024-08-15 02:00:00+00:00,20.44,-0.26,2.36,-0.376,3.411,0.0
2024-08-15 03:00:00+00:00,20.47,-0.316,2.633,-0.457,3.806,0.0
2024-08-15 04:00:00+00:00,19.07,-0.879,3.84,-1.271,5.551,0.0
2024-08-15 05:00:00+00:00,21.85,-1.372,4.161,-1.983,6.014,57.2
2024-08-15 06:00:00+00:00,19.92,-1.505,3.763,-2.175,5.439,217.7
2024-08-15 07:00:00+00:00,19.96,-1.381,3.244,-1.996,4.69,337.7
2024-08-15 08:00:00+00:00,18.41,-1.842,3.619,-2.663,5.231,387.8
2024-08-15 09:00:00+00:00,15.5,-2.397,3.735,-3.465,5.398,404.1
2024-08-15 10:00:00+00:00,14.04,-2.57,2.682,-3.714,3.876,319.2
2024-08-15 11:00:00+00:00,13.45,-3.551,2.209,-5.133,3.194,167.4
2024-08-15 12:00:00+00:00,11.95,-4.594,1.359,-6.641,1.965,378.4
2024-08-15 13:00:00+00:00,10.5,-4.33,-0.128,-6.259,-0.185,665.5
2024-08-15 14:00:00+00:00,8.48,-3.78,-1.564,-5.463,-2.261,619.2
2024-08-15 15:00:00+00:00,14.19,-2.843,-2.742,-4.11,-3.963,545.5
2024-08-15 16:00:00+00:00,15.04,-1.572,-3.147,-2.272,-4.549,449.5
2024-08-15 17:00:00+00:00,18.34,-0.83,-3.49,-1.199,-5.044,337.7
2024-08-15 18:00:00+00:00,20.63,0.046,-3.329,0.067,-4.811,217.7
2024-08-15 19:00:00+00:00,18.07,0.658,-3.071,0.951,-4.439,97.7
2024-08-15 20:00:00+00:00,20.58,1.06,-3.064,1.533,-4.428,0.0
2024-08-15 21:00:00+00:00,24.12,1.488,-2.807,2.152,-4.058,0.0
2024-08-15 22:00:00+00:00,24.48,1.805,-2.592,2.609,-3.746,0.0
2024-08-15 23:00:00+00:00,22.98,2.491,-2.606,3.6,-3.767,0.0
2024-08-16 00:00:00+00:00,22.22,2.751,-2.072,3.977,-2.996,0.0
2024-08-16 01:00:00+00:00,24.85,2.321,-1.226,3.356,-1.772,0.0
2024-08-16 02:00:00+00:00,25.36,2.726,-0.832,3.94,-1.203,0.0
2024-08-16 03:00:00+00:00,24.95,3.202,-0.504,4.629,-0.728,0.0
2024-08-16 04:00:00+00:00,23.21,3.099,0.184,4.479,0.267,0.0
2024-08-16 05:00:00+00:00,18.73,3.302,1.131,4.773,1.635,92.2
2024-08-16 06:00:00+00:00,20.49,2.591,1.72,3.746,2.486,212.4
2024-08-16 07:00:00+00:00,20.34,2.154,2.739,3.113,3.959,253.3
2024-08-16 08:00:00+00:00,18.27,1.274,3.201,1.841,4.627,307.2
2024-08-16 09:00:00+00:00,19.1,0.124,2.466,0.18,3.564,360.6
2024-08-16 10:00:00+00:00,21.33,-0.753,2.475,-1.089,3.577,225.6
2024-08-16 11:00:00+00:00,23.68,-1.634,1.975,-2.362,2.855,145.4
2024-08-16 12:00:00+00:00,23.84,-3.351,1.796,-4.844,2.596,148.9
2024-08-16 13:00:00+00:00,23.05,-2.868,0.381,-4.145,0.55,170.8
2024-08-16 14:00:00+00:00,23.49,-2.334,-0.63,-3.374,-0.91,274.6
2024-08-16 15:00:00+00:00,22.44,-2.039,-1.353,-2.947,-1.956,146.1
2024-08-16 16:00:00+00:00,21.84,-1.262,-1.816,-1.824,-2.624,97.8
2024-08-16 17:00:00+00:00,19.76,-0.687,-2.437,-0.993,-3.523,73.2
2024-08-16 18:00:00+00:00,21.26,0.282,-2.268,0.408,-3.278,46.7
2024-08-16 19:00:00+00:00,22.48,1.022,-1.912,1.477,-2.763,30.5
2024-08-16 20:00:00+00:00,23.11,1.659,-1.347,2.399,-1.947,0.0
2024-08-16 21:00:00+00:00,23.86,2.003,-0.545,2.896,-0.788,0.0
2024-08-16 22:00:00+00:00,26.37,3.193,0.51,4.615,0.737,0.0
2024-08-16 23:00:00+00:00,26.28,2.674,1.785,3.864,2.58,0.0
2024-08-17 00:00:00+00:00,28.51,1.486,2.228,2.148,3.221,0.0
2024-08-17 01:00:00+00:00,28.08,0.396,3.017,0.573,4.36,0.0
2024-08-17 02:00:00+00:00,26.57,-0.723,2.895,-1.045,4.184,0.0
2024-08-17 03:00:00+00:00,28.7,-1.399,2.171,-2.022,3.138,0.0
2024-08-17 04:00:00+00:00,27.94,-2.397,2.169,-3.465,3.135,0.0
2024-08-17 05:00:00+00:00,26.43,-2.945,1.757,-4.257,2.539,83.2
2024-08-17 06:00:00+00:00,23.84,-3.805,1.345,-5.5,1.944,165.3
2024-08-17 07:00:00+00:00,26.86,-3.365,0.387,-4.864,0.559,183.9
2024-08-17 08:00:00+00:00,23.95,-2.754,-0.419,-3.981,-0.606,149.1
2024-08-17 09:00:00+00:00,19.16,-2.744,-0.966,-3.966,-1.396,117.9
2024-08-17 10:00:00+00:00,18.48,-2.86,-1.492,-4.134,-2.157,134.1
2024-08-17 11:00:00+00:00,18.57,-2.57,-1.571,-3.715,-2.271,182.5
2024-08-17 12:00:00+00:00,16.54,-2.516,-1.748,-3.636,-2.527,147.8
2024-08-17 13:00:00+00:00,14.29,-2.276,-1.999,-3.29,-2.889,259.7
2024-08-17 14:00:00+00:00,15.93,-2.498,-2.515,-3.61,-3.635,429.6
2024-08-17 15:00:00+00:00,15.79,-2.302,-2.815,-3.328,-4.07,163.7
2024-08-17 16:00:00+00:00,14.16,-1.867,-2.521,-2.698,-3.644,139.7
2024-08-17 17:00:00+00:00,14.28,-1.14,-2.536,-1.648,-3.665,238.9
2024-08-17 18:00:00+00:00,13.38,-0.642,-3.198,-0.928,-4.623,207.0
2024-08-17 19:00:00+00:00,13.39,-0.031,-3.268,-0.044,-4.724,86.7
2024-08-17 20:00:00+00:00,15.35,0.436,-2.874,0.629,-4.154,0.0
2024-08-17 21:00:00+00:00,18.19,0.848,-2.964,1.225,-4.285,0.0
2024-08-17 22:00:00+00:00,21.61,1.287,-3.114,1.86,-4.501,0.0
2024-08-17 23:00:00+00:00,24.56,1.664,-2.368,2.405,-3.422,0.0
2024-08-18 00:00:00+00:00,24.78,2.187,-1.98,3.162,-2.861,0.0
2024-08-18 01:00:00+00:00,25.6,2.127,-1.115,3.074,-1.611,0.0
2024-08-18 02:00:00+00:00,25.45,2.298,-0.416,3.321,-0.601,0.0
2024-08-18 03:00:00+00:00,25.98,2.225,0.315,3.217,0.456,0.0
2024-08-18 04:00:00+00:00,25.49,1.613,0.814,2.332,1.177,0.0
2024-08-18 05:00:00+00:00,23.39,1.331,1.54,1.923,2.226,48.1
2024-08-18 06:00:00+00:00,23.26,0.575,2.03,0.831,2.934,185.1
2024-08-18 07:00:00+00:00,22.9,-0.176,1.964,-0.255,2.839,225.9
2024-08-18 08:00:00+00:00,22.74,-0.94,1.793,-1.359,2.591,434.4
2024-08-18 09:00:00+00:00,22.24,-1.681,1.387,-2.429,2.005,530.8
2024-08-18 10:00:00+00:00,22.74,-2.71,0.752,-3.917,1.087,604.7
2024-08-18 11:00:00+00:00,20.56,-3.099,-0.35,-4.479,-0.506,651.3
2024-08-18 12:00:00+00:00,20.9,-3.178,-1.786,-4.594,-2.582,667.1
2024-08-18 13:00:00+00:00,21.0,-3.312,-3.9,-4.787,-5.638,651.3
2024-08-18 14:00:00+00:00,21.79,-1.029,-3.33,-1.488,-4.814,604.7
2024-08-18 15:00:00+00:00,23.06,0.562,-3.195,0.812,-4.618,530.8
2024-08-18 16:00:00+00:00,26.95,1.805,-2.746,2.609,-3.969,434.4
2024-08-18 17:00:00+00:00,26.58,2.947,-2.124,4.26,-3.07,322.1
2024-08-18 18:00:00+00:00,24.81,3.512,-1.048,5.076,-1.515,201.6
2024-08-18 19:00:00+00:00,22.98,3.216,0.142,4.649,0.205,56.3
2024-08-18 20:00:00+00:00,24.62,3.084,0.947,4.457,1.369,0.0
2024-08-18 21:00:00+00:00,23.66,3.024,1.458,4.371,2.108,0.0
2024-08-18 22:00:00+00:00,24.62,2.414,1.668,3.49,2.41,0.0
2024-08-18 23:00:00+00:00,25.87,2.159,2.255,3.121,3.259,0.0
2024-08-19 00:00:00+00:00,26.51,1.965,3.186,2.84,4.605,0.0
2024-08-19 01:00:00+00:00,28.63,1.244,3.836,1.798,5.545,0.0
2024-08-19 02:00:00+00:00,25.15,0.061,4.303,0.088,6.22,0.0
2024-08-19 03:00:00+00:00,22.14,-1.189,4.852,-1.718,7.013,0.0
2024-08-19 04:00:00+00:00,21.19,-2.613,4.749,-3.777,6.865,0.0
2024-08-19 05:00:00+00:00,21.95,-3.36,3.753,-4.856,5.424,66.8
2024-08-19 06:00:00+00:00,25.43,-4.054,3.302,-5.86,4.773,113.6
2024-08-19 07:00:00+00:00,23.96,-3.982,2.882,-5.755,4.166,201.5
2024-08-19 08:00:00+00:00,21.58,-4.765,2.523,-6.887,3.647,356.5
2024-08-19 09:00:00+00:00,21.02,-5.209,1.996,-7.529,2.886,434.2
2024-08-19 10:00:00+00:00,18.09,-6.486,1.814,-9.375,2.621,343.5
2024-08-19 11:00:00+00:00,18.43,-5.619,1.296,-8.122,1.874,465.6
2024-08-19 12:00:00+00:00,20.91,-5.287,0.966,-7.642,1.396,191.6
2024-08-19 13:00:00+00:00,20.49,-4.894,0.525,-7.074,0.758,142.2
2024-08-19 14:00:00+00:00,21.9,-4.205,0.606,-6.077,0.876,300.4
2024-08-19 15:00:00+00:00,21.02,-3.604,0.616,-5.209,0.891,176.8
2024-08-19 16:00:00+00:00,20.06,-4.115,1.28,-5.948,1.85,116.1
2024-08-19 17:00:00+00:00,20.23,-4.126,1.656,-5.964,2.394,101.2
2024-08-19 18:00:00+00:00,21.45,-4.441,2.008,-6.419,2.902,80.6
2024-08-19 19:00:00+00:00,25.76,-4.808,2.71,-6.95,3.917,35.9
2024-08-19 20:00:00+00:00,20.67,-4.389,3.203,-6.344,4.629,0.0
2024-08-19 21:00:00+00:00,21.79,-3.499,2.97,-5.057,4.293,0.0
2024-08-19 22:00:00+00:00,23.21,-2.662,2.813,-3.848,4.067,0.0
2024-08-19 23:00:00+00:00,22.93,-2.921,3.96,-4.222,5.724,0.0
2024-08-20 00:00:00+00:00,22.23,-2.807,5.313,-4.057,7.68,0.0
2024-08-20 01:00:00+00:00,21.68,-1.94,5.224,-2.805,7.551,0.0
2024-08-20 02:00:00+00:00,19.57,-1.903,5.65,-2.75,8.166,0.0
2024-08-20 03:00:00+00:00,21.0,-1.94,6.018,-2.805,8.699,0.0
2024-08-20 04:00:00+00:00,18.7,-1.136,6.612,-1.642,9.558,0.0
2024-08-20 05:00:00+00:00,18.44,-0.564,6.134,-0.816,8.867,51.6
2024-08-20 06:00:00+00:00,17.57,0.095,5.79,0.138,8.37,95.1
2024-08-20 07:00:00+00:00,19.41,1.327,6.394,1.918,9.242,68.5
2024-08-20 08:00:00+00:00,17.41,2.56,5.424,3.7,7.84,93.3
2024-08-20 09:00:00+00:00,16.21,3.955,4.407,5.716,6.37,114.5
2024-08-20 10:00:00+00:00,16.08,4.621,2.654,6.679,3.837,130.8
2024-08-20 11:00:00+00:00,14.47,5.022,1.021,7.259,1.476,141.1
2024-08-20 12:00:00+00:00,12.89,4.327,-0.477,6.255,-0.689,144.6
2024-08-20 13:00:00+00:00,12.61,4.422,-1.781,6.392,-2.575,141.1
2024-08-20 14:00:00+00:00,11.26,3.731,-2.993,5.393,-4.326,209.5
2024-08-20 15:00:00+00:00,10.37,2.419,-4.033,3.497,-5.829,142.6
2024-08-20 16:00:00+00:00,10.83,1.44,-7.008,2.082,-10.13,124.1
2024-08-20 17:00:00+00:00,12.18,-0.901,-8.059,-1.303,-11.649,104.8
2024-08-20 18:00:00+00:00,12.14,-2.904,-7.437,-4.198,-10.75,80.9
2024-08-20 19:00:00+00:00,14.47,-4.199,-6.435,-6.069,-9.301,26.2
2024-08-20 20:00:00+00:00,12.15,-4.683,-5.446,-6.77,-7.872,0.0
2024-08-20 21:00:00+00:00,11.42,-4.538,-4.474,-6.559,-6.467,0.0
2024-08-20 22:00:00+00:00,11.2,-3.974,-3.45,-5.745,-4.987,0.0
2024-08-20 23:00:00+00:00,13.06,-4.551,-3.379,-6.578,-4.884,0.0
2024-08-21 00:00:00+00:00,16.17,-4.171,-2.75,-6.029,-3.975,0.0
2024-08-21 01:00:00+00:00,15.1,-4.085,-2.445,-5.905,-3.534,0.0
2024-08-21 02:00:00+00:00,13.61,-3.992,-2.853,-5.77,-4.123,0.0
2024-08-21 03:00:00+00:00,15.05,-3.221,-2.386,-4.656,-3.449,0.0
2024-08-21 04:00:00+00:00,13.81,-3.163,-2.336,-4.572,-3.376,0.0
2024-08-21 05:00:00+00:00,13.22,-3.938,-2.647,-5.691,-3.826,42.4
2024-08-21 06:00:00+00:00,12.75,-3.895,-2.531,-5.63,-3.658,55.0
2024-08-21 07:00:00+00:00,12.15,-5.117,-3.729,-7.397,-5.389,145.8
2024-08-21 08:00:00+00:00,6.83,-4.462,-3.681,-6.45,-5.321,191.9
2024-08-21 09:00:00+00:00,6.68,-3.685,-3.797,-5.326,-5.489,320.1
2024-08-21 10:00:00+00:00,6.79,-2.321,-3.115,-3.355,-4.503,476.3
2024-08-21 11:00:00+00:00,6.54,-2.372,-3.613,-3.428,-5.222,454.1
2024-08-21 12:00:00+00:00,7.82,-1.918,-2.9,-2.772,-4.192,612.5
2024-08-21 13:00:00+00:00,10.05,-1.895,-2.781,-2.739,-4.02,347.3
2024-08-21 14:00:00+00:00,7.37,-1.95,-2.673,-2.818,-3.864,402.5
2024-08-21 15:00:00+00:00,8.22,-1.866,-2.724,-2.698,-3.938,211.0
2024-08-21 16:00:00+00:00,8.62,-1.88,-2.971,-2.717,-4.294,260.8
2024-08-21 17:00:00+00:00,9.58,-1.959,-3.158,-2.832,-4.564,142.6
2024-08-21 18:00:00+00:00,13.34,-1.349,-2.63,-1.95,-3.801,40.7
2024-08-21 19:00:00+00:00,14.15,-0.843,-2.577,-1.218,-3.724,20.8
2024-08-21 20:00:00+00:00,13.2,-0.405,-2.356,-0.585,-3.406,0.0
2024-08-21 21:00:00+00:00,14.72,-0.03,-2.47,-0.043,-3.571,0.0
2024-08-21 22:00:00+00:00,17.95,0.349,-2.535,0.505,-3.664,0.0
2024-08-21 23:00:00+00:00,19.22,0.404,-1.955,0.584,-2.826,0.0
2024-08-22 00:00:00+00:00,19.99,0.544,-1.927,0.787,-2.785,0.0
2024-08-22 01:00:00+00:00,22.0,0.792,-1.909,1.145,-2.76,0.0
2024-08-22 02:00:00+00:00,27.17,1.138,-1.984,1.645,-2.868,0.0
2024-08-22 03:00:00+00:00,25.75,1.245,-1.532,1.8,-2.215,0.0
2024-08-22 04:00:00+00:00,26.07,1.419,-1.303,2.051,-1.883,0.0
2024-08-22 05:00:00+00:00,26.54,1.368,-1.046,1.978,-1.512,58.2
2024-08-22 06:00:00+00:00,26.49,1.265,-0.829,1.829,-1.198,179.3
2024-08-22 07:00:00+00:00,24.23,1.577,-0.751,2.28,-1.086,300.4
2024-08-22 08:00:00+00:00,22.9,1.442,-0.514,2.084,-0.743,413.2
2024-08-22 09:00:00+00:00,20.12,1.548,-0.424,2.237,-0.614,375.9
2024-08-22 10:00:00+00:00,19.52,2.121,-0.434,3.066,-0.627,420.0
2024-08-22 11:00:00+00:00,20.05,2.275,-0.246,3.288,-0.356,501.8
2024-08-22 12:00:00+00:00,19.47,3.059,-0.134,4.422,-0.194,647.1
2024-08-22 13:00:00+00:00,16.22,2.813,0.041,4.067,0.06,561.0
2024-08-22 14:00:00+00:00,16.59,2.479,0.263,3.584,0.381,532.0
2024-08-22 15:00:00+00:00,13.19,2.024,0.452,2.925,0.653,479.9
2024-08-22 16:00:00+00:00,13.53,1.999,0.727,2.889,1.051,413.2
2024-08-22 17:00:00+00:00,13.21,1.36,0.624,1.966,0.901,293.8
2024-08-22 18:00:00+00:00,14.03,1.405,0.762,2.031,1.102,152.5
2024-08-22 19:00:00+00:00,12.78,1.569,1.106,2.268,1.599,40.4
2024-08-22 20:00:00+00:00,13.76,1.501,1.395,2.17,2.016,0.0
2024-08-22 21:00:00+00:00,14.94,1.361,1.59,1.967,2.299,0.0
2024-08-22 22:00:00+00:00,17.52,1.157,1.675,1.672,2.421,0.0
2024-08-22 23:00:00+00:00,18.99,0.912,1.761,1.319,2.545,0.0
2024-08-23 00:00:00+00:00,21.68,0.45,1.716,0.65,2.48,0.0
2024-08-23 01:00:00+00:00,20.3,0.088,2.012,0.127,2.909,0.0
2024-08-23 02:00:00+00:00,17.7,-0.158,2.042,-0.228,2.951,0.0
2024-08-23 03:00:00+00:00,16.53,-0.424,2.214,-0.614,3.2,0.0
2024-08-23 04:00:00+00:00,14.72,-0.562,1.752,-0.813,2.533,0.0
2024-08-23 05:00:00+00:00,15.04,-0.756,1.892,-1.093,2.735,45.6
2024-08-23 06:00:00+00:00,14.93,-0.72,1.71,-1.041,2.471,52.7
2024-08-23 07:00:00+00:00,16.88,-0.773,1.745,-1.117,2.523,156.9
2024-08-23 08:00:00+00:00,18.28,-1.003,1.856,-1.45,2.683,329.3
2024-08-23 09:00:00+00:00,18.23,-1.196,2.25,-1.728,3.253,395.3
2024-08-23 10:00:00+00:00,15.1,-1.211,2.012,-1.75,2.909,579.2
2024-08-23 11:00:00+00:00,14.35,-1.23,1.549,-1.778,2.24,626.0
2024-08-23 12:00:00+00:00,11.44,-1.32,1.199,-1.908,1.733,642.0
2024-08-23 13:00:00+00:00,10.37,-1.352,0.95,-1.955,1.374,360.4
2024-08-23 14:00:00+00:00,9.3,-1.665,0.89,-2.407,1.287,175.9
2024-08-23 15:00:00+00:00,10.37,-1.784,0.642,-2.578,0.929,111.1
2024-08-23 16:00:00+00:00,13.54,-2.087,0.386,-3.016,0.557,89.7
2024-08-23 17:00:00+00:00,13.61,-2.114,0.103,-3.056,0.149,64.9
2024-08-23 18:00:00+00:00,13.34,-2.312,-0.389,-3.341,-0.563,38.2
2024-08-23 19:00:00+00:00,13.43,-2.037,-0.867,-2.945,-1.253,11.5
2024-08-23 20:00:00+00:00,17.47,-1.859,-1.322,-2.687,-1.911,0.0
2024-08-23 21:00:00+00:00,20.76,-1.87,-1.935,-2.703,-2.797,0.0
2024-08-23 22:00:00+00:00,19.16,-1.458,-2.571,-2.108,-3.716,0.0
2024-08-23 23:00:00+00:00,19.26,-0.658,-2.783,-0.951,-4.023,0.0
2024-08-24 00:00:00+00:00,24.71,-0.123,-3.766,-0.178,-5.443,0.0
2024-08-24 01:00:00+00:00,22.95,0.42,-3.93,0.608,-5.68,0.0
2024-08-24 02:00:00+00:00,22.34,0.59,-3.877,0.853,-5.604,0.0
2024-08-24 03:00:00+00:00,22.09,0.935,-4.036,1.352,-5.834,0.0
2024-08-24 04:00:00+00:00,19.84,1.847,-5.557,2.669,-8.032,0.0
2024-08-24 05:00:00+00:00,20.94,2.096,-4.756,3.029,-6.875,10.2
2024-08-24 06:00:00+00:00,18.93,2.997,-5.133,4.332,-7.42,36.9
2024-08-24 07:00:00+00:00,19.2,2.961,-4.605,4.279,-6.656,63.6
2024-08-24 08:00:00+00:00,17.99,3.097,-4.893,4.477,-7.073,88.5
2024-08-24 09:00:00+00:00,15.84,2.391,-4.286,3.455,-6.195,109.9
2024-08-24 10:00:00+00:00,14.76,1.459,-3.449,2.109,-4.986,126.3
2024-08-24 11:00:00+00:00,13.58,0.906,-2.88,1.31,-4.163,136.6
2024-08-24 12:00:00+00:00,14.75,0.7,-2.996,1.012,-4.33,140.1
2024-08-24 13:00:00+00:00,12.86,0.477,-4.153,0.69,-6.003,136.6
2024-08-24 14:00:00+00:00,10.35,0.258,-4.077,0.373,-5.893,126.3
2024-08-24 15:00:00+00:00,13.17,-0.148,-4.636,-0.214,-6.702,109.9
2024-08-24 16:00:00+00:00,13.67,-0.504,-5.204,-0.728,-7.521,88.5
2024-08-24 17:00:00+00:00,13.3,-0.837,-3.707,-1.21,-5.358,63.6
2024-08-24 18:00:00+00:00,16.2,-0.903,-3.632,-1.305,-5.249,36.9
2024-08-24 19:00:00+00:00,16.29,-1.233,-3.833,-1.782,-5.541,10.2
2024-08-24 20:00:00+00:00,18.14,-1.255,-3.886,-1.814,-5.617,0.0
2024-08-24 21:00:00+00:00,17.82,-1.168,-4.418,-1.688,-6.386,0.0
2024-08-24 22:00:00+00:00,19.21,-1.24,-4.319,-1.793,-6.243,0.0
2024-08-24 23:00:00+00:00,21.37,-1.025,-4.137,-1.482,-5.98,0.0
2024-08-25 00:00:00+00:00,21.33,-0.652,-3.709,-0.943,-5.362,0.0
2024-08-25 01:00:00+00:00,22.41,-0.329,-3.85,-0.476,-5.564,0.0
2024-08-25 02:00:00+00:00,24.65,0.275,-3.681,0.398,-5.32,0.0
2024-08-25 03:00:00+00:00,23.35,1.263,-3.544,1.826,-5.122,0.0
2024-08-25 04:00:00+00:00,23.57,2.203,-3.012,3.184,-4.354,0.0
2024-08-25 05:00:00+00:00,22.1,3.548,-2.099,5.128,-3.034,13.0
2024-08-25 06:00:00+00:00,20.86,3.919,-0.649,5.665,-0.938,50.9
2024-08-25 07:00:00+00:00,21.34,4.177,1.188,6.037,1.718,62.4
2024-08-25 08:00:00+00:00,21.19,1.917,1.689,2.771,2.441,171.1
2024-08-25 09:00:00+00:00,18.89,1.163,2.869,1.681,4.147,235.6
2024-08-25 10:00:00+00:00,18.71,-0.299,3.199,-0.433,4.625,374.6
2024-08-25 11:00:00+00:00,20.34,-1.625,2.726,-2.349,3.94,501.8
2024-08-25 12:00:00+00:00,17.72,-2.751,1.549,-3.977,2.239,631.4
2024-08-25 13:00:00+00:00,17.34,-4.104,-0.167,-5.932,-0.241,615.4
2024-08-25 14:00:00+00:00,17.3,-3.583,-2.429,-5.179,-3.51,568.5
2024-08-25 15:00:00+00:00,16.74,-1.652,-4.319,-2.388,-6.242,493.9
2024-08-25 16:00:00+00:00,20.08,1.218,-4.329,1.761,-6.257,396.7
2024-08-25 17:00:00+00:00,19.47,4.163,-3.457,6.017,-4.997,265.5
2024-08-25 18:00:00+00:00,20.06,5.161,0.039,7.46,0.056,161.9
2024-08-25 19:00:00+00:00,20.15,3.72,3.122,5.377,4.513,40.4
2024-08-25 20:00:00+00:00,19.38,0.65,5.0,0.94,7.227,0.0
2024-08-25 21:00:00+00:00,22.84,-3.354,4.203,-4.848,6.074,0.0
2024-08-25 22:00:00+00:00,23.03,-6.702,0.664,-9.687,0.96,0.0
2024-08-25 23:00:00+00:00,22.59,-4.522,-3.751,-6.537,-5.421,0.0
2024-08-26 00:00:00+00:00,20.48,-1.251,-6.186,-1.808,-8.942,0.0
2024-08-26 01:00:00+00:00,19.06,3.281,-6.891,4.742,-9.96,0.0
2024-08-26 02:00:00+00:00,19.02,5.925,-3.083,8.564,-4.456,0.0
2024-08-26 03:00:00+00:00,18.51,4.555,0.752,6.584,1.086,0.0
2024-08-26 04:00:00+00:00,18.25,3.179,3.341,4.595,4.829,0.0
2024-08-26 05:00:00+00:00,19.36,0.121,4.937,0.176,7.137,21.5
2024-08-26 06:00:00+00:00,21.08,-3.019,3.354,-4.364,4.849,143.8
2024-08-26 07:00:00+00:00,21.22,-3.105,0.003,-4.488,0.004,227.6
2024-08-26 08:00:00+00:00,17.92,-2.058,-2.41,-2.975,-3.484,391.0
2024-08-26 09:00:00+00:00,19.29,0.78,-3.874,1.127,-5.599,298.0
2024-08-26 10:00:00+00:00,18.92,3.613,-1.399,5.222,-2.022,448.9
2024-08-26 11:00:00+00:00,16.85,3.971,2.606,5.74,3.767,546.8
2024-08-26 12:00:00+00:00,14.09,0.34,4.463,0.491,6.451,365.2
2024-08-26 13:00:00+00:00,13.76,-3.075,2.567,-4.444,3.71,339.8
2024-08-26 14:00:00+00:00,15.92,-3.541,-1.066,-5.119,-1.54,138.4
2024-08-26 15:00:00+00:00,14.84,-1.075,-2.576,-1.554,-3.724,107.4
2024-08-26 16:00:00+00:00,14.6,1.026,-2.041,1.483,-2.951,86.0
2024-08-26 17:00:00+00:00,13.92,2.954,-0.784,4.27,-1.133,61.1
2024-08-26 18:00:00+00:00,17.14,2.55,1.463,3.686,2.114,34.3
2024-08-26 19:00:00+00:00,18.33,0.699,2.604,1.011,3.764,7.6
2024-08-26 20:00:00+00:00,17.56,-1.277,2.48,-1.847,3.585,0.0
2024-08-26 21:00:00+00:00,19.0,-2.483,1.117,-3.589,1.615,0.0
2024-08-26 22:00:00+00:00,21.68,-2.686,-0.656,-3.882,-0.948,0.0
2024-08-26 23:00:00+00:00,21.09,-2.034,-2.426,-2.94,-3.506,0.0
2024-08-27 00:00:00+00:00,21.72,-0.317,-2.784,-0.459,-4.024,0.0
2024-08-27 01:00:00+00:00,21.7,1.497,-2.931,2.164,-4.236,0.0
2024-08-27 02:00:00+00:00,22.45,2.6,-1.53,3.758,-2.211,0.0
2024-08-27 03:00:00+00:00,22.27,3.036,0.16,4.388,0.231,0.0
2024-08-27 04:00:00+00:00,18.05,2.773,1.996,4.009,2.885,0.0
2024-08-27 05:00:00+00:00,17.95,1.303,3.446,1.883,4.981,6.2
2024-08-27 06:00:00+00:00,15.91,-0.975,3.679,-1.41,5.317,33.0
2024-08-27 07:00:00+00:00,14.63,-4.321,3.477,-6.246,5.026,59.8
2024-08-27 08:00:00+00:00,14.42,-5.395,0.05,-7.798,0.073,84.8
2024-08-27 09:00:00+00:00,10.11,-3.052,-2.176,-4.412,-3.146,106.2
2024-08-27 10:00:00+00:00,12.27,-1.023,-2.762,-1.479,-3.992,122.7
2024-08-27 11:00:00+00:00,9.53,0.589,-2.785,0.852,-4.025,133.0
2024-08-27 12:00:00+00:00,8.86,2.006,-2.457,2.899,-3.551,136.5
2024-08-27 13:00:00+00:00,7.49,2.603,-1.254,3.763,-1.813,133.0
2024-08-27 14:00:00+00:00,6.88,2.957,-0.164,4.274,-0.237,122.7
2024-08-27 15:00:00+00:00,4.72,2.717,1.02,3.928,1.474,106.2
2024-08-27 16:00:00+00:00,6.05,2.125,2.308,3.071,3.336,84.8
2024-08-27 17:00:00+00:00,6.49,0.77,2.822,1.114,4.079,59.8
2024-08-27 18:00:00+00:00,9.14,-0.332,2.886,-0.48,4.172,33.0
2024-08-27 19:00:00+00:00,12.65,-1.767,2.749,-2.555,3.974,6.2
2024-08-27 20:00:00+00:00,13.27,-2.749,1.571,-3.973,2.271,0.0
2024-08-27 21:00:00+00:00,17.6,-2.488,-0.089,-3.596,-0.128,0.0
2024-08-27 22:00:00+00:00,19.15,-1.495,-1.041,-2.161,-1.505,0.0
2024-08-27 23:00:00+00:00,20.93,-0.739,-1.835,-1.069,-2.652,0.0
2024-08-28 00:00:00+00:00,16.82,0.431,-2.198,0.623,-3.177,0.0
2024-08-28 01:00:00+00:00,15.36,1.923,-1.753,2.78,-2.534,0.0
2024-08-28 02:00:00+00:00,15.23,2.729,-0.415,3.945,-0.601,0.0
2024-08-28 03:00:00+00:00,14.21,2.327,1.074,3.363,1.552,0.0
2024-08-28 04:00:00+00:00,17.16,1.346,1.935,1.946,2.797,0.0
2024-08-28 05:00:00+00:00,15.98,0.042,3.094,0.061,4.472,4.9
2024-08-28 06:00:00+00:00,16.05,-1.325,1.848,-1.915,2.671,37.4
2024-08-28 07:00:00+00:00,17.08,-2.295,1.062,-3.317,1.536,91.6
2024-08-28 08:00:00+00:00,15.73,-2.928,-0.022,-4.232,-0.031,320.4
2024-08-28 09:00:00+00:00,13.88,-1.949,-1.082,-2.817,-1.564,417.7
2024-08-28 10:00:00+00:00,15.43,-1.051,-1.875,-1.519,-2.711,424.7
2024-08-28 11:00:00+00:00,17.38,0.114,-2.226,0.165,-3.217,423.9
2024-08-28 12:00:00+00:00,17.69,1.455,-2.323,2.103,-3.357,360.7
2024-08-28 13:00:00+00:00,14.84,2.314,-1.256,3.345,-1.816,233.8
2024-08-28 14:00:00+00:00,15.27,2.609,0.157,3.771,0.228,215.9
2024-08-28 15:00:00+00:00,15.23,2.376,1.735,3.434,2.508,152.4
2024-08-28 16:00:00+00:00,14.83,1.213,2.446,1.753,3.536,264.1
2024-08-28 17:00:00+00:00,16.59,-0.054,2.529,-0.077,3.655,194.9
2024-08-28 18:00:00+00:00,15.31,-1.297,2.176,-1.874,3.146,66.4
2024-08-28 19:00:00+00:00,18.34,-2.702,1.423,-3.906,2.056,14.8
2024-08-28 20:00:00+00:00,21.82,-3.287,-0.271,-4.75,-0.392,0.0
2024-08-28 21:00:00+00:00,22.3,-2.622,-1.96,-3.79,-2.833,0.0
2024-08-28 22:00:00+00:00,26.25,-1.239,-3.321,-1.792,-4.8,0.0
2024-08-28 23:00:00+00:00,25.32,0.961,-3.336,1.389,-4.822,0.0
2024-08-29 00:00:00+00:00,25.41,3.457,-2.12,4.997,-3.065,0.0
2024-08-29 01:00:00+00:00,26.54,3.739,0.615,5.404,0.889,0.0
2024-08-29 02:00:00+00:00,29.61,2.856,3.337,4.129,4.824,0.0
2024-08-29 03:00:00+00:00,30.13,0.524,5.11,0.757,7.386,0.0
2024-08-29 04:00:00+00:00,28.23,-2.228,3.834,-3.22,5.542,0.0
2024-08-29 05:00:00+00:00,24.81,-4.284,1.965,-6.193,2.84,3.9
2024-08-29 06:00:00+00:00,23.53,-4.028,-1.184,-5.823,-1.712,30.4
2024-08-29 07:00:00+00:00,22.6,-2.643,-4.204,-3.821,-6.077,57.2
2024-08-29 08:00:00+00:00,17.62,0.949,-4.021,1.372,-5.812,82.2
2024-08-29 09:00:00+00:00,14.2,4.264,-2.847,6.163,-4.115,103.7
2024-08-29 10:00:00+00:00,10.17,3.877,0.72,5.605,1.041,120.2
2024-08-29 11:00:00+00:00,12.3,1.995,3.108,2.883,4.492,130.5
2024-08-29 12:00:00+00:00,12.0,-0.726,3.302,-1.049,4.773,134.1
2024-08-29 13:00:00+00:00,9.41,-2.825,1.587,-4.083,2.294,130.5
2024-08-29 14:00:00+00:00,10.21,-2.284,-0.907,-3.301,-1.311,120.2
2024-08-29 15:00:00+00:00,8.79,-0.66,-2.08,-0.954,-3.006,103.7
2024-08-29 16:00:00+00:00,10.42,1.045,-1.652,1.51,-2.387,112.4
2024-08-29 17:00:00+00:00,13.1,1.849,-0.274,2.672,-0.397,63.2
2024-08-29 18:00:00+00:00,11.97,1.402,1.159,2.026,1.675,64.6
2024-08-29 19:00:00+00:00,15.62,0.203,2.32,0.294,3.354,12.3
2024-08-29 20:00:00+00:00,14.38,-1.457,1.852,-2.107,2.677,0.0
2024-08-29 21:00:00+00:00,15.9,-2.768,0.332,-4.001,0.48,0.0
2024-08-29 22:00:00+00:00,18.36,-2.031,-1.58,-2.936,-2.284,0.0
2024-08-29 23:00:00+00:00,19.5,-0.427,-2.878,-0.617,-4.16,0.0
2024-08-30 00:00:00+00:00,20.68,1.607,-2.46,2.323,-3.556,0.0
2024-08-30 01:00:00+00:00,20.12,3.865,-0.912,5.586,-1.319,0.0
2024-08-30 02:00:00+00:00,23.73,3.99,2.476,5.768,3.579,0.0
2024-08-30 03:00:00+00:00,25.09,1.181,4.125,1.708,5.962,0.0
2024-08-30 04:00:00+00:00,20.79,-2.231,3.158,-3.225,4.565,0.0
2024-08-30 05:00:00+00:00,21.45,-4.255,0.319,-6.15,0.461,9.8
2024-08-30 06:00:00+00:00,23.31,-3.22,-3.095,-4.655,-4.473,105.3
2024-08-30 07:00:00+00:00,21.52,0.347,-5.527,0.501,-7.989,247.2
2024-08-30 08:00:00+00:00,20.38,3.939,-3.169,5.693,-4.58,247.4
2024-08-30 09:00:00+00:00,19.95,4.55,0.533,6.576,0.771,298.5
2024-08-30 10:00:00+00:00,19.21,2.698,3.24,3.9,4.683,167.0
2024-08-30 11:00:00+00:00,16.5,-0.425,3.742,-0.614,5.408,248.1
2024-08-30 12:00:00+00:00,15.89,-3.118,2.514,-4.507,3.633,162.7
2024-08-30 13:00:00+00:00,14.98,-3.63,-0.304,-5.247,-0.44,266.9
2024-08-30 14:00:00+00:00,15.77,-3.713,-4.114,-5.367,-5.946,402.0
2024-08-30 15:00:00+00:00,16.29,0.313,-5.238,0.453,-7.571,178.4
2024-08-30 16:00:00+00:00,15.31,4.981,-4.997,7.2,-7.223,296.4
2024-08-30 17:00:00+00:00,15.22,7.71,-0.244,11.144,-0.353,247.7
2024-08-30 18:00:00+00:00,15.16,5.834,4.782,8.433,6.912,72.8
2024-08-30 19:00:00+00:00,16.47,0.521,7.45,0.753,10.769,2.1
2024-08-30 20:00:00+00:00,15.85,-5.175,4.936,-7.48,7.135,0.0
2024-08-30 21:00:00+00:00,17.08,-6.284,-0.96,-9.083,-1.388,0.0
2024-08-30 22:00:00+00:00,18.91,-3.073,-6.15,-4.442,-8.89,0.0
2024-08-30 23:00:00+00:00,20.0,2.579,-5.948,3.728,-8.597,0.0
2024-08-31 00:00:00+00:00,22.84,7.171,-1.696,10.365,-2.452,0.0
2024-08-31 01:00:00+00:00,23.25,5.681,5.164,8.211,7.464,0.0
2024-08-31 02:00:00+00:00,24.72,-1.037,7.925,-1.499,11.455,0.0
2024-08-31 03:00:00+00:00,26.51,-6.544,3.604,-9.46,5.209,0.0
2024-08-31 04:00:00+00:00,21.57,-6.852,-2.902,-9.904,-4.195,0.0
2024-08-31 05:00:00+00:00,20.39,-1.955,-8.571,-2.826,-12.389,2.5
2024-08-31 06:00:00+00:00,20.03,5.842,-7.465,8.444,-10.79,125.8
2024-08-31 07:00:00+00:00,16.12,9.289,0.48,13.426,0.694,243.4
2024-08-31 08:00:00+00:00,14.26,4.306,6.274,6.224,9.069,214.3
2024-08-31 09:00:00+00:00,11.42,-1.929,6.784,-2.788,9.805,175.7
2024-08-31 10:00:00+00:00,12.89,-5.983,3.18,-8.649,4.597,147.1
2024-08-31 11:00:00+00:00,13.15,-6.506,-1.596,-9.404,-2.307,285.2
2024-08-31 12:00:00+00:00,12.47,-3.733,-5.363,-5.395,-7.751,240.4
2024-08-31 13:00:00+00:00,12.76,0.882,-5.635,1.275,-8.145,128.0
2024-08-31 14:00:00+00:00,13.53,3.64,-3.393,5.261,-4.905,117.7
2024-08-31 15:00:00+00:00,12.72,5.607,-0.729,8.105,-1.053,101.1
2024-08-31 16:00:00+00:00,13.82,4.405,2.278,6.368,3.293,79.6
2024-08-31 17:00:00+00:00,16.96,1.968,3.378,2.844,4.883,54.6
2024-08-31 18:00:00+00:00,19.6,-0.226,3.754,-0.326,5.427,31.4
2024-08-31 19:00:00+00:00,19.39,-1.863,2.523,-2.692,3.647,1.1
2024-08-31 20:00:00+00:00,20.12,-2.647,1.024,-3.826,1.481,0.0
2024-08-31 21:00:00+00:00,22.8,-2.908,-0.285,-4.203,-0.412,0.0
2024-08-31 22:00:00+00:00,24.42,-2.16,-1.336,-3.122,-1.932,0.0
2024-08-31 23:00:00+00:00,22.94,-1.478,-2.473,-2.137,-3.574,0.0
2024-09-01 00:00:00+00:00,21.41,-0.081,-3.217,-0.117,-4.65,0.0
2024-09-01 01:00:00+00:00,24.24,1.813,-3.421,2.621,-4.944,0.0
2024-09-01 02:00:00+00:00,24.9,2.503,-1.662,3.619,-2.402,0.0
2024-09-01 03:00:00+00:00,24.61,3.537,-0.085,5.113,-0.123,0.0
2024-09-01 04:00:00+00:00,23.32,2.958,1.408,4.276,2.036,0.0
2024-09-01 05:00:00+00:00,20.2,2.258,2.739,3.263,3.959,0.0
2024-09-01 06:00:00+00:00,17.63,0.646,3.449,0.934,4.985,43.2
2024-09-01 07:00:00+00:00,16.55,-0.887,3.036,-1.282,4.389,53.2
2024-09-01 08:00:00+00:00,16.63,-2.529,2.619,-3.656,3.785,78.3
2024-09-01 09:00:00+00:00,15.16,-4.098,1.257,-5.923,1.817,99.9
2024-09-01 10:00:00+00:00,15.98,-3.666,-0.752,-5.299,-1.087,116.4
2024-09-01 11:00:00+00:00,15.02,-2.916,-2.661,-4.216,-3.847,126.8
2024-09-01 12:00:00+00:00,15.29,-1.473,-3.443,-2.129,-4.977,186.0
2024-09-01 13:00:00+00:00,13.19,0.085,-3.364,0.123,-4.862,283.8
2024-09-01 14:00:00+00:00,12.63,1.159,-2.854,1.675,-4.126,334.3
2024-09-01 15:00:00+00:00,15.76,1.947,-2.269,2.814,-3.279,272.6
2024-09-01 16:00:00+00:00,16.29,2.842,-1.627,4.109,-2.352,223.3
2024-09-01 17:00:00+00:00,18.47,3.813,-0.578,5.512,-0.836,93.5
2024-09-01 18:00:00+00:00,17.81,2.827,0.866,4.087,1.251,32.4
2024-09-01 19:00:00+00:00,15.45,2.198,1.976,3.176,2.856,0.0
2024-09-01 20:00:00+00:00,15.24,1.444,2.848,2.088,4.116,0.0
2024-09-01 21:00:00+00:00,16.49,0.433,3.05,0.626,4.408,0.0
2024-09-01 22:00:00+00:00,18.82,-0.747,3.034,-1.08,4.386,0.0
2024-09-01 23:00:00+00:00,16.92,-1.585,2.415,-2.291,3.491,0.0
2024-09-02 00:00:00+00:00,16.85,-2.47,2.172,-3.57,3.139,0.0
2024-09-02 01:00:00+00:00,16.09,-2.405,1.446,-3.476,2.09,0.0
2024-09-02 02:00:00+00:00,18.13,-2.698,1.061,-3.9,1.533,0.0
2024-09-02 03:00:00+00:00,15.12,-2.963,0.627,-4.283,0.906,0.0
2024-09-02 04:00:00+00:00,14.57,-3.58,0.253,-5.174,0.366,0.0
2024-09-02 05:00:00+00:00,15.51,-3.232,-0.583,-4.672,-0.842,0.0
2024-09-02 06:00:00+00:00,15.75,-3.725,-1.488,-5.384,-2.151,39.0
2024-09-02 07:00:00+00:00,13.13,-2.646,-1.926,-3.825,-2.784,111.3
2024-09-02 08:00:00+00:00,12.67,-1.7,-2.542,-2.457,-3.674,159.1
2024-09-02 09:00:00+00:00,10.24,-0.506,-3.193,-0.731,-4.615,363.6
2024-09-02 10:00:00+00:00,8.96,0.865,-2.875,1.251,-4.156,407.4
2024-09-02 11:00:00+00:00,9.88,1.8,-2.108,2.601,-3.046,450.3
2024-09-02 12:00:00+00:00,9.13,3.033,-1.365,4.384,-1.973,408.7
2024-09-02 13:00:00+00:00,13.22,2.903,-0.024,4.196,-0.035,404.7
2024-09-02 14:00:00+00:00,15.34,2.858,1.171,4.131,1.693,332.8
2024-09-02 15:00:00+00:00,15.59,2.574,2.072,3.72,2.995,366.4
2024-09-02 16:00:00+00:00,17.34,1.94,3.264,2.804,4.718,94.3
2024-09-02 17:00:00+00:00,19.14,0.436,4.784,0.631,6.915,56.4
2024-09-02 18:00:00+00:00,20.12,-1.533,3.634,-2.216,5.253,86.4
2024-09-02 19:00:00+00:00,25.11,-2.62,2.036,-3.786,2.942,0.0
2024-09-02 20:00:00+00:00,23.41,-3.081,0.311,-4.454,0.449,0.0
2024-09-02 21:00:00+00:00,23.94,-4.207,-2.025,-6.081,-2.927,0.0
2024-09-02 22:00:00+00:00,23.67,-2.28,-3.606,-3.295,-5.213,0.0
2024-09-02 23:00:00+00:00,21.68,0.164,-4.649,0.237,-6.72,0.0
2024-09-03 00:00:00+00:00,19.21,3.355,-4.318,4.849,-6.241,0.0
2024-09-03 01:00:00+00:00,17.95,3.97,-1.29,5.739,-1.865,0.0
2024-09-03 02:00:00+00:00,16.12,4.226,1.414,6.109,2.043,0.0
2024-09-03 03:00:00+00:00,17.39,1.731,2.588,2.502,3.741,0.0
2024-09-03 04:00:00+00:00,18.46,-0.252,2.993,-0.364,4.327,0.0
2024-09-03 05:00:00+00:00,18.04,-2.42,2.826,-3.497,4.085,0.0
2024-09-03 06:00:00+00:00,13.88,-3.614,0.969,-5.224,1.401,105.1
2024-09-03 07:00:00+00:00,13.23,-3.132,-1.247,-4.527,-1.802,229.6
2024-09-03 08:00:00+00:00,11.62,-2.162,-3.458,-3.125,-4.998,336.6
2024-09-03 09:00:00+00:00,9.79,0.575,-2.786,0.831,-4.027,441.9
2024-09-03 10:00:00+00:00,8.89,2.426,-1.387,3.507,-2.004,517.2
2024-09-03 11:00:00+00:00,4.76,2.46,0.865,3.556,1.251,359.7
2024-09-03 12:00:00+00:00,4.79,1.136,2.385,1.642,3.448,407.1
2024-09-03 13:00:00+00:00,6.91,-0.808,3.256,-1.168,4.706,386.0
2024-09-03 14:00:00+00:00,7.6,-2.844,2.069,-4.111,2.991,414.3
2024-09-03 15:00:00+00:00,7.0,-3.26,-0.272,-4.712,-0.394,374.5
2024-09-03 16:00:00+00:00,6.31,-2.401,-2.449,-3.471,-3.54,328.2
2024-09-03 17:00:00+00:00,5.8,-0.024,-3.611,-0.035,-5.22,229.6
2024-09-03 18:00:00+00:00,8.49,2.125,-2.458,3.071,-3.553,102.6
2024-09-03 19:00:00+00:00,8.16,3.295,-0.306,4.762,-0.443,0.0
2024-09-03 20:00:00+00:00,9.8,2.309,1.731,3.338,2.502,0.0
2024-09-03 21:00:00+00:00,10.95,0.512,2.568,0.74,3.713,0.0
2024-09-03 22:00:00+00:00,12.51,-1.272,2.181,-1.838,3.152,0.0
2024-09-03 23:00:00+00:00,15.38,-2.111,0.744,-3.051,1.076,0.0
2024-09-04 00:00:00+00:00,13.03,-2.191,-0.653,-3.166,-0.944,0.0
2024-09-04 01:00:00+00:00,12.06,-1.33,-2.243,-1.922,-3.242,0.0
2024-09-04 02:00:00+00:00,10.98,0.802,-3.602,1.16,-5.206,0.0
2024-09-04 03:00:00+00:00,12.49,2.872,-2.009,4.152,-2.904,0.0
2024-09-04 04:00:00+00:00,9.61,3.422,0.376,4.947,0.543,0.0
2024-09-04 05:00:00+00:00,7.51,2.094,2.722,3.027,3.934,0.0
2024-09-04 06:00:00+00:00,5.25,-0.526,2.945,-0.761,4.257,58.3
2024-09-04 07:00:00+00:00,8.65,-2.371,1.911,-3.427,2.763,89.3
2024-09-04 08:00:00+00:00,3.66,-3.388,-0.447,-4.897,-0.646,74.3
2024-09-04 09:00:00+00:00,4.33,-2.378,-2.821,-3.437,-4.077,189.0
2024-09-04 10:00:00+00:00,5.4,0.353,-3.977,0.511,-5.749,291.7
2024-09-04 11:00:00+00:00,4.6,2.676,-2.484,3.867,-3.59,286.6
2024-09-04 12:00:00+00:00,4.15,4.112,0.117,5.944,0.169,165.4
2024-09-04 13:00:00+00:00,3.26,3.007,2.935,4.346,4.243,122.9
2024-09-04 14:00:00+00:00,4.3,0.33,3.876,0.477,5.603,194.1
2024-09-04 15:00:00+00:00,4.52,-2.641,3.426,-3.817,4.952,322.8
2024-09-04 16:00:00+00:00,3.82,-4.326,0.859,-6.253,1.242,188.2
2024-09-04 17:00:00+00:00,4.24,-3.097,-1.934,-4.476,-2.796,49.2
2024-09-04 18:00:00+00:00,6.62,-1.386,-3.837,-2.004,-5.546,22.2
2024-09-04 19:00:00+00:00,5.01,1.289,-3.186,1.864,-4.605,0.0
2024-09-04 20:00:00+00:00,7.28,2.756,-1.232,3.983,-1.78,0.0
2024-09-04 21:00:00+00:00,10.47,2.639,1.086,3.814,1.57,0.0
2024-09-04 22:00:00+00:00,13.54,1.086,2.86,1.57,4.134,0.0
2024-09-04 23:00:00+00:00,16.06,-1.548,3.331,-2.238,4.815,0.0
2024-09-05 00:00:00+00:00,18.6,-2.465,0.83,-3.562,1.199,0.0
2024-09-05 01:00:00+00:00,21.96,-2.572,-1.052,-3.717,-1.521,0.0
2024-09-05 02:00:00+00:00,24.43,-1.25,-2.415,-1.807,-3.491,0.0
2024-09-05 03:00:00+00:00,24.87,0.558,-2.183,0.807,-3.156,0.0
2024-09-05 04:00:00+00:00,21.3,2.142,-1.23,3.097,-1.778,0.0
2024-09-05 05:00:00+00:00,21.11,2.642,0.644,3.819,0.93,0.0
2024-09-05 06:00:00+00:00,19.48,1.644,2.088,2.376,3.018,28.8
2024-09-05 07:00:00+00:00,19.58,0.044,2.555,0.064,3.693,85.8
2024-09-05 08:00:00+00:00,16.64,-1.315,1.966,-1.901,2.842,289.2
2024-09-05 09:00:00+00:00,17.61,-2.905,1.26,-4.199,1.821,429.8
2024-09-05 10:00:00+00:00,15.12,-3.315,-0.51,-4.791,-0.737,375.9
2024-09-05 11:00:00+00:00,14.33,-3.049,-2.879,-4.407,-4.161,416.9
2024-09-05 12:00:00+00:00,12.59,-1.177,-4.886,-1.702,-7.062,348.0
2024-09-05 13:00:00+00:00,11.15,1.478,-5.461,2.137,-7.894,269.7
2024-09-05 14:00:00+00:00,7.92,4.093,-3.821,5.917,-5.523,161.7
2024-09-05 15:00:00+00:00,7.57,5.017,-1.175,7.252,-1.698,116.1
2024-09-05 16:00:00+00:00,8.01,4.992,1.643,7.216,2.374,124.7
2024-09-05 17:00:00+00:00,9.73,3.253,3.892,4.702,5.626,118.0
2024-09-05 18:00:00+00:00,11.88,0.596,4.614,0.862,6.669,82.7
2024-09-05 19:00:00+00:00,13.67,-1.398,3.51,-2.021,5.074,0.0
2024-09-05 20:00:00+00:00,16.61,-2.532,2.209,-3.661,3.193,0.0
2024-09-05 21:00:00+00:00,17.83,-3.169,0.546,-4.58,0.789,0.0
2024-09-05 22:00:00+00:00,18.67,-2.931,-1.015,-4.237,-1.468,0.0
2024-09-05 23:00:00+00:00,20.06,-1.938,-2.44,-2.801,-3.527,0.0
2024-09-06 00:00:00+00:00,19.65,-0.257,-3.618,-0.371,-5.229,0.0
2024-09-06 01:00:00+00:00,19.12,1.561,-3.152,2.256,-4.556,0.0
2024-09-06 02:00:00+00:00,16.34,3.087,-2.154,4.463,-3.113,0.0
2024-09-06 03:00:00+00:00,16.43,4.007,-0.288,5.792,-0.417,0.0
2024-09-06 04:00:00+00:00,17.19,4.256,2.462,6.152,3.559,0.0
2024-09-06 05:00:00+00:00,16.43,2.16,4.602,3.122,6.652,0.0
2024-09-06 06:00:00+00:00,16.74,-1.572,6.507,-2.273,9.406,72.5
2024-09-06 07:00:00+00:00,18.89,-5.265,3.702,-7.61,5.351,177.2
2024-09-06 08:00:00+00:00,18.88,-6.92,-0.491,-10.002,-0.71,325.3
2024-09-06 09:00:00+00:00,18.15,-4.269,-4.085,-6.171,-5.905,423.6
2024-09-06 10:00:00+00:00,14.74,-0.946,-6.28,-1.368,-9.077,499.0
2024-09-06 11:00:00+00:00,14.91,2.811,-4.932,4.063,-7.129,546.5
2024-09-06 12:00:00+00:00,9.81,5.459,-2.613,7.891,-3.776,562.6
2024-09-06 13:00:00+00:00,9.89,5.318,1.186,7.687,1.714,546.5
2024-09-06 14:00:00+00:00,10.24,2.845,3.824,4.113,5.528,499.0
2024-09-06 15:00:00+00:00,10.43,-0.597,4.337,-0.863,6.269,423.6
2024-09-06 16:00:00+00:00,10.46,-4.104,2.815,-5.932,4.068,325.3
2024-09-06 17:00:00+00:00,10.32,-4.828,-1.233,-6.979,-1.782,210.9
2024-09-06 18:00:00+00:00,9.85,-2.707,-5.2,-3.913,-7.517,88.1
2024-09-06 19:00:00+00:00,10.32,1.908,-4.248,2.757,-6.141,0.0
2024-09-06 20:00:00+00:00,10.12,4.321,-1.291,6.246,-1.866,0.0
2024-09-06 21:00:00+00:00,12.92,3.826,1.836,5.531,2.654,0.0
2024-09-06 22:00:00+00:00,13.96,1.559,3.391,2.253,4.901,0.0
2024-09-06 23:00:00+00:00,15.36,-0.946,3.577,-1.368,5.171,0.0
2024-09-07 00:00:00+00:00,15.01,-4.08,2.506,-5.898,3.623,0.0
2024-09-07 01:00:00+00:00,15.29,-5.363,-1.401,-7.751,-2.025,0.0
2024-09-07 02:00:00+00:00,15.67,-3.04,-5.378,-4.394,-7.773,0.0
2024-09-07 03:00:00+00:00,16.25,1.04,-5.477,1.503,-7.917,0.0
2024-09-07 04:00:00+00:00,18.0,5.944,-5.154,8.591,-7.45,0.0
2024-09-07 05:00:00+00:00,16.96,6.987,-0.352,10.099,-0.509,0.0
2024-09-07 06:00:00+00:00,14.47,4.712,3.576,6.81,5.169,18.0
2024-09-07 07:00:00+00:00,13.16,1.184,5.939,1.711,8.585,45.0
2024-09-07 08:00:00+00:00,11.27,-2.857,5.24,-4.13,7.574,70.2
2024-09-07 09:00:00+00:00,10.86,-5.871,2.702,-8.486,3.905,91.8
2024-09-07 10:00:00+00:00,7.28,-6.051,-1.442,-8.746,-2.085,292.2
2024-09-07 11:00:00+00:00,7.53,-3.208,-4.013,-4.637,-5.801,429.0
2024-09-07 12:00:00+00:00,5.95,0.168,-4.612,0.242,-6.667,330.6
2024-09-07 13:00:00+00:00,7.03,3.271,-3.452,4.728,-4.99,254.8
2024-09-07 14:00:00+00:00,7.61,4.664,-0.868,6.741,-1.254,367.3
2024-09-07 15:00:00+00:00,6.75,4.299,2.183,6.214,3.155,417.4
2024-09-07 16:00:00+00:00,9.33,2.282,4.65,3.299,6.722,319.1
2024-09-07 17:00:00+00:00,10.14,-1.067,5.11,-1.542,7.386,169.0
2024-09-07 18:00:00+00:00,10.72,-3.346,3.034,-4.837,4.385,64.1
2024-09-07 19:00:00+00:00,11.06,-5.174,0.164,-7.478,0.237,0.0
2024-09-07 20:00:00+00:00,12.65,-4.312,-2.776,-6.233,-4.013,0.0
2024-09-07 21:00:00+00:00,14.23,-1.719,-5.044,-2.484,-7.29,0.0
2024-09-07 22:00:00+00:00,16.12,1.257,-4.921,1.817,-7.113,0.0
2024-09-07 23:00:00+00:00,18.01,4.23,-3.781,6.114,-5.465,0.0
2024-09-08 00:00:00+00:00,15.88,4.579,-0.697,6.619,-1.008,0.0
2024-09-08 01:00:00+00:00,18.4,3.809,1.764,5.506,2.55,0.0
2024-09-08 02:00:00+00:00,18.66,2.3,3.677,3.325,5.315,0.0
2024-09-08 03:00:00+00:00,18.6,-0.13,5.132,-0.188,7.419,0.0
2024-09-08 04:00:00+00:00,16.75,-2.381,3.696,-3.441,5.342,0.0
2024-09-08 05:00:00+00:00,13.99,-3.797,1.833,-5.489,2.649,0.0
2024-09-08 06:00:00+00:00,13.86,-4.641,-0.585,-6.708,-0.846,38.4
2024-09-08 07:00:00+00:00,11.83,-2.605,-2.214,-3.766,-3.2,146.9
2024-09-08 08:00:00+00:00,12.02,-0.835,-2.643,-1.207,-3.82,236.2
2024-09-08 09:00:00+00:00,10.61,0.864,-2.937,1.249,-4.245,411.2
2024-09-08 10:00:00+00:00,9.56,2.171,-1.835,3.138,-2.652,486.7
2024-09-08 11:00:00+00:00,8.72,2.411,-0.516,3.485,-0.746,534.2
2024-09-08 12:00:00+00:00,6.24,2.205,0.539,3.187,0.779,550.4
2024-09-08 13:00:00+00:00,4.66,1.876,1.667,2.712,2.409,534.2
2024-09-08 14:00:00+00:00,5.95,0.804,2.21,1.162,3.194,486.7
2024-09-08 15:00:00+00:00,7.17,-0.342,2.556,-0.495,3.695,411.2
2024-09-08 16:00:00+00:00,9.06,-1.614,2.22,-2.334,3.209,312.8
2024-09-08 17:00:00+00:00,11.28,-2.435,0.994,-3.52,1.437,198.2
2024-09-08 18:00:00+00:00,12.89,-2.467,-0.33,-3.566,-0.477,75.2
2024-09-08 19:00:00+00:00,12.06,-2.031,-1.616,-2.936,-2.336,0.0
2024-09-08 20:00:00+00:00,10.52,-1.026,-2.809,-1.483,-4.061,0.0
2024-09-08 21:00:00+00:00,11.15,0.436,-2.227,0.631,-3.219,0.0
2024-09-08 22:00:00+00:00,12.44,1.319,-1.888,1.907,-2.729,0.0
2024-09-08 23:00:00+00:00,10.73,2.029,-1.269,2.933,-1.834,0.0
2024-09-09 00:00:00+00:00,13.52,1.846,-0.353,2.668,-0.511,0.0
2024-09-09 01:00:00+00:00,13.27,2.097,0.417,3.032,0.602,0.0
2024-09-09 02:00:00+00:00,13.9,1.573,1.084,2.273,1.567,0.0
2024-09-09 03:00:00+00:00,13.87,1.161,1.905,1.677,2.754,0.0
2024-09-09 04:00:00+00:00,12.47,0.47,3.07,0.679,4.438,0.0
2024-09-09 05:00:00+00:00,12.1,-0.728,3.169,-1.052,4.581,0.0
2024-09-09 06:00:00+00:00,10.88,-1.622,2.337,-2.344,3.378,36.6
2024-09-09 07:00:00+00:00,11.36,-3.09,1.959,-4.466,2.832,150.2
2024-09-09 08:00:00+00:00,11.14,-4.052,0.512,-5.857,0.74,224.9
2024-09-09 09:00:00+00:00,10.36,-3.383,-1.045,-4.89,-1.51,355.7
2024-09-09 10:00:00+00:00,8.57,-2.98,-2.271,-4.308,-3.282,410.1
2024-09-09 11:00:00+00:00,6.14,-1.77,-3.462,-2.559,-5.005,528.0
2024-09-09 12:00:00+00:00,7.89,-0.174,-4.183,-0.251,-6.047,544.2
2024-09-09 13:00:00+00:00,9.31,1.593,-4.084,2.303,-5.904,528.0
2024-09-09 14:00:00+00:00,8.96,3.099,-3.003,4.479,-4.34,480.5
2024-09-09 15:00:00+00:00,9.73,3.513,-0.931,5.079,-1.346,404.9
2024-09-09 16:00:00+00:00,9.67,2.519,0.754,3.64,1.09,306.5
2024-09-09 17:00:00+00:00,10.73,2.256,2.516,3.261,3.637,191.8
2024-09-09 18:00:00+00:00,11.07,0.584,2.973,0.844,4.297,68.8
2024-09-09 19:00:00+00:00,12.81,-1.007,2.51,-1.456,3.629,0.0
2024-09-09 20:00:00+00:00,17.94,-2.206,1.802,-3.189,2.605,0.0
2024-09-09 21:00:00+00:00,17.13,-2.414,0.351,-3.489,0.507,0.0
2024-09-09 22:00:00+00:00,18.2,-2.897,-1.005,-4.187,-1.452,0.0
2024-09-09 23:00:00+00:00,20.62,-1.691,-1.675,-2.445,-2.421,0.0
2024-09-10 00:00:00+00:00,19.61,-1.106,-2.76,-1.599,-3.99,0.0
2024-09-10 01:00:00+00:00,19.96,0.257,-3.272,0.372,-4.729,0.0
2024-09-10 02:00:00+00:00,20.09,1.532,-2.486,2.215,-3.593,0.0
2024-09-10 03:00:00+00:00,22.09,2.302,-1.315,3.328,-1.9,0.0
2024-09-10 04:00:00+00:00,19.63,2.768,0.138,4.002,0.2,0.0
2024-09-10 05:00:00+00:00,16.9,2.185,1.94,3.158,2.805,0.0
2024-09-10 06:00:00+00:00,15.45,0.502,2.68,0.726,3.874,62.3
2024-09-10 07:00:00+00:00,16.8,-1.143,2.525,-1.653,3.65,185.4
2024-09-10 08:00:00+00:00,12.94,-2.292,1.306,-3.312,1.887,300.1
2024-09-10 09:00:00+00:00,11.52,-2.548,-0.318,-3.684,-0.459,398.6
2024-09-10 10:00:00+00:00,13.94,-1.936,-1.788,-2.798,-2.585,474.2
2024-09-10 11:00:00+00:00,13.76,-0.575,-2.723,-0.832,-3.936,521.7
2024-09-10 12:00:00+00:00,13.45,1.268,-2.814,1.832,-4.068,425.1
2024-09-10 13:00:00+00:00,11.64,3.795,-1.744,5.486,-2.521,426.3
2024-09-10 14:00:00+00:00,10.77,6.397,1.658,9.247,2.396,415.9
2024-09-10 15:00:00+00:00,14.8,3.9,5.562,5.637,8.04,282.1
2024-09-10 16:00:00+00:00,15.63,-0.78,6.154,-1.128,8.895,214.3
2024-09-10 17:00:00+00:00,14.7,-5.343,4.344,-7.723,6.279,94.4
2024-09-10 18:00:00+00:00,13.87,-6.887,-1.219,-9.954,-1.762,31.4
2024-09-10 19:00:00+00:00,16.76,-3.014,-5.57,-4.357,-8.051,0.0
2024-09-10 20:00:00+00:00,18.11,2.225,-5.457,3.216,-7.887,0.0
2024-09-10 21:00:00+00:00,19.89,5.322,-1.363,7.693,-1.97,0.0
2024-09-10 22:00:00+00:00,17.75,5.139,4.23,7.428,6.114,0.0
2024-09-10 23:00:00+00:00,17.72,-0.002,5.111,-0.003,7.388,0.0
2024-09-11 00:00:00+00:00,16.07,-4.06,2.87,-5.869,4.149,0.0
2024-09-11 01:00:00+00:00,19.03,-4.739,-2.132,-6.849,-3.082,0.0
2024-09-11 02:00:00+00:00,19.06,-0.634,-5.489,-0.917,-7.935,0.0
2024-09-11 03:00:00+00:00,19.55,3.442,-2.847,4.975,-4.115,0.0
2024-09-11 04:00:00+00:00,17.06,4.562,1.451,6.594,2.097,0.0
2024-09-11 05:00:00+00:00,16.42,0.985,4.638,1.424,6.704,0.0
2024-09-11 06:00:00+00:00,16.26,-3.283,2.986,-4.745,4.316,12.3
2024-09-11 07:00:00+00:00,14.69,-3.563,-1.042,-5.15,-1.506,59.7
2024-09-11 08:00:00+00:00,16.35,-1.106,-5.04,-1.599,-7.285,64.6
2024-09-11 09:00:00+00:00,13.64,3.898,-3.534,5.634,-5.108,148.6
2024-09-11 10:00:00+00:00,14.12,4.957,1.516,7.166,2.191,102.9
2024-09-11 11:00:00+00:00,12.97,1.39,3.449,2.009,4.986,278.2
2024-09-11 12:00:00+00:00,12.84,-1.975,3.054,-2.855,4.414,371.0
2024-09-11 13:00:00+00:00,13.11,-2.94,0.019,-4.25,0.028,113.4
2024-09-11 14:00:00+00:00,8.33,-1.652,-2.337,-2.388,-3.378,102.9
2024-09-11 15:00:00+00:00,8.52,0.833,-2.76,1.204,-3.989,322.5
2024-09-11 16:00:00+00:00,6.14,2.6,-0.973,3.759,-1.407,293.7
2024-09-11 17:00:00+00:00,7.59,2.295,1.224,3.317,1.77,179.0
2024-09-11 18:00:00+00:00,9.78,0.494,2.238,0.715,3.235,55.8
2024-09-11 19:00:00+00:00,10.22,-1.227,2.042,-1.773,2.952,0.0
2024-09-11 20:00:00+00:00,12.69,-2.364,0.414,-3.417,0.599,0.0
2024-09-11 21:00:00+00:00,14.52,-2.399,-2.07,-3.467,-2.992,0.0
2024-09-11 22:00:00+00:00,14.59,0.126,-3.047,0.182,-4.404,0.0
2024-09-11 23:00:00+00:00,15.39,2.35,-1.586,3.396,-2.292,0.0
2024-09-12 00:00:00+00:00,18.1,3.195,0.842,4.619,1.216,0.0
2024-09-12 01:00:00+00:00,16.64,1.42,2.744,2.053,3.966,0.0
2024-09-12 02:00:00+00:00,19.21,-1.088,2.417,-1.572,3.493,0.0
2024-09-12 03:00:00+00:00,18.36,-2.609,0.768,-3.771,1.11,0.0
2024-09-12 04:00:00+00:00,19.03,-2.251,-1.388,-3.254,-2.007,0.0
2024-09-12 05:00:00+00:00,17.46,-0.549,-2.593,-0.794,-3.749,0.0
2024-09-12 06:00:00+00:00,14.37,1.252,-1.855,1.81,-2.681,49.3
2024-09-12 07:00:00+00:00,13.36,2.196,-0.532,3.175,-0.769,172.5
2024-09-12 08:00:00+00:00,11.45,2.252,1.335,3.254,1.929,287.3
2024-09-12 09:00:00+00:00,11.27,0.705,2.272,1.019,3.284,373.0
2024-09-12 10:00:00+00:00,11.63,-0.919,1.996,-1.329,2.885,383.0
2024-09-12 11:00:00+00:00,10.15,-2.297,1.144,-3.321,1.654,309.8
2024-09-12 12:00:00+00:00,9.36,-2.442,-0.579,-3.53,-0.838,385.9
2024-09-12 13:00:00+00:00,6.36,-1.538,-2.025,-2.223,-2.927,333.2
2024-09-12 14:00:00+00:00,5.71,0.261,-3.066,0.377,-4.432,139.5
2024-09-12 15:00:00+00:00,5.85,2.789,-2.298,4.031,-3.322,111.3
2024-09-12 16:00:00+00:00,3.28,4.078,0.652,5.895,0.943,63.2
2024-09-12 17:00:00+00:00,5.94,1.711,3.403,2.474,4.918,37.9
2024-09-12 18:00:00+00:00,5.49,-1.918,3.751,-2.772,5.422,10.8
2024-09-12 19:00:00+00:00,6.82,-4.194,0.736,-6.062,1.064,0.0
2024-09-12 20:00:00+00:00,7.51,-3.117,-2.513,-4.505,-3.632,0.0
2024-09-12 21:00:00+00:00,9.89,-0.027,-3.836,-0.039,-5.545,0.0
2024-09-12 22:00:00+00:00,9.64,2.598,-2.028,3.755,-2.932,0.0
2024-09-12 23:00:00+00:00,11.7,2.983,0.76,4.312,1.098,0.0
2024-09-13 00:00:00+00:00,11.64,1.103,2.676,1.595,3.868,0.0
2024-09-13 01:00:00+00:00,10.51,-1.121,1.944,-1.621,2.81,0.0
2024-09-13 02:00:00+00:00,11.47,-2.773,0.433,-4.008,0.627,0.0
2024-09-13 03:00:00+00:00,13.71,-1.76,-1.619,-2.543,-2.341,0.0
2024-09-13 04:00:00+00:00,11.79,0.215,-2.62,0.311,-3.787,0.0
2024-09-13 05:00:00+00:00,12.36,2.385,-1.579,3.447,-2.283,0.0
2024-09-13 06:00:00+00:00,13.95,3.275,1.197,4.733,1.731,18.3
2024-09-13 07:00:00+00:00,15.08,0.646,2.681,0.934,3.876,36.5
2024-09-13 08:00:00+00:00,14.75,-2.069,2.442,-2.99,3.53,66.2
2024-09-13 09:00:00+00:00,13.92,-3.503,-0.141,-5.063,-0.204,151.0
2024-09-13 10:00:00+00:00,12.16,-2.036,-3.234,-2.943,-4.675,174.9
2024-09-13 11:00:00+00:00,12.52,1.002,-2.696,1.448,-3.897,252.7
2024-09-13 12:00:00+00:00,12.77,2.789,-1.055,4.031,-1.525,257.8
2024-09-13 13:00:00+00:00,13.53,3.221,1.542,4.656,2.229,345.3
2024-09-13 14:00:00+00:00,14.29,1.039,3.46,1.502,5.001,218.3
2024-09-13 15:00:00+00:00,11.86,-2.027,2.937,-2.931,4.245,86.1
2024-09-13 16:00:00+00:00,11.67,-2.534,0.114,-3.663,0.164,61.8
2024-09-13 17:00:00+00:00,8.12,-2.304,-2.456,-3.33,-3.55,140.0
2024-09-13 18:00:00+00:00,8.0,0.561,-3.857,0.811,-5.575,26.2
2024-09-13 19:00:00+00:00,6.22,3.428,-2.121,4.955,-3.065,0.0
2024-09-13 20:00:00+00:00,5.89,3.809,1.248,5.505,1.804,0.0
2024-09-13 21:00:00+00:00,6.62,1.77,4.434,2.558,6.408,0.0
2024-09-13 22:00:00+00:00,9.23,-1.734,3.178,-2.506,4.594,0.0
2024-09-13 23:00:00+00:00,8.51,-3.32,0.575,-4.798,0.831,0.0
2024-09-14 00:00:00+00:00,8.32,-2.327,-2.058,-3.363,-2.974,0.0
2024-09-14 01:00:00+00:00,13.97,-0.233,-3.102,-0.337,-4.483,0.0
2024-09-14 02:00:00+00:00,11.98,1.968,-2.826,2.845,-4.084,0.0
2024-09-14 03:00:00+00:00,10.13,2.914,-0.934,4.213,-1.35,0.0
2024-09-14 04:00:00+00:00,13.52,3.017,1.26,4.36,1.822,0.0
2024-09-14 05:00:00+00:00,13.14,1.33,2.526,1.922,3.651,0.0
2024-09-14 06:00:00+00:00,9.98,-1.193,3.902,-1.724,5.64,11.9
2024-09-14 07:00:00+00:00,8.7,-3.564,2.336,-5.152,3.377,52.2
2024-09-14 08:00:00+00:00,11.26,-3.418,-0.286,-4.94,-0.414,123.4
2024-09-14 09:00:00+00:00,8.11,-2.7,-2.449,-3.902,-3.54,82.1
2024-09-14 10:00:00+00:00,7.56,-0.413,-3.429,-0.597,-4.956,98.7
2024-09-14 11:00:00+00:00,8.75,2.366,-2.948,3.42,-4.261,149.9
2024-09-14 12:00:00+00:00,9.76,3.66,-0.158,5.291,-0.229,112.8
2024-09-14 13:00:00+00:00,11.47,2.329,2.618,3.367,3.784,242.9
2024-09-14 14:00:00+00:00,13.01,-0.365,3.547,-0.527,5.127,219.3
2024-09-14 15:00:00+00:00,12.16,-3.103,2.153,-4.485,3.111,82.1
2024-09-14 16:00:00+00:00,11.9,-4.415,-0.933,-6.381,-1.349,60.4
2024-09-14 17:00:00+00:00,12.59,-2.368,-3.855,-3.422,-5.573,35.1
2024-09-14 18:00:00+00:00,12.34,1.157,-5.034,1.672,-7.277,8.0
2024-09-14 19:00:00+00:00,11.36,4.469,-3.192,6.46,-4.614,0.0
2024-09-14 20:00:00+00:00,12.38,5.782,0.575,8.358,0.831,0.0
2024-09-14 21:00:00+00:00,13.8,4.505,5.146,6.511,7.438,0.0
2024-09-14 22:00:00+00:00,17.89,-0.757,6.473,-1.095,9.357,0.0
2024-09-14 23:00:00+00:00,20.97,-4.822,3.524,-6.97,5.094,0.0
2024-09-15 00:00:00+00:00,23.19,-5.679,-1.202,-8.208,-1.738,0.0
2024-09-15 01:00:00+00:00,20.36,-2.65,-4.849,-3.831,-7.01,0.0
2024-09-15 02:00:00+00:00,15.88,2.05,-4.97,2.963,-7.184,0.0
2024-09-15 03:00:00+00:00,17.37,4.619,-1.196,6.677,-1.729,0.0
2024-09-15 04:00:00+00:00,20.74,3.851,2.955,5.567,4.272,0.0
2024-09-15 05:00:00+00:00,19.78,0.272,4.859,0.393,7.023,0.0
2024-09-15 06:00:00+00:00,20.45,-3.859,3.483,-5.578,5.034,6.5
2024-09-15 07:00:00+00:00,19.98,-4.538,-0.089,-6.559,-0.128,33.6
2024-09-15 08:00:00+00:00,19.42,-4.042,-3.807,-5.842,-5.503,58.9
2024-09-15 09:00:00+00:00,19.16,-0.652,-4.968,-0.943,-7.18,80.6
2024-09-15 10:00:00+00:00,17.56,2.275,-3.846,3.289,-5.559,97.3
2024-09-15 11:00:00+00:00,14.76,4.176,-1.737,6.036,-2.511,107.8
2024-09-15 12:00:00+00:00,13.1,4.313,1.119,6.234,1.617,111.3
2024-09-15 13:00:00+00:00,12.98,3.051,3.582,4.411,5.177,111.7
2024-09-15 14:00:00+00:00,12.1,0.998,4.607,1.442,6.658,197.7
2024-09-15 15:00:00+00:00,11.06,-1.269,4.113,-1.834,5.945,80.6
2024-09-15 16:00:00+00:00,9.45,-2.74,3.061,-3.961,4.424,58.9
2024-09-15 17:00:00+00:00,7.84,-3.041,1.134,-4.396,1.64,33.6
2024-09-15 18:00:00+00:00,9.05,-3.563,-0.427,-5.15,-0.618,6.5
2024-09-15 19:00:00+00:00,10.76,-2.916,-2.153,-4.215,-3.113,0.0
2024-09-15 20:00:00+00:00,12.31,-1.508,-3.181,-2.18,-4.598,0.0
2024-09-15 21:00:00+00:00,11.51,0.612,-3.925,0.884,-5.674,0.0
2024-09-15 22:00:00+00:00,13.61,2.713,-3.31,3.921,-4.785,0.0
2024-09-15 23:00:00+00:00,15.88,3.707,-1.104,5.358,-1.595,0.0
2024-09-16 00:00:00+00:00,12.86,4.492,1.676,6.493,2.422,0.0
2024-09-16 01:00:00+00:00,12.21,2.482,3.911,3.588,5.652,0.0
2024-09-16 02:00:00+00:00,11.08,-0.604,4.949,-0.873,7.154,0.0
2024-09-16 03:00:00+00:00,9.26,-4.15,3.995,-5.998,5.774,0.0
2024-09-16 04:00:00+00:00,9.59,-5.694,0.415,-8.23,0.6,0.0
2024-09-16 05:00:00+00:00,9.55,-4.914,-3.65,-7.103,-5.275,0.0
2024-09-16 06:00:00+00:00,9.13,-1.581,-4.966,-2.285,-7.178,5.1
2024-09-16 07:00:00+00:00,8.54,2.017,-5.665,2.915,-8.189,32.2
2024-09-16 08:00:00+00:00,11.3,4.534,-3.836,6.554,-5.545,57.5
2024-09-16 09:00:00+00:00,9.08,5.179,-0.532,7.486,-0.768,244.0
2024-09-16 10:00:00+00:00,10.92,4.3,2.246,6.215,3.246,302.3
2024-09-16 11:00:00+00:00,9.02,2.694,4.669,3.894,6.749,483.4
2024-09-16 12:00:00+00:00,8.62,-0.484,4.497,-0.699,6.5,499.6
2024-09-16 13:00:00+00:00,8.59,-3.035,3.89,-4.387,5.623,483.4
2024-09-16 14:00:00+00:00,9.26,-4.175,1.747,-6.035,2.525,435.8
2024-09-16 15:00:00+00:00,10.31,-4.553,-0.4,-6.58,-0.578,360.0
2024-09-16 16:00:00+00:00,9.28,-3.007,-1.776,-4.347,-2.567,261.3
2024-09-16 17:00:00+00:00,8.07,-2.285,-3.53,-3.303,-5.102,146.4
2024-09-16 18:00:00+00:00,8.83,-0.444,-4.379,-0.642,-6.329,23.1
2024-09-16 19:00:00+00:00,11.62,1.705,-3.916,2.465,-5.66,0.0
2024-09-16 20:00:00+00:00,11.4,3.258,-1.95,4.709,-2.818,0.0
2024-09-16 21:00:00+00:00,12.81,3.452,0.502,4.99,0.725,0.0
2024-09-16 22:00:00+00:00,11.92,2.086,2.061,3.016,2.979,0.0
2024-09-16 23:00:00+00:00,12.43,0.769,2.875,1.111,4.156,0.0
2024-09-17 00:00:00+00:00,13.49,-0.979,3.773,-1.415,5.454,0.0
2024-09-17 01:00:00+00:00,11.29,-3.109,3.235,-4.493,4.676,0.0
2024-09-17 02:00:00+00:00,10.71,-6.01,1.772,-8.686,2.562,0.0
2024-09-17 03:00:00+00:00,9.79,-4.407,-1.54,-6.37,-2.227,0.0
2024-09-17 04:00:00+00:00,10.56,-2.807,-3.886,-4.058,-5.617,0.0
2024-09-17 05:00:00+00:00,11.13,-0.146,-4.807,-0.211,-6.949,0.0
2024-09-17 06:00:00+00:00,13.04,2.268,-3.451,3.278,-4.988,3.6
2024-09-17 07:00:00+00:00,10.76,4.024,-1.435,5.816,-2.074,30.8
2024-09-17 08:00:00+00:00,8.48,4.598,1.159,6.646,1.675,56.1
2024-09-17 09:00:00+00:00,8.79,4.823,4.783,6.971,6.914,77.8
2024-09-17 10:00:00+00:00,5.52,1.847,5.868,2.67,8.481,94.4
2024-09-17 11:00:00+00:00,3.57,-1.102,5.373,-1.592,7.766,104.9
2024-09-17 12:00:00+00:00,4.6,-2.726,2.925,-3.94,4.228,108.5
2024-09-17 13:00:00+00:00,0.79,-3.162,0.689,-4.57,0.995,104.9
2024-09-17 14:00:00+00:00,1.11,-2.923,-1.304,-4.226,-1.885,214.6
2024-09-17 15:00:00+00:00,2.12,-1.997,-2.997,-2.886,-4.333,191.5
2024-09-17 16:00:00+00:00,4.16,-0.025,-3.029,-0.037,-4.378,58.9
2024-09-17 17:00:00+00:00,6.98,1.54,-2.513,2.226,-3.632,30.8
2024-09-17 18:00:00+00:00,6.76,2.756,-1.555,3.984,-2.247,3.6
2024-09-17 19:00:00+00:00,10.03,2.812,-0.077,4.065,-0.111,0.0
2024-09-17 20:00:00+00:00,14.03,3.175,1.742,4.589,2.518,0.0
2024-09-17 21:00:00+00:00,15.12,1.671,2.745,2.415,3.968,0.0
2024-09-17 22:00:00+00:00,15.38,0.286,3.763,0.414,5.44,0.0
2024-09-17 23:00:00+00:00,14.03,-1.581,3.988,-2.285,5.764,0.0
2024-09-18 00:00:00+00:00,14.94,-3.641,3.484,-5.262,5.036,0.0
2024-09-18 01:00:00+00:00,17.4,-4.889,1.647,-7.067,2.38,0.0
2024-09-18 02:00:00+00:00,17.19,-6.324,-0.871,-9.141,-1.259,0.0
2024-09-18 03:00:00+00:00,15.18,-5.623,-3.857,-8.128,-5.575,0.0
2024-09-18 04:00:00+00:00,14.51,-3.32,-5.412,-4.799,-7.823,0.0
2024-09-18 05:00:00+00:00,12.35,-0.729,-5.263,-1.054,-7.607,0.0
2024-09-18 06:00:00+00:00,11.55,1.747,-5.277,2.524,-7.628,2.2
2024-09-18 07:00:00+00:00,9.95,3.432,-3.562,4.961,-5.149,93.1
2024-09-18 08:00:00+00:00,12.51,3.392,-1.329,4.904,-1.921,248.2
2024-09-18 09:00:00+00:00,12.78,4.541,0.57,6.564,0.823,271.7
2024-09-18 10:00:00+00:00,12.58,5.782,3.516,8.357,5.082,422.7
2024-09-18 11:00:00+00:00,12.31,3.561,5.07,5.148,7.329,470.3
2024-09-18 12:00:00+00:00,13.97,1.754,6.824,2.536,9.864,486.5
2024-09-18 13:00:00+00:00,13.12,-0.605,7.198,-0.875,10.404,434.6
2024-09-18 14:00:00+00:00,11.59,-2.207,6.128,-3.191,8.858,422.7
2024-09-18 15:00:00+00:00,12.62,-2.404,4.112,-3.474,5.943,346.9
2024-09-18 16:00:00+00:00,13.08,-2.514,3.143,-3.633,4.544,248.2
2024-09-18 17:00:00+00:00,14.23,-2.884,2.838,-4.169,4.102,133.3
2024-09-18 18:00:00+00:00,13.6,-2.933,2.394,-4.24,3.46,9.9
2024-09-18 19:00:00+00:00,11.1,-4.255,2.721,-6.151,3.933,0.0
2024-09-18 20:00:00+00:00,11.7,-4.263,2.056,-6.161,2.972,0.0
2024-09-18 21:00:00+00:00,12.01,-4.154,1.438,-6.005,2.079,0.0
2024-09-18 22:00:00+00:00,13.27,-4.56,0.552,-6.592,0.798,0.0
2024-09-18 23:00:00+00:00,14.17,-3.45,-0.119,-4.987,-0.172,0.0
2024-09-19 00:00:00+00:00,11.89,-4.076,-0.524,-5.892,-0.757,0.0
2024-09-19 01:00:00+00:00,15.96,-3.339,-0.605,-4.827,-0.874,0.0
2024-09-19 02:00:00+00:00,13.44,-3.511,-0.815,-5.074,-1.179,0.0
2024-09-19 03:00:00+00:00,14.17,-3.542,-0.859,-5.12,-1.242,0.0
2024-09-19 04:00:00+00:00,11.86,-4.029,-1.315,-5.824,-1.901,0.0
2024-09-19 05:00:00+00:00,11.89,-3.381,-1.626,-4.887,-2.35,0.0
2024-09-19 06:00:00+00:00,9.35,-2.636,-1.862,-3.81,-2.692,3.3
2024-09-19 07:00:00+00:00,9.07,-1.986,-1.783,-2.87,-2.577,63.0
2024-09-19 08:00:00+00:00,9.8,-1.72,-1.865,-2.486,-2.695,170.8
2024-09-19 09:00:00+00:00,9.32,-1.589,-2.045,-2.297,-2.956,212.1
2024-09-19 10:00:00+00:00,11.44,-1.654,-2.555,-2.39,-3.693,382.7
2024-09-19 11:00:00+00:00,11.03,-1.705,-2.89,-2.465,-4.177,378.1
2024-09-19 12:00:00+00:00,10.06,-1.571,-3.097,-2.271,-4.476,270.4
2024-09-19 13:00:00+00:00,10.77,-0.833,-2.611,-1.203,-3.774,115.5
2024-09-19 14:00:00+00:00,10.38,-0.256,-2.469,-0.371,-3.569,91.5
2024-09-19 15:00:00+00:00,13.35,0.26,-1.995,0.376,-2.884,74.9
2024-09-19 16:00:00+00:00,10.68,0.738,-1.795,1.067,-2.595,53.2
2024-09-19 17:00:00+00:00,12.77,1.1,-1.618,1.591,-2.339,27.9
2024-09-19 18:00:00+00:00,13.74,1.571,-1.518,2.271,-2.195,0.7
2024-09-19 19:00:00+00:00,14.76,2.373,-1.691,3.43,-2.444,0.0
2024-09-19 20:00:00+00:00,13.09,2.236,-1.603,3.232,-2.317,0.0
2024-09-19 21:00:00+00:00,17.58,2.363,-1.514,3.416,-2.189,0.0
2024-09-19 22:00:00+00:00,18.56,2.582,-1.38,3.732,-1.995,0.0
2024-09-19 23:00:00+00:00,18.46,3.032,-1.29,4.383,-1.865,0.0
2024-09-20 00:00:00+00:00,18.22,3.55,-1.179,5.131,-1.704,0.0
2024-09-20 01:00:00+00:00,18.69,3.736,-1.087,5.4,-1.572,0.0
2024-09-20 02:00:00+00:00,18.97,3.811,-1.347,5.508,-1.947,0.0
2024-09-20 03:00:00+00:00,15.66,4.402,-1.63,6.363,-2.355,0.0
2024-09-20 04:00:00+00:00,17.28,3.509,-1.55,5.072,-2.24,0.0
2024-09-20 05:00:00+00:00,16.51,2.798,-1.85,4.044,-2.673,0.0
2024-09-20 06:00:00+00:00,14.96,2.693,-2.584,3.892,-3.735,0.0
2024-09-20 07:00:00+00:00,12.81,2.033,-2.652,2.938,-3.834,104.5
2024-09-20 08:00:00+00:00,13.28,1.759,-3.091,2.542,-4.468,183.9
2024-09-20 09:00:00+00:00,11.78,1.479,-3.879,2.138,-5.606,159.5
2024-09-20 10:00:00+00:00,9.87,0.98,-3.68,1.417,-5.319,285.6
2024-09-20 11:00:00+00:00,11.18,1.015,-3.88,1.468,-5.608,214.6
2024-09-20 12:00:00+00:00,10.61,1.235,-5.148,1.785,-7.441,161.6
2024-09-20 13:00:00+00:00,8.43,1.238,-5.461,1.789,-7.893,100.6
2024-09-20 14:00:00+00:00,7.46,0.842,-5.534,1.217,-8.0,90.1
2024-09-20 15:00:00+00:00,4.82,1.143,-7.298,1.652,-10.548,105.5
2024-09-20 16:00:00+00:00,4.66,1.277,-6.976,1.846,-10.083,208.6
2024-09-20 17:00:00+00:00,3.78,1.294,-7.114,1.87,-10.283,75.5
2024-09-20 18:00:00+00:00,4.51,0.373,-6.776,0.539,-9.794,0.0
2024-09-20 19:00:00+00:00,3.86,0.068,-5.073,0.098,-7.333,0.0
2024-09-20 20:00:00+00:00,4.63,0.236,-4.748,0.341,-6.863,0.0
2024-09-20 21:00:00+00:00,10.11,0.283,-4.272,0.409,-6.175,0.0
2024-09-20 22:00:00+00:00,10.64,0.054,-4.256,0.078,-6.151,0.0
2024-09-20 23:00:00+00:00,11.48,-0.088,-4.912,-0.127,-7.1,0.0
2024-09-21 00:00:00+00:00,12.73,-0.426,-4.934,-0.616,-7.131,0.0
2024-09-21 01:00:00+00:00,14.91,-0.885,-5.179,-1.279,-7.486,0.0
2024-09-21 02:00:00+00:00,14.23,-1.598,-4.846,-2.309,-7.005,0.0
2024-09-21 03:00:00+00:00,14.72,-2.616,-5.646,-3.781,-8.161,0.0
2024-09-21 04:00:00+00:00,14.35,-3.343,-6.149,-4.832,-8.887,0.0
2024-09-21 05:00:00+00:00,10.36,-3.331,-6.536,-4.815,-9.447,0.0
2024-09-21 06:00:00+00:00,7.68,-3.175,-7.896,-4.589,-11.413,0.0
2024-09-21 07:00:00+00:00,5.07,-1.349,-8.746,-1.95,-12.642,73.6
2024-09-21 08:00:00+00:00,2.56,0.972,-7.772,1.405,-11.234,174.3
2024-09-21 09:00:00+00:00,1.31,2.756,-5.42,3.983,-7.834,210.4
2024-09-21 10:00:00+00:00,-0.08,4.598,-4.602,6.646,-6.652,402.9
2024-09-21 11:00:00+00:00,3.22,6.616,-4.045,9.563,-5.846,447.7
2024-09-21 12:00:00+00:00,4.81,7.457,-2.518,10.779,-3.639,466.8
2024-09-21 13:00:00+00:00,7.18,6.704,-0.683,9.69,-0.987,427.1
2024-09-21 14:00:00+00:00,10.5,6.139,0.484,8.873,0.7,402.9
2024-09-21 15:00:00+00:00,10.01,6.535,1.604,9.446,2.319,327.2
2024-09-21 16:00:00+00:00,9.38,4.729,1.907,6.835,2.756,221.8
2024-09-21 17:00:00+00:00,8.5,4.806,2.805,6.947,4.055,44.0
2024-09-21 18:00:00+00:00,9.59,5.398,3.877,7.803,5.604,0.0
2024-09-21 19:00:00+00:00,11.12,3.898,3.726,5.635,5.386,0.0
2024-09-21 20:00:00+00:00,10.5,3.114,3.429,4.502,4.956,0.0
2024-09-21 21:00:00+00:00,11.38,2.453,3.322,3.545,4.802,0.0
2024-09-21 22:00:00+00:00,12.41,2.276,3.091,3.29,4.468,0.0
2024-09-21 23:00:00+00:00,11.95,2.083,2.926,3.011,4.229,0.0
2024-09-22 00:00:00+00:00,11.44,2.137,2.642,3.09,3.818,0.0
2024-09-22 01:00:00+00:00,12.83,2.343,2.264,3.387,3.272,0.0
2024-09-22 02:00:00+00:00,12.95,2.951,2.111,4.266,3.052,0.0
2024-09-22 03:00:00+00:00,14.78,2.689,1.817,3.887,2.627,0.0
2024-09-22 04:00:00+00:00,13.88,2.565,1.872,3.708,2.707,0.0
2024-09-22 05:00:00+00:00,14.6,2.834,2.32,4.096,3.354,0.0
2024-09-22 06:00:00+00:00,15.38,2.664,2.413,3.85,3.488,0.0
2024-09-22 07:00:00+00:00,10.79,2.691,2.888,3.889,4.175,84.8
2024-09-22 08:00:00+00:00,9.35,1.945,3.116,2.811,4.504,221.8
2024-09-22 09:00:00+00:00,9.76,1.452,3.787,2.098,5.473,303.9
2024-09-22 10:00:00+00:00,8.98,0.482,3.91,0.697,5.652,396.3
2024-09-22 11:00:00+00:00,8.88,-0.178,4.056,-0.257,5.863,443.9
2024-09-22 12:00:00+00:00,9.17,-0.852,4.037,-1.232,5.835,460.1
2024-09-22 13:00:00+00:00,10.67,-1.966,5.33,-2.842,7.705,403.1
2024-09-22 14:00:00+00:00,6.41,-1.976,4.7,-2.856,6.794,250.9
2024-09-22 15:00:00+00:00,7.65,-2.141,4.882,-3.094,7.057,320.5
2024-09-22 16:00:00+00:00,8.14,-1.582,3.932,-2.286,5.683,221.8
2024-09-22 17:00:00+00:00,4.65,-1.77,4.324,-2.558,6.251,87.1
2024-09-22 18:00:00+00:00,6.65,-1.582,4.063,-2.286,5.873,0.0
2024-09-22 19:00:00+00:00,9.19,-1.866,4.253,-2.697,6.147,0.0
2024-09-22 20:00:00+00:00,6.99,-2.024,3.627,-2.925,5.243,0.0
2024-09-22 21:00:00+00:00,8.66,-2.279,3.013,-3.294,4.356,0.0
2024-09-22 22:00:00+00:00,12.56,-2.659,2.71,-3.844,3.918,0.0
2024-09-22 23:00:00+00:00,15.54,-2.435,1.915,-3.52,2.768,0.0
2024-09-23 00:00:00+00:00,15.98,-2.792,1.702,-4.035,2.46,0.0
2024-09-23 01:00:00+00:00,16.16,-2.337,1.161,-3.379,1.678,0.0
2024-09-23 02:00:00+00:00,17.59,-2.448,0.904,-3.539,1.306,0.0
2024-09-23 03:00:00+00:00,16.23,-2.74,0.822,-3.961,1.189,0.0
2024-09-23 04:00:00+00:00,14.98,-3.514,0.734,-5.079,1.061,0.0
2024-09-23 05:00:00+00:00,14.79,-3.248,0.004,-4.694,0.006,0.0
2024-09-23 06:00:00+00:00,15.41,-3.302,-0.779,-4.773,-1.127,0.0
2024-09-23 07:00:00+00:00,16.82,-3.676,-1.862,-5.314,-2.691,22.1
2024-09-23 08:00:00+00:00,14.27,-2.945,-3.104,-4.256,-4.486,47.3
2024-09-23 09:00:00+00:00,12.71,-1.702,-4.203,-2.46,-6.075,69.1
2024-09-23 10:00:00+00:00,10.35,-0.125,-4.11,-0.18,-5.941,85.7
2024-09-23 11:00:00+00:00,8.65,1.606,-3.742,2.322,-5.409,273.8
2024-09-23 12:00:00+00:00,5.75,2.856,-2.701,4.129,-3.904,453.5
2024-09-23 13:00:00+00:00,7.08,2.915,-1.011,4.214,-1.462,437.3
2024-09-23 14:00:00+00:00,8.07,3.003,0.446,4.341,0.645,389.6
2024-09-23 15:00:00+00:00,6.58,4.216,2.627,6.094,3.797,215.2
2024-09-23 16:00:00+00:00,6.81,2.915,4.221,4.213,6.102,112.6
2024-09-23 17:00:00+00:00,8.15,0.872,4.837,1.261,6.991,68.5
2024-09-23 18:00:00+00:00,7.43,-1.325,4.443,-1.915,6.423,0.0
2024-09-23 19:00:00+00:00,9.61,-3.698,3.243,-5.345,4.688,0.0
2024-09-23 20:00:00+00:00,13.69,-4.114,0.924,-5.947,1.335,0.0
2024-09-23 21:00:00+00:00,13.28,-4.767,-1.358,-6.891,-1.964,0.0
2024-09-23 22:00:00+00:00,11.71,-3.504,-2.882,-5.065,-4.165,0.0
2024-09-23 23:00:00+00:00,10.42,-2.223,-4.485,-3.214,-6.483,0.0
2024-09-24 00:00:00+00:00,12.44,-0.261,-7.878,-0.377,-11.387,0.0
2024-09-24 01:00:00+00:00,11.06,1.992,-5.492,2.879,-7.939,0.0
2024-09-24 02:00:00+00:00,11.76,3.198,-3.877,4.623,-5.604,0.0
2024-09-24 03:00:00+00:00,10.29,4.279,-2.606,6.185,-3.767,0.0
2024-09-24 04:00:00+00:00,9.16,4.478,-1.496,6.472,-2.163,0.0
2024-09-24 05:00:00+00:00,9.87,4.376,-0.496,6.325,-0.716,0.0
2024-09-24 06:00:00+00:00,8.23,4.092,0.403,5.915,0.582,0.0
2024-09-24 07:00:00+00:00,9.27,3.211,1.163,4.642,1.681,93.7
2024-09-24 08:00:00+00:00,9.09,2.994,1.793,4.328,2.592,208.6
2024-09-24 09:00:00+00:00,10.52,2.211,2.215,3.195,3.202,307.3
2024-09-24 10:00:00+00:00,10.69,1.488,2.525,2.15,3.649,371.0
2024-09-24 11:00:00+00:00,9.37,0.986,2.676,1.425,3.868,362.7
2024-09-24 12:00:00+00:00,7.79,0.454,2.659,0.656,3.844,375.8
2024-09-24 13:00:00+00:00,8.24,-0.187,2.421,-0.271,3.499,430.6
2024-09-24 14:00:00+00:00,5.68,-0.612,2.31,-0.884,3.338,383.0
2024-09-24 15:00:00+00:00,4.58,-0.816,1.987,-1.179,2.872,307.3
2024-09-24 16:00:00+00:00,3.03,-1.049,1.994,-1.517,2.882,208.6
2024-09-24 17:00:00+00:00,3.84,-1.48,1.909,-2.14,2.76,93.7
2024-09-24 18:00:00+00:00,5.77,-1.788,1.39,-2.585,2.008,0.0
2024-09-24 19:00:00+00:00,7.8,-2.226,0.769,-3.217,1.111,0.0
2024-09-24 20:00:00+00:00,9.63,-2.139,0.244,-3.092,0.353,0.0
2024-09-24 21:00:00+00:00,13.01,-1.622,-0.104,-2.345,-0.15,0.0
2024-09-24 22:00:00+00:00,12.94,-1.66,-0.397,-2.399,-0.573,0.0
2024-09-24 23:00:00+00:00,12.61,-1.414,-0.746,-2.044,-1.078,0.0
2024-09-25 00:00:00+00:00,14.05,-1.371,-1.25,-1.982,-1.807,0.0
2024-09-25 01:00:00+00:00,13.79,-1.081,-1.564,-1.562,-2.261,0.0
2024-09-25 02:00:00+00:00,17.92,-0.53,-1.799,-0.767,-2.6,0.0
2024-09-25 03:00:00+00:00,17.05,-0.01,-1.731,-0.014,-2.502,0.0
2024-09-25 04:00:00+00:00,15.24,0.408,-1.735,0.59,-2.508,0.0
2024-09-25 05:00:00+00:00,15.25,0.839,-1.321,1.213,-1.91,0.0
2024-09-25 06:00:00+00:00,14.44,1.01,-0.644,1.459,-0.931,0.0
2024-09-25 07:00:00+00:00,13.19,0.995,-0.107,1.439,-0.155,87.1
2024-09-25 08:00:00+00:00,11.53,1.263,0.419,1.825,0.605,170.5
2024-09-25 09:00:00+00:00,7.96,1.017,0.981,1.471,1.417,165.0
2024-09-25 10:00:00+00:00,6.29,0.643,1.58,0.93,2.284,284.0
2024-09-25 11:00:00+00:00,6.38,0.051,1.227,0.074,1.774,185.7
2024-09-25 12:00:00+00:00,3.67,-0.298,1.067,-0.431,1.542,251.0
2024-09-25 13:00:00+00:00,3.68,-0.642,0.86,-0.927,1.243,252.7
2024-09-25 14:00:00+00:00,5.79,-0.813,0.502,-1.175,0.726,169.4
2024-09-25 15:00:00+00:00,4.81,-0.862,0.126,-1.246,0.181,173.8
2024-09-25 16:00:00+00:00,2.77,-0.921,-0.24,-1.331,-0.346,181.2
2024-09-25 17:00:00+00:00,2.18,-0.755,-0.585,-1.092,-0.845,85.3
2024-09-25 18:00:00+00:00,4.2,-0.529,-0.896,-0.765,-1.295,0.0
2024-09-25 19:00:00+00:00,6.69,-0.226,-1.119,-0.327,-1.618,0.0
2024-09-25 20:00:00+00:00,6.77,0.024,-1.228,0.034,-1.775,0.0
2024-09-25 21:00:00+00:00,6.88,0.294,-1.233,0.425,-1.782,0.0
2024-09-25 22:00:00+00:00,7.68,0.594,-1.204,0.859,-1.74,0.0
2024-09-25 23:00:00+00:00,6.81,0.756,-1.046,1.093,-1.512,0.0
2024-09-26 00:00:00+00:00,8.15,1.364,-1.361,1.972,-1.967,0.0
2024-09-26 01:00:00+00:00,8.59,1.749,-1.423,2.528,-2.057,0.0
2024-09-26 02:00:00+00:00,10.05,1.703,-1.027,2.462,-1.484,0.0
2024-09-26 03:00:00+00:00,7.16,2.262,-1.114,3.269,-1.611,0.0
2024-09-26 04:00:00+00:00,4.45,2.371,-0.73,3.428,-1.055,0.0
2024-09-26 05:00:00+00:00,6.6,1.988,-0.432,2.873,-0.624,0.0
2024-09-26 06:00:00+00:00,8.19,1.971,-0.223,2.849,-0.322,0.0
2024-09-26 07:00:00+00:00,9.0,2.114,0.037,3.056,0.054,24.8
2024-09-26 08:00:00+00:00,10.37,2.043,0.347,2.953,0.501,43.0
2024-09-26 09:00:00+00:00,9.1,1.955,0.56,2.825,0.81,64.7
2024-09-26 10:00:00+00:00,8.67,2.254,0.974,3.258,1.408,81.3
2024-09-26 11:00:00+00:00,3.87,1.959,1.409,2.831,2.036,91.8
2024-09-26 12:00:00+00:00,4.01,1.955,2.398,2.826,3.467,95.4
2024-09-26 13:00:00+00:00,4.18,1.645,3.654,2.378,5.281,91.8
2024-09-26 14:00:00+00:00,7.16,0.469,4.116,0.679,5.95,81.3
2024-09-26 15:00:00+00:00,7.26,-0.927,4.961,-1.34,7.171,64.7
2024-09-26 16:00:00+00:00,7.19,-2.156,4.681,-3.116,6.766,43.0
2024-09-26 17:00:00+00:00,8.9,-2.814,3.375,-4.067,4.878,17.7
2024-09-26 18:00:00+00:00,8.33,-4.12,2.406,-5.955,3.477,0.0
2024-09-26 19:00:00+00:00,7.61,-5.152,0.815,-7.447,1.178,0.0
2024-09-26 20:00:00+00:00,7.48,-4.229,-0.976,-6.112,-1.411,0.0
2024-09-26 21:00:00+00:00,7.3,-3.539,-2.789,-5.116,-4.031,0.0
2024-09-26 22:00:00+00:00,8.57,-2.983,-4.464,-4.312,-6.452,0.0
2024-09-26 23:00:00+00:00,7.18,-1.0,-5.534,-1.445,-8.0,0.0
2024-09-27 00:00:00+00:00,8.96,0.884,-4.61,1.278,-6.663,0.0
2024-09-27 01:00:00+00:00,8.08,1.866,-3.662,2.697,-5.294,0.0
2024-09-27 02:00:00+00:00,11.45,2.989,-3.614,4.32,-5.223,0.0
2024-09-27 03:00:00+00:00,8.41,3.734,-3.416,5.398,-4.938,0.0
2024-09-27 04:00:00+00:00,7.77,3.58,-2.603,5.174,-3.762,0.0
2024-09-27 05:00:00+00:00,5.42,3.98,-2.408,5.753,-3.48,0.0
2024-09-27 06:00:00+00:00,8.02,3.309,-1.794,4.783,-2.593,0.0
2024-09-27 07:00:00+00:00,7.61,3.247,-1.9,4.693,-2.747,24.8
2024-09-27 08:00:00+00:00,4.89,2.776,-1.874,4.013,-2.709,76.0
2024-09-27 09:00:00+00:00,3.02,2.989,-2.42,4.321,-3.498,191.1
2024-09-27 10:00:00+00:00,2.97,3.102,-2.681,4.484,-3.875,241.3
2024-09-27 11:00:00+00:00,3.25,4.369,-3.924,6.315,-5.672,90.3
2024-09-27 12:00:00+00:00,2.61,4.6,-4.136,6.649,-5.978,93.9
2024-09-27 13:00:00+00:00,3.05,4.219,-4.379,6.099,-6.33,90.3
2024-09-27 14:00:00+00:00,3.92,2.854,-3.76,4.125,-5.435,79.9
2024-09-27 15:00:00+00:00,1.62,2.048,-3.307,2.961,-4.78,150.2
2024-09-27 16:00:00+00:00,2.61,1.381,-3.129,1.996,-4.523,153.4
2024-09-27 17:00:00+00:00,2.58,0.858,-2.884,1.24,-4.168,44.6
2024-09-27 18:00:00+00:00,5.22,0.491,-2.504,0.71,-3.619,0.0
2024-09-27 19:00:00+00:00,4.07,0.431,-3.022,0.623,-4.369,0.0
2024-09-27 20:00:00+00:00,3.55,0.112,-3.132,0.162,-4.527,0.0
2024-09-27 21:00:00+00:00,2.31,-0.22,-3.045,-0.319,-4.402,0.0
2024-09-27 22:00:00+00:00,5.21,-0.938,-4.253,-1.356,-6.147,0.0
2024-09-27 23:00:00+00:00,6.08,-2.065,-4.873,-2.985,-7.044,0.0
2024-09-28 00:00:00+00:00,7.39,-2.037,-3.847,-2.944,-5.561,0.0
2024-09-28 01:00:00+00:00,6.19,-2.251,-3.397,-3.253,-4.91,0.0
2024-09-28 02:00:00+00:00,4.63,-2.851,-3.275,-4.121,-4.734,0.0
2024-09-28 03:00:00+00:00,8.31,-3.06,-2.989,-4.423,-4.321,0.0
2024-09-28 04:00:00+00:00,7.97,-2.835,-2.313,-4.098,-3.343,0.0
2024-09-28 05:00:00+00:00,5.96,-2.917,-1.966,-4.217,-2.841,0.0
2024-09-28 06:00:00+00:00,7.03,-3.812,-1.735,-5.51,-2.508,0.0
2024-09-28 07:00:00+00:00,7.39,-4.854,-1.114,-7.016,-1.61,67.4
2024-09-28 08:00:00+00:00,3.77,-6.009,-0.339,-8.685,-0.489,182.1
2024-09-28 09:00:00+00:00,3.05,-5.151,0.495,-7.445,0.716,280.7
2024-09-28 10:00:00+00:00,1.45,-6.453,1.339,-9.328,1.935,319.2
2024-09-28 11:00:00+00:00,2.49,-6.178,1.991,-8.93,2.878,292.1
2024-09-28 12:00:00+00:00,0.72,-4.686,1.947,-6.773,2.814,289.5
2024-09-28 13:00:00+00:00,-2.31,-5.319,2.785,-7.689,4.026,403.8
2024-09-28 14:00:00+00:00,-2.04,-4.54,3.251,-6.562,4.7,334.2
2024-09-28 15:00:00+00:00,0.23,-4.386,3.806,-6.339,5.502,280.7
2024-09-28 16:00:00+00:00,-2.58,-3.19,3.872,-4.611,5.596,182.1
2024-09-28 17:00:00+00:00,-2.18,-2.733,4.842,-3.951,6.999,67.4
2024-09-28 18:00:00+00:00,-0.61,-2.632,6.655,-3.804,9.62,0.0
2024-09-28 19:00:00+00:00,3.16,-1.844,5.927,-2.666,8.567,0.0
2024-09-28 20:00:00+00:00,5.73,-1.719,6.11,-2.485,8.832,0.0
2024-09-28 21:00:00+00:00,6.82,-1.316,5.661,-1.902,8.183,0.0
2024-09-28 22:00:00+00:00,9.4,-1.203,6.66,-1.739,9.626,0.0
2024-09-28 23:00:00+00:00,10.88,-0.997,9.166,-1.44,13.249,0.0
2024-09-29 00:00:00+00:00,12.25,0.561,9.385,0.811,13.565,0.0
2024-09-29 01:00:00+00:00,12.71,1.238,7.011,1.789,10.134,0.0
2024-09-29 02:00:00+00:00,12.35,1.522,5.603,2.199,8.099,0.0
2024-09-29 03:00:00+00:00,10.61,1.285,3.98,1.857,5.752,0.0
2024-09-29 04:00:00+00:00,8.0,1.655,3.896,2.392,5.632,0.0
2024-09-29 05:00:00+00:00,11.19,2.075,3.831,2.999,5.537,0.0
2024-09-29 06:00:00+00:00,8.24,2.144,3.183,3.099,4.601,0.0
2024-09-29 07:00:00+00:00,7.79,2.686,3.092,3.883,4.469,47.8
2024-09-29 08:00:00+00:00,9.23,3.987,3.916,5.763,5.66,98.1
2024-09-29 09:00:00+00:00,9.98,4.612,4.638,6.667,6.704,60.3
2024-09-29 10:00:00+00:00,6.41,5.045,5.911,7.292,8.544,76.9
2024-09-29 11:00:00+00:00,4.99,4.308,6.883,6.226,9.948,87.4
2024-09-29 12:00:00+00:00,2.02,2.661,6.376,3.846,9.216,90.9
2024-09-29 13:00:00+00:00,1.63,1.221,5.811,1.764,8.399,87.4
2024-09-29 14:00:00+00:00,1.74,-0.107,6.01,-0.155,8.687,76.9
2024-09-29 15:00:00+00:00,3.76,-0.991,5.936,-1.432,8.579,60.3
2024-09-29 16:00:00+00:00,2.85,-2.124,5.531,-3.069,7.994,38.6
2024-09-29 17:00:00+00:00,4.55,-3.151,5.049,-4.555,7.298,13.4
2024-09-29 18:00:00+00:00,6.79,-3.704,3.802,-5.354,5.496,0.0
2024-09-29 19:00:00+00:00,6.67,-3.328,2.703,-4.811,3.907,0.0
2024-09-29 20:00:00+00:00,8.35,-3.498,1.988,-5.057,2.873,0.0
2024-09-29 21:00:00+00:00,8.15,-3.671,0.745,-5.306,1.076,0.0
2024-09-29 22:00:00+00:00,8.6,-4.687,-0.689,-6.775,-0.995,0.0
2024-09-29 23:00:00+00:00,7.61,-3.901,-2.269,-5.639,-3.28,0.0
2024-09-30 00:00:00+00:00,8.31,-3.167,-3.481,-4.578,-5.032,0.0
2024-09-30 01:00:00+00:00,7.75,-2.038,-3.878,-2.945,-5.606,0.0
2024-09-30 02:00:00+00:00,8.99,-0.603,-4.154,-0.872,-6.005,0.0
2024-09-30 03:00:00+00:00,11.79,0.554,-4.161,0.801,-6.014,0.0
2024-09-30 04:00:00+00:00,13.32,2.266,-4.52,3.275,-6.534,0.0
2024-09-30 05:00:00+00:00,12.02,3.745,-3.883,5.414,-5.613,0.0
2024-09-30 06:00:00+00:00,10.39,4.328,-2.308,6.256,-3.336,0.0
2024-09-30 07:00:00+00:00,10.82,4.532,-0.85,6.551,-1.229,23.7
2024-09-30 08:00:00+00:00,9.3,4.893,0.506,7.072,0.732,37.2
2024-09-30 09:00:00+00:00,9.59,5.132,1.705,7.418,2.465,62.5
2024-09-30 10:00:00+00:00,9.87,4.627,2.101,6.689,3.037,277.2
2024-09-30 11:00:00+00:00,8.97,4.318,2.477,6.241,3.581,325.9
2024-09-30 12:00:00+00:00,9.92,3.773,2.489,5.454,3.598,249.9
2024-09-30 13:00:00+00:00,6.72,2.456,2.0,3.55,2.892,87.6
2024-09-30 14:00:00+00:00,5.08,2.528,2.488,3.654,3.596,121.2
2024-09-30 15:00:00+00:00,6.13,2.499,2.925,3.612,4.227,72.6
2024-09-30 16:00:00+00:00,4.96,2.12,3.094,3.064,4.473,37.2
2024-09-30 17:00:00+00:00,2.65,1.784,3.099,2.578,4.479,11.9
2024-09-30 18:00:00+00:00,7.05,1.276,3.31,1.844,4.784,0.0
2024-09-30 19:00:00+00:00,7.91,0.937,3.358,1.354,4.854,0.0
2024-09-30 20:00:00+00:00,11.58,0.765,3.828,1.106,5.533,0.0
2024-09-30 21:00:00+00:00,9.51,0.552,3.07,0.798,4.438,0.0
2024-09-30 22:00:00+00:00,11.55,0.373,2.994,0.54,4.327,0.0
2024-09-30 23:00:00+00:00,12.23,0.651,3.312,0.941,4.787,0.0
2024-10-01 00:00:00+00:00,13.22,0.812,3.32,1.173,4.799,0.0
2024-10-01 01:00:00+00:00,12.77,0.402,3.569,0.581,5.159,0.0
2024-10-01 02:00:00+00:00,8.34,-0.17,3.351,-0.246,4.844,0.0
2024-10-01 03:00:00+00:00,6.4,-0.508,2.383,-0.735,3.445,0.0
2024-10-01 04:00:00+00:00,4.62,-1.062,2.686,-1.535,3.882,0.0
2024-10-01 05:00:00+00:00,5.7,-1.797,2.695,-2.597,3.895,0.0
2024-10-01 06:00:00+00:00,7.16,-2.694,2.662,-3.894,3.848,0.0
2024-10-01 07:00:00+00:00,6.46,-2.793,1.87,-4.037,2.703,41.1
2024-10-01 08:00:00+00:00,6.38,-2.76,1.158,-3.989,1.674,82.3
2024-10-01 09:00:00+00:00,7.16,-2.416,0.714,-3.492,1.032,181.7
2024-10-01 10:00:00+00:00,5.08,-3.21,0.491,-4.641,0.709,310.1
2024-10-01 11:00:00+00:00,8.32,-2.863,0.122,-4.138,0.177,383.7
2024-10-01 12:00:00+00:00,6.58,-2.37,-0.217,-3.426,-0.314,399.9
2024-10-01 13:00:00+00:00,8.17,-2.608,-0.629,-3.769,-0.909,383.7
2024-10-01 14:00:00+00:00,9.8,-2.361,-0.63,-3.413,-0.91,336.3
2024-10-01 15:00:00+00:00,11.26,-1.944,-0.774,-2.81,-1.119,260.8
2024-10-01 16:00:00+00:00,7.58,-1.689,-0.98,-2.442,-1.416,162.3
2024-10-01 17:00:00+00:00,8.5,-1.885,-1.612,-2.724,-2.33,47.8
2024-10-01 18:00:00+00:00,8.91,-1.467,-1.632,-2.121,-2.359,0.0
2024-10-01 19:00:00+00:00,11.74,-1.291,-1.897,-1.866,-2.742,0.0
2024-10-01 20:00:00+00:00,15.05,-0.856,-1.773,-1.237,-2.562,0.0
2024-10-01 21:00:00+00:00,12.47,-0.273,-1.35,-0.395,-1.952,0.0
2024-10-01 22:00:00+00:00,12.81,-0.059,-1.344,-0.085,-1.943,0.0
2024-10-01 23:00:00+00:00,11.0,0.168,-1.97,0.243,-2.848,0.0
2024-10-02 00:00:00+00:00,11.72,0.404,-2.36,0.585,-3.411,0.0
2024-10-02 01:00:00+00:00,10.87,0.716,-2.694,1.035,-3.894,0.0
2024-10-02 02:00:00+00:00,10.28,1.264,-3.194,1.827,-4.617,0.0
2024-10-02 03:00:00+00:00,11.12,1.771,-2.971,2.56,-4.295,0.0
2024-10-02 04:00:00+00:00,12.56,1.834,-2.62,2.651,-3.787,0.0
2024-10-02 05:00:00+00:00,8.31,1.734,-2.133,2.507,-3.083,0.0
2024-10-02 06:00:00+00:00,8.95,1.804,-1.801,2.608,-2.604,0.0
2024-10-02 07:00:00+00:00,6.36,1.824,-1.373,2.636,-1.985,9.1
2024-10-02 08:00:00+00:00,3.54,2.099,-1.277,3.033,-1.845,34.3
2024-10-02 09:00:00+00:00,2.21,1.597,-0.822,2.308,-1.188,55.9
2024-10-02 10:00:00+00:00,1.96,1.57,-0.64,2.269,-0.925,72.5
2024-10-02 11:00:00+00:00,2.04,2.054,-0.699,2.969,-1.01,82.9
2024-10-02 12:00:00+00:00,1.61,2.185,-0.612,3.158,-0.885,307.2
2024-10-02 13:00:00+00:00,1.03,2.096,-0.396,3.029,-0.572,186.6
2024-10-02 14:00:00+00:00,1.91,1.97,-0.264,2.848,-0.381,316.5
2024-10-02 15:00:00+00:00,1.8,1.766,-0.064,2.553,-0.092,254.1
2024-10-02 16:00:00+00:00,2.66,1.568,0.276,2.266,0.399,155.8
2024-10-02 17:00:00+00:00,4.02,2.071,0.789,2.994,1.14,41.3
2024-10-02 18:00:00+00:00,5.45,1.41,0.837,2.038,1.21,0.0
2024-10-02 19:00:00+00:00,8.5,1.522,1.324,2.2,1.914,0.0
2024-10-02 20:00:00+00:00,10.22,1.349,1.64,1.95,2.37,0.0
2024-10-02 21:00:00+00:00,12.35,0.934,1.59,1.35,2.298,0.0
2024-10-02 22:00:00+00:00,11.87,0.618,1.357,0.894,1.961,0.0
2024-10-02 23:00:00+00:00,12.52,0.424,1.461,0.613,2.112,0.0
2024-10-03 00:00:00+00:00,13.25,0.2,1.254,0.289,1.812,0.0
2024-10-03 01:00:00+00:00,11.49,0.108,1.124,0.156,1.624,0.0
2024-10-03 02:00:00+00:00,12.29,0.125,1.308,0.181,1.89,0.0
2024-10-03 03:00:00+00:00,14.87,0.108,1.208,0.156,1.747,0.0
2024-10-03 04:00:00+00:00,12.35,0.034,1.322,0.049,1.911,0.0
2024-10-03 05:00:00+00:00,10.88,0.019,1.598,0.028,2.309,0.0
2024-10-03 06:00:00+00:00,13.07,-0.001,1.656,-0.002,2.394,0.0
2024-10-03 07:00:00+00:00,14.6,0.13,2.348,0.188,3.394,34.8
2024-10-03 08:00:00+00:00,14.92,0.453,3.343,0.655,4.833,106.9
2024-10-03 09:00:00+00:00,13.55,0.523,2.997,0.755,4.333,118.6
2024-10-03 10:00:00+00:00,11.61,0.69,2.871,0.997,4.149,71.0
2024-10-03 11:00:00+00:00,9.32,0.853,2.779,1.232,4.017,91.7
2024-10-03 12:00:00+00:00,7.71,1.446,3.213,2.091,4.644,85.0
2024-10-03 13:00:00+00:00,6.39,1.791,3.024,2.588,4.371,81.5
2024-10-03 14:00:00+00:00,8.41,2.33,3.187,3.367,4.607,193.1
2024-10-03 15:00:00+00:00,7.66,3.439,3.443,4.971,4.976,242.7
2024-10-03 16:00:00+00:00,10.38,3.371,2.288,4.872,3.307,149.0
2024-10-03 17:00:00+00:00,12.4,3.298,1.538,4.767,2.222,34.8
2024-10-03 18:00:00+00:00,10.69,4.078,1.275,5.895,1.843,0.0
2024-10-03 19:00:00+00:00,11.07,3.632,0.353,5.25,0.51,0.0
2024-10-03 20:00:00+00:00,10.13,3.525,-0.294,5.095,-0.425,0.0
2024-10-03 21:00:00+00:00,10.69,3.958,-1.116,5.721,-1.613,0.0
2024-10-03 22:00:00+00:00,14.32,3.922,-2.244,5.669,-3.243,0.0
2024-10-03 23:00:00+00:00,12.25,2.539,-2.951,3.67,-4.266,0.0
2024-10-04 00:00:00+00:00,13.0,1.229,-3.489,1.777,-5.043,0.0
2024-10-04 01:00:00+00:00,11.35,-0.22,-3.384,-0.318,-4.892,0.0
2024-10-04 02:00:00+00:00,9.61,-1.377,-3.069,-1.991,-4.436,0.0
2024-10-04 03:00:00+00:00,9.35,-2.713,-2.717,-3.922,-3.927,0.0
2024-10-04 04:00:00+00:00,6.53,-3.994,-1.832,-5.773,-2.649,0.0
2024-10-04 05:00:00+00:00,7.45,-4.037,-0.433,-5.835,-0.625,0.0
2024-10-04 06:00:00+00:00,8.93,-4.827,1.234,-6.977,1.784,0.0
2024-10-04 07:00:00+00:00,11.36,-4.224,2.918,-6.105,4.218,11.8
2024-10-04 08:00:00+00:00,11.8,-2.767,3.753,-4.0,5.425,31.4
2024-10-04 09:00:00+00:00,9.47,-1.226,5.272,-1.771,7.621,53.0
2024-10-04 10:00:00+00:00,6.93,0.472,5.626,0.682,8.132,69.6
2024-10-04 11:00:00+00:00,5.36,2.199,5.515,3.179,7.971,80.0
2024-10-04 12:00:00+00:00,6.42,3.121,4.178,4.512,6.038,83.6
2024-10-04 13:00:00+00:00,5.06,4.438,3.605,6.415,5.211,80.0
2024-10-04 14:00:00+00:00,6.13,5.425,2.468,7.842,3.567,69.6
2024-10-04 15:00:00+00:00,6.51,5.743,1.309,8.301,1.893,53.0
2024-10-04 16:00:00+00:00,7.28,5.942,-0.256,8.589,-0.37,31.4
2024-10-04 17:00:00+00:00,7.08,5.719,-2.123,8.267,-3.068,6.2
2024-10-04 18:00:00+00:00,9.71,4.484,-3.506,6.482,-5.068,0.0
2024-10-04 19:00:00+00:00,10.5,3.19,-4.932,4.611,-7.129,0.0
2024-10-04 20:00:00+00:00,12.81,0.963,-5.314,1.391,-7.682,0.0
2024-10-04 21:00:00+00:00,11.59,-1.979,-7.385,-2.861,-10.674,0.0
2024-10-04 22:00:00+00:00,7.69,-3.917,-6.041,-5.662,-8.731,0.0
2024-10-04 23:00:00+00:00,11.18,-4.863,-4.103,-7.029,-5.93,0.0
2024-10-05 00:00:00+00:00,12.09,-4.916,-2.241,-7.106,-3.239,0.0
2024-10-05 01:00:00+00:00,13.29,-4.933,-0.741,-7.131,-1.072,0.0
2024-10-05 02:00:00+00:00,11.4,-4.341,0.535,-6.274,0.773,0.0
2024-10-05 03:00:00+00:00,8.62,-3.826,1.803,-5.53,2.606,0.0
2024-10-05 04:00:00+00:00,7.74,-3.121,3.024,-4.511,4.37,0.0
2024-10-05 05:00:00+00:00,8.13,-2.066,3.824,-2.986,5.528,0.0
2024-10-05 06:00:00+00:00,4.78,-1.041,4.245,-1.504,6.135,0.0
2024-10-05 07:00:00+00:00,5.2,0.106,5.226,0.153,7.554,4.8
2024-10-05 08:00:00+00:00,6.17,1.205,4.507,1.742,6.515,30.0
2024-10-05 09:00:00+00:00,8.23,2.841,4.196,4.106,6.065,72.1
2024-10-05 10:00:00+00:00,8.31,3.683,3.044,5.324,4.401,170.4
2024-10-05 11:00:00+00:00,8.1,5.099,1.8,7.37,2.601,357.0
2024-10-05 12:00:00+00:00,8.15,7.496,0.291,10.835,0.421,373.2
2024-10-05 13:00:00+00:00,6.71,6.146,-1.816,8.884,-2.625,313.4
2024-10-05 14:00:00+00:00,6.4,5.666,-3.597,8.189,-5.2,235.5
2024-10-05 15:00:00+00:00,5.06,4.683,-4.427,6.77,-6.399,165.3
2024-10-05 16:00:00+00:00,4.73,3.598,-4.994,5.201,-7.219,79.2
2024-10-05 17:00:00+00:00,4.76,2.289,-4.512,3.308,-6.522,12.2
2024-10-05 18:00:00+00:00,8.6,1.618,-5.726,2.339,-8.276,0.0
2024-10-05 19:00:00+00:00,8.01,0.176,-6.461,0.255,-9.339,0.0
2024-10-05 20:00:00+00:00,8.9,-1.196,-7.187,-1.729,-10.388,0.0
2024-10-05 21:00:00+00:00,10.37,-3.312,-7.271,-4.788,-10.509,0.0
2024-10-05 22:00:00+00:00,7.14,-6.023,-6.698,-8.706,-9.682,0.0
2024-10-05 23:00:00+00:00,10.34,-8.334,-4.886,-12.047,-7.062,0.0
2024-10-06 00:00:00+00:00,10.16,-8.404,-1.59,-12.147,-2.298,0.0
2024-10-06 01:00:00+00:00,9.19,-7.49,1.349,-10.826,1.95,0.0
2024-10-06 02:00:00+00:00,7.6,-6.787,3.817,-9.811,5.517,0.0
2024-10-06 03:00:00+00:00,9.8,-4.46,4.648,-6.447,6.719,0.0
2024-10-06 04:00:00+00:00,9.74,-3.426,6.846,-4.953,9.896,0.0
2024-10-06 05:00:00+00:00,9.82,-0.979,4.909,-1.415,7.095,0.0
2024-10-06 06:00:00+00:00,7.83,0.244,4.782,0.353,6.912,0.0
2024-10-06 07:00:00+00:00,8.86,1.573,4.342,2.274,6.276,6.9
2024-10-06 08:00:00+00:00,7.99,2.6,3.474,3.758,5.021,28.5
2024-10-06 09:00:00+00:00,5.5,4.419,3.141,6.387,4.539,50.1
2024-10-06 10:00:00+00:00,5.32,5.419,1.65,7.834,2.385,66.7
2024-10-06 11:00:00+00:00,5.71,4.711,-0.052,6.81,-0.075,85.6
2024-10-06 12:00:00+00:00,7.7,3.954,-1.281,5.716,-1.852,80.6
2024-10-06 13:00:00+00:00,5.44,2.983,-1.956,4.311,-2.827,86.8
2024-10-06 14:00:00+00:00,5.36,1.619,-2.0,2.34,-2.891,75.8
2024-10-06 15:00:00+00:00,2.29,0.898,-1.935,1.298,-2.797,50.1
2024-10-06 16:00:00+00:00,1.57,0.191,-1.473,0.276,-2.129,28.5
2024-10-06 17:00:00+00:00,4.78,-0.136,-1.622,-0.197,-2.344,3.4
2024-10-06 18:00:00+00:00,4.85,-0.482,-1.722,-0.697,-2.489,0.0
2024-10-06 19:00:00+00:00,5.53,-1.018,-1.868,-1.471,-2.7,0.0
2024-10-06 20:00:00+00:00,8.21,-1.762,-1.927,-2.547,-2.785,0.0
2024-10-06 21:00:00+00:00,6.94,-2.105,-1.464,-3.043,-2.116,0.0
2024-10-06 22:00:00+00:00,9.69,-2.334,-0.944,-3.373,-1.364,0.0
2024-10-06 23:00:00+00:00,9.24,-2.194,-0.523,-3.172,-0.756,0.0
2024-10-07 00:00:00+00:00,9.46,-2.725,-0.357,-3.939,-0.516,0.0
2024-10-07 01:00:00+00:00,9.47,-2.7,-0.248,-3.903,-0.358,0.0
2024-10-07 02:00:00+00:00,7.7,-2.963,-0.605,-4.284,-0.874,0.0
2024-10-07 03:00:00+00:00,7.76,-2.818,-0.703,-4.073,-1.016,0.0
2024-10-07 04:00:00+00:00,6.61,-2.809,-1.1,-4.061,-1.59,0.0
2024-10-07 05:00:00+00:00,6.69,-2.759,-1.426,-3.988,-2.062,0.0
2024-10-07 06:00:00+00:00,7.42,-3.019,-2.193,-4.363,-3.17,0.0
2024-10-07 07:00:00+00:00,4.7,-2.652,-2.366,-3.833,-3.42,2.0
2024-10-07 08:00:00+00:00,2.07,-2.912,-2.879,-4.209,-4.161,27.1
2024-10-07 09:00:00+00:00,-2.43,-3.361,-3.3,-4.858,-4.769,48.7
2024-10-07 10:00:00+00:00,-4.3,-2.955,-3.453,-4.271,-4.992,65.2
2024-10-07 11:00:00+00:00,-5.71,-1.906,-2.377,-2.756,-3.436,75.6
2024-10-07 12:00:00+00:00,-3.12,-2.582,-3.827,-3.732,-5.531,79.2
2024-10-07 13:00:00+00:00,-4.75,-2.699,-3.832,-3.902,-5.538,75.6
2024-10-07 14:00:00+00:00,-2.47,-2.533,-3.161,-3.661,-4.568,65.2
2024-10-07 15:00:00+00:00,-3.65,-2.491,-2.87,-3.6,-4.148,48.7
2024-10-07 16:00:00+00:00,-1.08,-2.596,-2.656,-3.753,-3.84,27.1
2024-10-07 17:00:00+00:00,0.61,-2.262,-1.515,-3.27,-2.19,2.0
2024-10-07 18:00:00+00:00,3.33,-2.918,-1.016,-4.218,-1.468,0.0
2024-10-07 19:00:00+00:00,2.56,-3.912,-0.237,-5.655,-0.343,0.0
2024-10-07 20:00:00+00:00,3.56,-3.412,1.181,-4.932,1.707,0.0
2024-10-07 21:00:00+00:00,8.08,-2.628,2.017,-3.799,2.916,0.0
2024-10-07 22:00:00+00:00,8.06,-1.986,2.809,-2.871,4.06,0.0
2024-10-07 23:00:00+00:00,9.7,-1.057,3.291,-1.529,4.757,0.0
2024-10-08 00:00:00+00:00,5.22,0.101,3.385,0.146,4.892,0.0
2024-10-08 01:00:00+00:00,8.42,1.121,2.911,1.62,4.208,0.0
2024-10-08 02:00:00+00:00,7.63,1.989,2.087,2.875,3.017,0.0
2024-10-08 03:00:00+00:00,6.49,3.636,1.778,5.256,2.57,0.0
2024-10-08 04:00:00+00:00,5.14,3.421,0.59,4.945,0.853,0.0
2024-10-08 05:00:00+00:00,4.38,3.518,-0.193,5.085,-0.279,0.0
2024-10-08 06:00:00+00:00,3.27,3.269,-0.576,4.725,-0.833,0.0
2024-10-08 07:00:00+00:00,1.65,3.109,-1.02,4.494,-1.474,0.6
2024-10-08 08:00:00+00:00,0.38,3.683,-1.616,5.323,-2.336,25.7
2024-10-08 09:00:00+00:00,-0.49,3.49,-1.824,5.045,-2.636,47.2
2024-10-08 10:00:00+00:00,-2.29,2.523,-1.705,3.647,-2.464,63.8
2024-10-08 11:00:00+00:00,0.59,2.901,-2.796,4.193,-4.042,74.2
2024-10-08 12:00:00+00:00,-2.76,2.51,-3.489,3.627,-5.043,77.7
2024-10-08 13:00:00+00:00,-3.6,2.112,-4.265,3.053,-6.165,74.2
2024-10-08 14:00:00+00:00,-3.55,1.8,-4.387,2.602,-6.341,63.8
2024-10-08 15:00:00+00:00,-4.45,1.327,-4.852,1.918,-7.013,47.2
2024-10-08 16:00:00+00:00,-3.82,0.816,-5.306,1.18,-7.67,25.7
2024-10-08 17:00:00+00:00,-2.31,-0.071,-5.387,-0.103,-7.786,0.6
2024-10-08 18:00:00+00:00,-1.54,-0.656,-4.535,-0.948,-6.555,0.0
2024-10-08 19:00:00+00:00,-1.93,-1.314,-3.825,-1.899,-5.529,0.0
2024-10-08 20:00:00+00:00,-2.94,-2.192,-3.636,-3.168,-5.256,0.0
2024-10-08 21:00:00+00:00,-1.26,-2.702,-2.486,-3.906,-3.593,0.0
2024-10-08 22:00:00+00:00,0.03,-2.807,-1.196,-4.058,-1.728,0.0
2024-10-08 23:00:00+00:00,0.85,-3.983,-0.307,-5.758,-0.444,0.0
2024-10-09 00:00:00+00:00,3.54,-4.065,1.398,-5.875,2.02,0.0
2024-10-09 01:00:00+00:00,0.35,-2.554,2.288,-3.692,3.308,0.0
2024-10-09 02:00:00+00:00,-1.91,-1.512,3.382,-2.186,4.888,0.0
2024-10-09 03:00:00+00:00,0.04,0.08,3.544,0.116,5.122,0.0
2024-10-09 04:00:00+00:00,0.96,1.677,2.7,2.424,3.902,0.0
2024-10-09 05:00:00+00:00,2.5,3.388,1.728,4.897,2.498,0.0
2024-10-09 06:00:00+00:00,0.77,3.209,-0.396,4.639,-0.573,0.0
2024-10-09 07:00:00+00:00,1.5,2.415,-2.252,3.491,-3.255,0.0
2024-10-09 08:00:00+00:00,2.46,0.878,-3.581,1.269,-5.175,63.0
2024-10-09 09:00:00+00:00,1.85,-1.354,-3.141,-1.958,-4.54,154.9
2024-10-09 10:00:00+00:00,-0.59,-3.406,-1.963,-4.923,-2.838,116.1
2024-10-09 11:00:00+00:00,0.62,-4.244,0.468,-6.134,0.677,254.8
2024-10-09 12:00:00+00:00,-0.86,-3.318,2.944,-4.795,4.255,241.3
2024-10-09 13:00:00+00:00,-0.26,-1.18,4.43,-1.706,6.404,235.5
2024-10-09 14:00:00+00:00,-1.96,1.532,5.2,2.214,7.516,283.3
2024-10-09 15:00:00+00:00,-1.14,4.381,4.403,6.333,6.364,208.3
2024-10-09 16:00:00+00:00,-3.51,4.99,1.343,7.213,1.941,110.4
2024-10-09 17:00:00+00:00,-3.73,6.226,-1.955,8.999,-2.826,0.0
2024-10-09 18:00:00+00:00,-1.39,4.612,-4.417,6.666,-6.384,0.0
2024-10-09 19:00:00+00:00,2.79,2.277,-7.263,3.292,-10.498,0.0
2024-10-09 20:00:00+00:00,3.34,-1.246,-7.005,-1.8,-10.125,0.0
2024-10-09 21:00:00+00:00,2.77,-4.105,-5.696,-5.933,-8.233,0.0
2024-10-09 22:00:00+00:00,1.52,-7.875,-4.275,-11.383,-6.179,0.0
2024-10-09 23:00:00+00:00,1.19,-9.145,-0.9,-13.219,-1.301,0.0
2024-10-10 00:00:00+00:00,3.22,-9.445,3.089,-13.652,4.465,0.0
2024-10-10 01:00:00+00:00,-1.16,-6.034,5.126,-8.722,7.409,0.0
2024-10-10 02:00:00+00:00,-2.92,-3.272,5.546,-4.73,8.016,0.0
2024-10-10 03:00:00+00:00,-1.01,-2.26,7.936,-3.266,11.471,0.0
2024-10-10 04:00:00+00:00,-6.8,-0.199,7.003,-0.287,10.123,0.0
2024-10-10 05:00:00+00:00,-7.35,1.175,6.098,1.698,8.815,0.0
2024-10-10 06:00:00+00:00,-7.5,2.273,5.004,3.285,7.232,0.0
2024-10-10 07:00:00+00:00,-7.44,4.526,5.549,6.542,8.021,0.0
2024-10-10 08:00:00+00:00,-5.55,7.099,5.432,10.262,7.852,104.1
2024-10-10 09:00:00+00:00,-3.8,7.423,3.222,10.729,4.657,201.8
2024-10-10 10:00:00+00:00,-3.77,6.83,1.08,9.873,1.561,276.8
2024-10-10 11:00:00+00:00,-2.16,6.312,-0.369,9.123,-0.534,307.1
2024-10-10 12:00:00+00:00,-4.58,6.89,-1.846,9.959,-2.668,202.7
2024-10-10 13:00:00+00:00,-2.65,6.611,-3.095,9.555,-4.474,71.3
2024-10-10 14:00:00+00:00,-4.89,5.888,-4.203,8.51,-6.075,109.2
2024-10-10 15:00:00+00:00,-2.14,4.09,-4.176,5.912,-6.036,94.1
2024-10-10 16:00:00+00:00,-1.56,3.048,-4.842,4.406,-6.998,39.5
2024-10-10 17:00:00+00:00,-0.48,1.865,-4.811,2.696,-6.954,0.0
2024-10-10 18:00:00+00:00,0.33,1.052,-6.19,1.521,-8.947,0.0
2024-10-10 19:00:00+00:00,1.41,-0.311,-6.371,-0.449,-9.208,0.0
2024-10-10 20:00:00+00:00,3.45,-1.32,-5.131,-1.907,-7.416,0.0
2024-10-10 21:00:00+00:00,4.54,-1.995,-4.703,-2.883,-6.798,0.0
2024-10-10 22:00:00+00:00,3.73,-3.541,-5.489,-5.119,-7.934,0.0
2024-10-10 23:00:00+00:00,5.06,-5.651,-6.179,-8.168,-8.931,0.0
2024-10-11 00:00:00+00:00,6.07,-6.915,-4.57,-9.995,-6.606,0.0
2024-10-11 01:00:00+00:00,7.37,-7.153,-2.582,-10.34,-3.732,0.0
2024-10-11 02:00:00+00:00,9.51,-7.729,-0.352,-11.171,-0.509,0.0
2024-10-11 03:00:00+00:00,9.84,-8.22,1.995,-11.882,2.883,0.0
2024-10-11 04:00:00+00:00,8.44,-6.627,4.659,-9.578,6.735,0.0
2024-10-11 05:00:00+00:00,8.05,-3.443,4.644,-4.977,6.713,0.0
2024-10-11 06:00:00+00:00,5.54,-1.717,6.573,-2.482,9.5,0.0
2024-10-11 07:00:00+00:00,6.88,0.92,7.065,1.33,10.213,0.0
2024-10-11 08:00:00+00:00,7.97,3.242,5.404,4.686,7.811,89.7
2024-10-11 09:00:00+00:00,7.72,5.261,4.123,7.605,5.959,164.1
2024-10-11 10:00:00+00:00,7.04,6.425,1.665,9.287,2.406,254.4
2024-10-11 11:00:00+00:00,7.2,6.161,-1.28,8.905,-1.85,317.4
2024-10-11 12:00:00+00:00,3.47,3.692,-2.663,5.336,-3.849,269.4
2024-10-11 13:00:00+00:00,5.39,2.627,-4.149,3.797,-5.997,317.4
2024-10-11 14:00:00+00:00,5.44,0.473,-4.702,0.684,-6.797,270.3
2024-10-11 15:00:00+00:00,5.1,-2.157,-4.509,-3.117,-6.517,195.4
2024-10-11 16:00:00+00:00,6.4,-4.055,-3.068,-5.861,-4.434,97.7
2024-10-11 17:00:00+00:00,8.45,-4.607,-0.979,-6.659,-1.415,0.0
2024-10-11 18:00:00+00:00,10.08,-4.855,0.819,-7.017,1.183,0.0
2024-10-11 19:00:00+00:00,9.22,-4.528,2.484,-6.545,3.59,0.0
2024-10-11 20:00:00+00:00,10.01,-3.393,3.924,-4.905,5.672,0.0
2024-10-11 21:00:00+00:00,12.0,-2.172,5.333,-3.139,7.709,0.0
2024-10-11 22:00:00+00:00,13.24,-0.736,5.529,-1.064,7.992,0.0
2024-10-11 23:00:00+00:00,14.03,0.165,6.704,0.238,9.691,0.0
2024-10-12 00:00:00+00:00,13.24,1.771,7.774,2.56,11.237,0.0
2024-10-12 01:00:00+00:00,11.0,3.235,6.275,4.676,9.07,0.0
2024-10-12 02:00:00+00:00,10.98,5.309,5.023,7.673,7.26,0.0
2024-10-12 03:00:00+00:00,10.62,7.174,2.617,10.369,3.782,0.0
2024-10-12 04:00:00+00:00,10.04,6.769,-0.711,9.784,-1.028,0.0
2024-10-12 05:00:00+00:00,10.83,6.909,-3.935,9.986,-5.688,0.0
2024-10-12 06:00:00+00:00,10.38,4.976,-5.74,7.193,-8.297,0.0
2024-10-12 07:00:00+00:00,9.48,2.412,-6.546,3.486,-9.461,0.0
2024-10-12 08:00:00+00:00,6.13,-0.05,-8.138,-0.072,-11.763,53.5
2024-10-12 09:00:00+00:00,4.07,-3.641,-8.459,-5.263,-12.228,159.3
2024-10-12 10:00:00+00:00,4.89,-5.209,-5.265,-7.529,-7.611,168.6
2024-10-12 11:00:00+00:00,5.22,-5.33,-2.755,-7.705,-3.982,190.8
2024-10-12 12:00:00+00:00,3.49,-7.014,-0.557,-10.139,-0.805,189.7
2024-10-12 13:00:00+00:00,3.85,-6.519,2.257,-9.422,3.263,118.7
2024-10-12 14:00:00+00:00,3.27,-5.498,4.368,-7.947,6.314,115.9
2024-10-12 15:00:00+00:00,3.32,-3.408,5.87,-4.926,8.485,126.5
2024-10-12 16:00:00+00:00,4.93,-0.93,9.184,-1.344,13.275,27.8
2024-10-12 17:00:00+00:00,5.49,2.606,8.114,3.767,11.728,0.0
2024-10-12 18:00:00+00:00,5.77,5.472,5.705,7.91,8.246,0.0
2024-10-12 19:00:00+00:00,6.16,6.984,2.765,10.095,3.997,0.0
2024-10-12 20:00:00+00:00,6.81,6.473,-0.59,9.357,-0.853,0.0
2024-10-12 21:00:00+00:00,5.83,5.295,-3.024,7.653,-4.371,0.0
2024-10-12 22:00:00+00:00,7.0,3.679,-4.704,5.318,-6.799,0.0
2024-10-12 23:00:00+00:00,7.56,0.943,-4.835,1.363,-6.989,0.0
2024-10-13 00:00:00+00:00,8.39,-1.175,-3.89,-1.699,-5.623,0.0
2024-10-13 01:00:00+00:00,9.11,-2.496,-2.646,-3.608,-3.825,0.0
2024-10-13 02:00:00+00:00,7.68,-3.385,-0.956,-4.893,-1.382,0.0
2024-10-13 03:00:00+00:00,9.83,-3.57,1.053,-5.16,1.522,0.0
2024-10-13 04:00:00+00:00,7.14,-2.777,3.368,-4.013,4.868,0.0
2024-10-13 05:00:00+00:00,5.9,-0.97,4.774,-1.402,6.901,0.0
2024-10-13 06:00:00+00:00,6.77,1.316,3.534,1.902,5.108,0.0
2024-10-13 07:00:00+00:00,4.4,3.222,2.282,4.658,3.298,0.0
2024-10-13 08:00:00+00:00,2.11,3.619,-0.028,5.23,-0.041,28.6
2024-10-13 09:00:00+00:00,1.22,2.84,-2.029,4.105,-2.933,40.2
2024-10-13 10:00:00+00:00,3.15,1.084,-2.995,1.566,-4.329,56.6
2024-10-13 11:00:00+00:00,5.87,-0.891,-3.901,-1.289,-5.638,85.7
2024-10-13 12:00:00+00:00,5.56,-4.823,-4.767,-6.972,-6.89,136.9
2024-10-13 13:00:00+00:00,4.84,-5.663,-1.149,-8.186,-1.66,169.4
2024-10-13 14:00:00+00:00,1.34,-4.674,1.546,-6.756,2.235,234.5
2024-10-13 15:00:00+00:00,-0.46,-3.907,4.394,-5.647,6.352,182.7
2024-10-13 16:00:00+00:00,-0.52,-1.558,5.343,-2.252,7.723,85.2
2024-10-13 17:00:00+00:00,0.83,1.003,5.479,1.45,7.92,0.0
2024-10-13 18:00:00+00:00,2.94,3.048,3.577,4.406,5.17,0.0
2024-10-13 19:00:00+00:00,4.71,4.475,1.425,6.468,2.06,0.0
2024-10-13 20:00:00+00:00,5.37,4.037,-0.834,5.835,-1.206,0.0
2024-10-13 21:00:00+00:00,6.17,2.657,-2.518,3.841,-3.64,0.0
2024-10-13 22:00:00+00:00,7.99,1.592,-4.724,2.301,-6.828,0.0
2024-10-13 23:00:00+00:00,8.64,-1.38,-6.562,-1.995,-9.484,0.0
2024-10-14 00:00:00+00:00,10.4,-5.44,-5.148,-7.863,-7.441,0.0
2024-10-14 01:00:00+00:00,10.46,-8.088,-0.675,-11.69,-0.976,0.0
2024-10-14 02:00:00+00:00,9.57,-6.354,4.35,-9.185,6.287,0.0
2024-10-14 03:00:00+00:00,14.0,-1.985,6.926,-2.87,10.011,0.0
2024-10-14 04:00:00+00:00,14.57,2.572,6.169,3.717,8.917,0.0
2024-10-14 05:00:00+00:00,13.54,5.91,3.613,8.543,5.222,0.0
2024-10-14 06:00:00+00:00,11.45,6.665,-0.436,9.634,-0.63,0.0
2024-10-14 07:00:00+00:00,10.33,4.662,-3.736,6.739,-5.4,0.0
2024-10-14 08:00:00+00:00,8.01,1.941,-5.783,2.805,-8.359,63.2
2024-10-14 09:00:00+00:00,4.84,-1.655,-4.98,-2.392,-7.198,143.7
2024-10-14 10:00:00+00:00,5.01,-4.542,-2.831,-6.565,-4.092,97.7
2024-10-14 11:00:00+00:00,5.73,-5.297,0.44,-7.657,0.636,153.5
2024-10-14 12:00:00+00:00,4.51,-4.46,3.718,-6.446,5.374,235.7
2024-10-14 13:00:00+00:00,3.55,-1.132,5.575,-1.637,8.059,298.0
2024-10-14 14:00:00+00:00,3.24,2.172,4.965,3.14,7.176,183.5
2024-10-14 15:00:00+00:00,4.8,4.636,2.058,6.701,2.975,176.3
2024-10-14 16:00:00+00:00,4.02,4.667,-1.351,6.746,-1.953,57.3
2024-10-14 17:00:00+00:00,6.48,2.236,-3.264,3.232,-4.718,0.0
2024-10-14 18:00:00+00:00,8.97,-0.168,-5.067,-0.243,-7.325,0.0
2024-10-14 19:00:00+00:00,10.82,-2.797,-3.932,-4.044,-5.683,0.0
2024-10-14 20:00:00+00:00,9.38,-3.844,-1.414,-5.556,-2.043,0.0
2024-10-14 21:00:00+00:00,9.24,-4.231,0.799,-6.115,1.154,0.0
2024-10-14 22:00:00+00:00,10.26,-3.982,3.586,-5.756,5.183,0.0
2024-10-14 23:00:00+00:00,9.22,-1.6,5.036,-2.313,7.28,0.0
2024-10-15 00:00:00+00:00,11.5,0.964,4.446,1.393,6.426,0.0
2024-10-15 01:00:00+00:00,11.33,3.14,3.506,4.539,5.067,0.0
2024-10-15 02:00:00+00:00,11.07,4.643,1.444,6.712,2.087,0.0
2024-10-15 03:00:00+00:00,12.74,4.518,-1.057,6.53,-1.528,0.0
2024-10-15 04:00:00+00:00,11.46,3.543,-4.065,5.121,-5.876,0.0
2024-10-15 05:00:00+00:00,10.64,0.581,-5.55,0.84,-8.022,0.0
2024-10-15 06:00:00+00:00,9.54,-2.506,-5.184,-3.622,-7.494,0.0
2024-10-15 07:00:00+00:00,9.79,-6.427,-3.258,-9.29,-4.709,0.0
2024-10-15 08:00:00+00:00,10.35,-7.259,1.281,-10.493,1.851,70.1
2024-10-15 09:00:00+00:00,8.2,-4.726,4.564,-6.832,6.597,170.1
2024-10-15 10:00:00+00:00,6.26,-1.434,6.198,-2.073,8.959,244.7
2024-10-15 11:00:00+00:00,5.51,3.783,8.151,5.468,11.781,291.6
2024-10-15 12:00:00+00:00,6.61,7.106,2.685,10.272,3.881,307.6
2024-10-15 13:00:00+00:00,4.42,7.367,-3.367,10.649,-4.866,291.6
2024-10-15 14:00:00+00:00,4.32,2.699,-8.177,3.901,-11.82,244.7
2024-10-15 15:00:00+00:00,7.05,-4.502,-7.828,-6.507,-11.315,156.0
2024-10-15 16:00:00+00:00,5.73,-7.375,-0.783,-10.66,-1.132,69.4
2024-10-15 17:00:00+00:00,5.74,-6.056,5.587,-8.754,8.076,0.0
2024-10-15 18:00:00+00:00,4.07,0.002,6.934,0.003,10.022,0.0
2024-10-15 19:00:00+00:00,5.06,4.945,4.746,7.148,6.861,0.0
2024-10-15 20:00:00+00:00,4.33,7.916,0.136,11.442,0.197,0.0
2024-10-15 21:00:00+00:00,4.1,5.663,-4.445,8.186,-6.425,0.0
2024-10-15 22:00:00+00:00,3.85,1.942,-6.983,2.807,-10.093,0.0
2024-10-15 23:00:00+00:00,5.78,-2.599,-7.123,-3.757,-10.295,0.0
2024-10-16 00:00:00+00:00,4.4,-6.9,-4.571,-9.974,-6.608,0.0
2024-10-16 01:00:00+00:00,7.75,-9.564,1.065,-13.824,1.54,0.0
2024-10-16 02:00:00+00:00,5.88,-6.557,5.875,-9.478,8.493,0.0
2024-10-16 03:00:00+00:00,6.05,-1.785,8.315,-2.58,12.019,0.0
2024-10-16 04:00:00+00:00,4.79,3.339,8.371,4.826,12.1,0.0
2024-10-16 05:00:00+00:00,6.17,7.286,4.667,10.532,6.746,0.0
2024-10-16 06:00:00+00:00,8.0,8.842,-0.33,12.78,-0.478,0.0
2024-10-16 07:00:00+00:00,7.16,5.277,-4.114,7.628,-5.946,0.0
2024-10-16 08:00:00+00:00,5.39,2.439,-7.506,3.525,-10.85,19.7
2024-10-16 09:00:00+00:00,5.66,-1.844,-6.802,-2.666,-9.832,47.2
2024-10-16 10:00:00+00:00,4.83,-5.308,-5.609,-7.672,-8.108,115.6
2024-10-16 11:00:00+00:00,1.82,-5.7,-1.118,-8.24,-1.616,217.1
2024-10-16 12:00:00+00:00,1.37,-3.938,2.254,-5.693,3.257,168.8
2024-10-16 13:00:00+00:00,2.45,-1.509,3.655,-2.182,5.283,148.2
2024-10-16 14:00:00+00:00,3.09,0.91,4.23,1.316,6.115,89.1
2024-10-16 15:00:00+00:00,2.53,2.702,3.093,3.906,4.471,36.0
2024-10-16 16:00:00+00:00,2.61,4.547,1.916,6.572,2.769,14.7
2024-10-16 17:00:00+00:00,7.4,5.335,-0.268,7.712,-0.388,0.0
2024-10-16 18:00:00+00:00,7.03,4.766,-2.711,6.889,-3.918,0.0
2024-10-16 19:00:00+00:00,8.39,2.498,-4.061,3.61,-5.871,0.0
2024-10-16 20:00:00+00:00,8.64,0.502,-5.412,0.725,-7.822,0.0
2024-10-16 21:00:00+00:00,7.63,-1.718,-4.064,-2.483,-5.874,0.0
2024-10-16 22:00:00+00:00,7.7,-2.98,-3.02,-4.307,-4.366,0.0
2024-10-16 23:00:00+00:00,6.53,-4.545,-1.897,-6.57,-2.743,0.0
2024-10-17 00:00:00+00:00,5.54,-5.473,-0.067,-7.911,-0.096,0.0
2024-10-17 01:00:00+00:00,9.3,-5.115,1.512,-7.393,2.186,0.0
2024-10-17 02:00:00+00:00,8.78,-4.635,3.645,-6.7,5.268,0.0
2024-10-17 03:00:00+00:00,7.73,-3.073,5.991,-4.442,8.66,0.0
2024-10-17 04:00:00+00:00,5.88,-0.234,5.885,-0.338,8.506,0.0
2024-10-17 05:00:00+00:00,8.19,1.846,5.166,2.669,7.467,0.0
2024-10-17 06:00:00+00:00,6.22,4.154,4.363,6.005,6.306,0.0
2024-10-17 07:00:00+00:00,2.47,6.301,3.578,9.108,5.172,0.0
2024-10-17 08:00:00+00:00,2.05,6.682,1.475,9.658,2.132,18.8
2024-10-17 09:00:00+00:00,0.04,5.084,-0.157,7.348,-0.227,100.0
2024-10-17 10:00:00+00:00,0.43,4.86,-1.168,7.025,-1.689,144.4
2024-10-17 11:00:00+00:00,0.32,4.135,-2.014,5.977,-2.912,132.5
2024-10-17 12:00:00+00:00,-0.41,3.707,-2.864,5.359,-4.139,294.9
2024-10-17 13:00:00+00:00,-0.67,3.759,-4.221,5.434,-6.101,277.8
2024-10-17 14:00:00+00:00,-0.21,2.909,-4.849,4.205,-7.009,174.0
2024-10-17 15:00:00+00:00,0.66,1.864,-4.424,2.695,-6.394,108.9
2024-10-17 16:00:00+00:00,0.01,1.151,-4.824,1.664,-6.972,34.9
2024-10-17 17:00:00+00:00,-1.36,0.73,-5.284,1.055,-7.638,0.0
2024-10-17 18:00:00+00:00,0.35,0.073,-4.532,0.106,-6.551,0.0
2024-10-17 19:00:00+00:00,-0.99,-0.189,-3.684,-0.273,-5.324,0.0
2024-10-17 20:00:00+00:00,-1.28,-0.463,-3.657,-0.67,-5.286,0.0
2024-10-17 21:00:00+00:00,1.73,-0.646,-4.279,-0.933,-6.184,0.0
2024-10-17 22:00:00+00:00,1.37,-0.736,-4.374,-1.063,-6.322,0.0
2024-10-17 23:00:00+00:00,2.69,-0.39,-4.908,-0.564,-7.094,0.0
2024-10-18 00:00:00+00:00,2.55,0.54,-6.453,0.781,-9.327,0.0
2024-10-18 01:00:00+00:00,1.17,1.538,-6.095,2.223,-8.81,0.0
2024-10-18 02:00:00+00:00,1.88,2.791,-6.04,4.034,-8.73,0.0
2024-10-18 03:00:00+00:00,0.15,3.253,-4.752,4.701,-6.868,0.0
2024-10-18 04:00:00+00:00,-0.76,4.428,-4.528,6.401,-6.545,0.0
2024-10-18 05:00:00+00:00,-1.08,4.211,-3.106,6.087,-4.49,0.0
2024-10-18 06:00:00+00:00,0.02,5.976,-3.331,8.638,-4.815,0.0
2024-10-18 07:00:00+00:00,2.69,7.492,-3.38,10.83,-4.886,0.0
2024-10-18 08:00:00+00:00,0.29,6.746,-2.167,9.75,-3.133,44.0
2024-10-18 09:00:00+00:00,-0.75,7.902,-1.287,11.422,-1.86,58.3
2024-10-18 10:00:00+00:00,-0.13,7.094,-0.106,10.253,-0.153,97.6
2024-10-18 11:00:00+00:00,1.06,7.935,1.475,11.469,2.132,119.4
2024-10-18 12:00:00+00:00,1.59,5.834,2.767,8.432,4.0,206.4
2024-10-18 13:00:00+00:00,1.75,5.643,5.55,8.156,8.022,163.9
2024-10-18 14:00:00+00:00,-3.49,3.644,7.455,5.267,10.775,148.1
2024-10-18 15:00:00+00:00,-4.76,1.319,7.486,1.907,10.821,33.3
2024-10-18 16:00:00+00:00,-5.13,-1.116,7.51,-1.614,10.855,12.0
2024-10-18 17:00:00+00:00,-1.66,-3.477,5.931,-5.026,8.573,0.0
2024-10-18 18:00:00+00:00,-1.28,-7.146,5.124,-10.329,7.406,0.0
2024-10-18 19:00:00+00:00,2.5,-7.778,2.426,-11.242,3.507,0.0
2024-10-18 20:00:00+00:00,4.25,-9.131,0.76,-13.198,1.098,0.0
2024-10-18 21:00:00+00:00,5.38,-8.365,-1.321,-12.092,-1.91,0.0
2024-10-18 22:00:00+00:00,6.72,-10.269,-4.14,-14.843,-5.983,0.0
2024-10-18 23:00:00+00:00,5.05,-9.346,-6.247,-13.509,-9.029,0.0
2024-10-19 00:00:00+00:00,3.48,-7.205,-7.905,-10.415,-11.426,0.0
2024-10-19 01:00:00+00:00,0.61,-4.541,-8.114,-6.563,-11.728,0.0
2024-10-19 02:00:00+00:00,0.83,-2.338,-7.551,-3.379,-10.914,0.0
2024-10-19 03:00:00+00:00,3.02,-0.736,-7.873,-1.063,-11.38,0.0
2024-10-19 04:00:00+00:00,0.56,0.695,-8.586,1.004,-12.41,0.0
2024-10-19 05:00:00+00:00,-0.69,1.802,-6.544,2.605,-9.459,0.0
2024-10-19 06:00:00+00:00,-1.28,2.637,-5.408,3.812,-7.818,0.0
2024-10-19 07:00:00+00:00,-1.0,4.411,-5.312,6.375,-7.678,0.0
2024-10-19 08:00:00+00:00,1.31,5.269,-3.529,7.616,-5.101,34.0
2024-10-19 09:00:00+00:00,2.33,7.089,-2.602,10.246,-3.762,134.6
2024-10-19 10:00:00+00:00,2.71,7.848,-1.475,11.343,-2.132,138.0
2024-10-19 11:00:00+00:00,2.24,6.879,-0.273,9.944,-0.395,167.5
2024-10-19 12:00:00+00:00,3.36,6.58,0.718,9.512,1.038,89.5
2024-10-19 13:00:00+00:00,2.63,5.291,1.532,7.648,2.215,58.6
2024-10-19 14:00:00+00:00,0.39,5.924,2.813,8.563,4.066,48.3
2024-10-19 15:00:00+00:00,0.65,5.456,4.428,7.887,6.4,63.5
2024-10-19 16:00:00+00:00,-0.76,3.215,4.434,4.647,6.409,24.1
2024-10-19 17:00:00+00:00,0.65,2.114,4.924,3.056,7.117,0.0
2024-10-19 18:00:00+00:00,3.03,1.24,6.35,1.792,9.178,0.0
2024-10-19 19:00:00+00:00,1.41,0.148,6.231,0.214,9.007,0.0
2024-10-19 20:00:00+00:00,2.21,-0.997,6.172,-1.441,8.921,0.0
2024-10-19 21:00:00+00:00,2.14,-1.851,5.328,-2.675,7.702,0.0
2024-10-19 22:00:00+00:00,1.99,-2.131,4.395,-3.08,6.353,0.0
2024-10-19 23:00:00+00:00,0.42,-2.346,3.869,-3.391,5.593,0.0
2024-10-20 00:00:00+00:00,1.21,-2.302,3.247,-3.327,4.693,0.0
2024-10-20 01:00:00+00:00,1.79,-2.333,2.474,-3.373,3.577,0.0
2024-10-20 02:00:00+00:00,1.83,-3.959,2.745,-5.723,3.967,0.0
2024-10-20 03:00:00+00:00,2.21,-4.933,2.114,-7.131,3.056,0.0
2024-10-20 04:00:00+00:00,3.38,-6.811,1.335,-9.845,1.93,0.0
2024-10-20 05:00:00+00:00,6.85,-5.777,-0.488,-8.35,-0.705,0.0
2024-10-20 06:00:00+00:00,8.4,-5.67,-2.127,-8.196,-3.075,0.0
2024-10-20 07:00:00+00:00,8.58,-5.086,-3.258,-7.351,-4.71,0.0
2024-10-20 08:00:00+00:00,5.91,-3.935,-4.285,-5.688,-6.193,25.8
2024-10-20 09:00:00+00:00,4.09,-2.235,-4.956,-3.23,-7.163,95.5
2024-10-20 10:00:00+00:00,1.47,-0.318,-5.835,-0.46,-8.435,194.4
2024-10-20 11:00:00+00:00,2.65,1.954,-4.989,2.824,-7.211,260.2
2024-10-20 12:00:00+00:00,3.39,3.355,-4.208,4.849,-6.082,276.1
2024-10-20 13:00:00+00:00,3.9,4.773,-3.02,6.9,-4.365,260.2
2024-10-20 14:00:00+00:00,5.13,5.292,-1.192,7.649,-1.722,213.6
2024-10-20 15:00:00+00:00,6.82,5.683,0.704,8.215,1.017,118.8
2024-10-20 16:00:00+00:00,5.29,7.375,3.203,10.66,4.629,29.9
2024-10-20 17:00:00+00:00,7.66,6.727,4.426,9.723,6.398,0.0
2024-10-20 18:00:00+00:00,4.26,5.305,5.284,7.667,7.637,0.0
2024-10-20 19:00:00+00:00,1.44,4.403,6.875,6.365,9.937,0.0
2024-10-20 20:00:00+00:00,0.37,2.485,6.088,3.591,8.8,0.0
2024-10-20 21:00:00+00:00,3.98,1.132,4.457,1.636,6.442,0.0
2024-10-20 22:00:00+00:00,5.92,0.508,5.753,0.734,8.315,0.0
2024-10-20 23:00:00+00:00,6.95,-0.215,6.36,-0.31,9.192,0.0
2024-10-21 00:00:00+00:00,6.97,-0.599,4.434,-0.866,6.409,0.0
2024-10-21 01:00:00+00:00,7.14,-0.776,4.05,-1.122,5.855,0.0
2024-10-21 02:00:00+00:00,8.32,-1.348,4.426,-1.949,6.398,0.0
2024-10-21 03:00:00+00:00,8.11,-2.134,4.985,-3.084,7.205,0.0
2024-10-21 04:00:00+00:00,8.11,-2.822,4.354,-4.079,6.294,0.0
2024-10-21 05:00:00+00:00,7.08,-3.787,3.727,-5.474,5.387,0.0
2024-10-21 06:00:00+00:00,6.92,-4.411,2.646,-6.376,3.825,0.0
2024-10-21 07:00:00+00:00,6.43,-4.457,1.075,-6.443,1.554,0.0
2024-10-21 08:00:00+00:00,5.07,-4.275,-0.32,-6.179,-0.463,36.9
2024-10-21 09:00:00+00:00,3.05,-3.511,-1.613,-5.075,-2.331,133.4
2024-10-21 10:00:00+00:00,2.71,-2.646,-2.683,-3.825,-3.878,207.5
2024-10-21 11:00:00+00:00,2.83,-1.492,-3.644,-2.157,-5.268,254.1
2024-10-21 12:00:00+00:00,0.62,0.116,-4.198,0.167,-6.068,270.0
2024-10-21 13:00:00+00:00,0.73,1.48,-3.193,2.14,-4.616,254.1
2024-10-21 14:00:00+00:00,-0.77,2.836,-3.046,4.099,-4.403,207.5
2024-10-21 15:00:00+00:00,-3.67,2.966,-1.918,4.287,-2.772,125.8
2024-10-21 16:00:00+00:00,-0.25,4.09,-1.402,5.911,-2.027,36.9
2024-10-21 17:00:00+00:00,-3.13,5.227,-0.659,7.555,-0.953,0.0
2024-10-21 18:00:00+00:00,-2.2,5.085,0.117,7.35,0.169,0.0
2024-10-21 19:00:00+00:00,-0.8,4.253,0.782,6.147,1.13,0.0
2024-10-21 20:00:00+00:00,1.6,3.287,1.057,4.752,1.527,0.0
2024-10-21 21:00:00+00:00,0.72,3.668,1.258,5.302,1.818,0.0
2024-10-21 22:00:00+00:00,3.44,4.727,1.215,6.832,1.756,0.0
2024-10-21 23:00:00+00:00,4.64,4.312,0.95,6.232,1.372,0.0
2024-10-22 00:00:00+00:00,3.84,6.249,1.286,9.033,1.859,0.0
2024-10-22 01:00:00+00:00,2.4,5.196,1.075,7.51,1.554,0.0
2024-10-22 02:00:00+00:00,2.26,6.121,1.113,8.847,1.609,0.0
2024-10-22 03:00:00+00:00,3.24,5.62,0.75,8.124,1.084,0.0
2024-10-22 04:00:00+00:00,4.63,5.016,0.584,7.25,0.844,0.0
2024-10-22 05:00:00+00:00,3.7,5.276,0.797,7.626,1.152,0.0
2024-10-22 06:00:00+00:00,3.92,4.917,0.969,7.108,1.401,0.0
2024-10-22 07:00:00+00:00,4.37,5.617,1.259,8.118,1.819,0.0
2024-10-22 08:00:00+00:00,3.63,5.53,0.798,7.994,1.154,18.5
2024-10-22 09:00:00+00:00,1.96,6.463,0.022,9.342,0.032,72.3
2024-10-22 10:00:00+00:00,1.33,6.67,-0.691,9.641,-0.999,56.9
2024-10-22 11:00:00+00:00,-3.49,6.243,-1.398,9.024,-2.021,54.6
2024-10-22 12:00:00+00:00,-2.95,6.148,-2.119,8.886,-3.062,58.1
2024-10-22 13:00:00+00:00,-2.19,6.288,-3.325,9.088,-4.805,54.6
2024-10-22 14:00:00+00:00,-1.51,5.292,-3.717,7.649,-5.372,44.3
2024-10-22 15:00:00+00:00,-1.25,5.3,-4.866,7.66,-7.033,28.1
2024-10-22 16:00:00+00:00,-3.82,4.628,-5.494,6.689,-7.941,6.8
2024-10-22 17:00:00+00:00,-3.69,4.121,-6.77,5.957,-9.786,0.0
2024-10-22 18:00:00+00:00,-2.15,4.823,-9.015,6.972,-13.031,0.0
2024-10-22 19:00:00+00:00,-3.66,4.137,-8.599,5.98,-12.43,0.0
2024-10-22 20:00:00+00:00,-1.61,3.848,-9.595,5.562,-13.869,0.0
2024-10-22 21:00:00+00:00,-0.17,3.195,-8.085,4.619,-11.687,0.0
2024-10-22 22:00:00+00:00,0.56,3.423,-9.848,4.948,-14.234,0.0
2024-10-22 23:00:00+00:00,1.1,2.383,-8.041,3.445,-11.623,0.0
2024-10-23 00:00:00+00:00,1.28,1.543,-7.211,2.23,-10.422,0.0
2024-10-23 01:00:00+00:00,2.53,0.829,-6.847,1.199,-9.897,0.0
2024-10-23 02:00:00+00:00,1.95,0.958,-5.636,1.385,-8.146,0.0
2024-10-23 03:00:00+00:00,2.58,1.114,-6.038,1.61,-8.727,0.0
2024-10-23 04:00:00+00:00,3.25,1.422,-6.578,2.055,-9.509,0.0
2024-10-23 05:00:00+00:00,-1.0,1.123,-5.916,1.623,-8.551,0.0
2024-10-23 06:00:00+00:00,-0.38,1.086,-5.09,1.569,-7.358,0.0
2024-10-23 07:00:00+00:00,-1.34,1.41,-4.913,2.038,-7.102,0.0
2024-10-23 08:00:00+00:00,-2.15,1.369,-4.486,1.979,-6.485,6.5
2024-10-23 09:00:00+00:00,-3.87,1.126,-3.884,1.627,-5.614,26.8
2024-10-23 10:00:00+00:00,-4.73,1.024,-3.8,1.48,-5.492,43.0
2024-10-23 11:00:00+00:00,-5.04,0.906,-3.223,1.31,-4.659,65.3
2024-10-23 12:00:00+00:00,-5.78,0.87,-2.95,1.258,-4.264,154.5
2024-10-23 13:00:00+00:00,-5.22,1.35,-3.197,1.952,-4.621,151.3
2024-10-23 14:00:00+00:00,-4.8,1.843,-2.919,2.664,-4.219,48.6
2024-10-23 15:00:00+00:00,-6.76,3.16,-3.572,4.567,-5.164,26.8
2024-10-23 16:00:00+00:00,-8.71,3.177,-2.943,4.591,-4.254,5.6
2024-10-23 17:00:00+00:00,-7.92,2.689,-2.214,3.887,-3.2,0.0
2024-10-23 18:00:00+00:00,-6.11,3.088,-2.271,4.464,-3.283,0.0
2024-10-23 19:00:00+00:00,-5.2,3.375,-2.139,4.878,-3.092,0.0
2024-10-23 20:00:00+00:00,-5.79,4.107,-1.953,5.937,-2.823,0.0
2024-10-23 21:00:00+00:00,-4.83,4.481,-0.981,6.477,-1.418,0.0
2024-10-23 22:00:00+00:00,-5.98,3.926,-0.208,5.674,-0.3,0.0
2024-10-23 23:00:00+00:00,-3.87,3.059,0.403,4.422,0.582,0.0
2024-10-24 00:00:00+00:00,-1.39,3.179,0.999,4.595,1.444,0.0
2024-10-24 01:00:00+00:00,-3.51,2.312,1.432,3.342,2.07,0.0
2024-10-24 02:00:00+00:00,-4.15,1.885,1.786,2.724,2.582,0.0
2024-10-24 03:00:00+00:00,-3.0,1.349,2.149,1.95,3.106,0.0
2024-10-24 04:00:00+00:00,-4.61,0.576,2.381,0.833,3.441,0.0
2024-10-24 05:00:00+00:00,-5.17,-0.236,2.687,-0.341,3.884,0.0
2024-10-24 06:00:00+00:00,-4.93,-1.432,2.844,-2.069,4.111,0.0
2024-10-24 07:00:00+00:00,-6.15,-2.094,2.246,-3.027,3.247,0.0
2024-10-24 08:00:00+00:00,-5.88,-2.868,1.464,-4.145,2.116,13.0
2024-10-24 09:00:00+00:00,-6.59,-3.566,0.532,-5.154,0.769,62.2
2024-10-24 10:00:00+00:00,-2.25,-2.983,-0.73,-4.311,-1.055,50.6
2024-10-24 11:00:00+00:00,-1.53,-2.892,-1.848,-4.18,-2.671,101.4
2024-10-24 12:00:00+00:00,-0.45,-2.364,-2.844,-3.417,-4.111,55.4
2024-10-24 13:00:00+00:00,-2.92,-1.622,-4.066,-2.344,-5.876,51.9
2024-10-24 14:00:00+00:00,1.58,-0.093,-4.098,-0.135,-5.924,90.3
2024-10-24 15:00:00+00:00,2.42,1.612,-4.346,2.33,-6.282,88.4
2024-10-24 16:00:00+00:00,3.6,2.846,-3.022,4.114,-4.368,19.7
2024-10-24 17:00:00+00:00,4.7,4.5,-2.125,6.504,-3.072,0.0
2024-10-24 18:00:00+00:00,4.49,5.362,-0.122,7.75,-0.177,0.0
2024-10-24 19:00:00+00:00,4.52,4.773,1.576,6.898,2.278,0.0
2024-10-24 20:00:00+00:00,3.86,2.987,2.36,4.317,3.411,0.0
2024-10-24 21:00:00+00:00,6.2,2.242,3.451,3.24,4.988,0.0
2024-10-24 22:00:00+00:00,4.53,1.275,4.286,1.843,6.195,0.0
2024-10-24 23:00:00+00:00,4.31,0.097,4.043,0.14,5.845,0.0
2024-10-25 00:00:00+00:00,6.61,-0.793,3.661,-1.147,5.291,0.0
2024-10-25 01:00:00+00:00,6.39,-1.539,3.321,-2.224,4.801,0.0
2024-10-25 02:00:00+00:00,5.19,-2.235,3.493,-3.23,5.049,0.0
2024-10-25 03:00:00+00:00,7.43,-2.839,3.542,-4.103,5.12,0.0
2024-10-25 04:00:00+00:00,7.11,-4.178,4.347,-6.039,6.283,0.0
2024-10-25 05:00:00+00:00,4.21,-4.835,4.265,-6.989,6.165,0.0
2024-10-25 06:00:00+00:00,1.58,-4.943,4.042,-7.144,5.843,0.0
2024-10-25 07:00:00+00:00,3.44,-4.216,3.336,-6.094,4.821,0.0
2024-10-25 08:00:00+00:00,3.33,-4.486,3.423,-6.484,4.948,4.5
2024-10-25 09:00:00+00:00,2.13,-4.951,3.602,-7.157,5.207,62.9
2024-10-25 10:00:00+00:00,1.15,-4.445,3.179,-6.424,4.595,107.8
2024-10-25 11:00:00+00:00,1.59,-5.201,3.005,-7.518,4.343,91.4
2024-10-25 12:00:00+00:00,1.41,-5.573,2.564,-8.056,3.707,54.7
2024-10-25 13:00:00+00:00,-1.13,-4.98,2.463,-7.198,3.561,50.6
2024-10-25 14:00:00+00:00,-0.36,-3.866,2.501,-5.587,3.614,40.4
2024-10-25 15:00:00+00:00,-1.53,-3.848,2.507,-5.562,3.624,24.2
2024-10-25 16:00:00+00:00,1.45,-3.24,2.397,-4.683,3.464,3.1
2024-10-25 17:00:00+00:00,3.65,-3.453,2.77,-4.991,4.004,0.0
2024-10-25 18:00:00+00:00,5.43,-3.696,3.154,-5.342,4.559,0.0
2024-10-25 19:00:00+00:00,6.4,-3.197,3.123,-4.62,4.514,0.0
2024-10-25 20:00:00+00:00,5.35,-3.07,2.642,-4.438,3.819,0.0
2024-10-25 21:00:00+00:00,3.48,-3.266,2.722,-4.721,3.935,0.0
2024-10-25 22:00:00+00:00,6.07,-2.729,2.031,-3.944,2.936,0.0
2024-10-25 23:00:00+00:00,5.48,-3.141,1.81,-4.54,2.616,0.0
2024-10-26 00:00:00+00:00,6.61,-3.551,1.43,-5.133,2.068,0.0
2024-10-26 01:00:00+00:00,3.48,-3.289,1.152,-4.753,1.666,0.0
2024-10-26 02:00:00+00:00,2.89,-3.798,1.318,-5.49,1.906,0.0
2024-10-26 03:00:00+00:00,1.14,-4.329,1.69,-6.258,2.443,0.0
2024-10-26 04:00:00+00:00,0.66,-3.808,1.419,-5.504,2.052,0.0
2024-10-26 05:00:00+00:00,1.59,-3.328,1.377,-4.81,1.99,0.0
2024-10-26 06:00:00+00:00,3.62,-3.402,1.769,-4.917,2.557,0.0
2024-10-26 07:00:00+00:00,1.49,-3.02,2.01,-4.365,2.905,0.0
2024-10-26 08:00:00+00:00,1.68,-2.387,1.983,-3.45,2.866,3.2
2024-10-26 09:00:00+00:00,3.33,-2.393,2.53,-3.459,3.658,27.2
2024-10-26 10:00:00+00:00,3.27,-2.394,3.064,-3.461,4.429,62.9
2024-10-26 11:00:00+00:00,2.83,-1.779,3.154,-2.572,4.558,175.5
2024-10-26 12:00:00+00:00,0.57,-0.782,3.325,-1.13,4.806,240.1
2024-10-26 13:00:00+00:00,1.69,0.378,3.055,0.546,4.416,208.2
2024-10-26 14:00:00+00:00,3.59,1.752,3.2,2.533,4.626,164.6
2024-10-26 15:00:00+00:00,2.79,3.01,2.716,4.351,3.926,86.4
2024-10-26 16:00:00+00:00,3.45,5.129,2.246,7.413,3.247,7.3
2024-10-26 17:00:00+00:00,2.76,4.721,0.371,6.824,0.536,0.0
2024-10-26 18:00:00+00:00,1.6,5.455,-1.394,7.884,-2.015,0.0
2024-10-26 19:00:00+00:00,2.22,4.886,-3.626,7.062,-5.242,0.0
2024-10-26 20:00:00+00:00,3.33,3.693,-5.112,5.338,-7.39,0.0
2024-10-26 21:00:00+00:00,1.48,2.434,-7.267,3.518,-10.504,0.0
2024-10-26 22:00:00+00:00,4.04,0.332,-6.586,0.48,-9.52,0.0
2024-10-26 23:00:00+00:00,3.11,-1.419,-7.313,-2.051,-10.571,0.0
2024-10-27 00:00:00+00:00,2.27,-2.881,-6.404,-4.164,-9.256,0.0
2024-10-27 01:00:00+00:00,0.62,-4.208,-6.799,-6.082,-9.828,0.0
2024-10-27 02:00:00+00:00,-0.16,-4.767,-5.171,-6.89,-7.474,0.0
2024-10-27 03:00:00+00:00,1.11,-4.261,-3.004,-6.159,-4.342,0.0
2024-10-27 04:00:00+00:00,3.02,-4.613,-2.148,-6.668,-3.104,0.0
2024-10-27 05:00:00+00:00,1.61,-4.372,-1.339,-6.32,-1.935,0.0
2024-10-27 06:00:00+00:00,-0.16,-4.006,-0.643,-5.791,-0.93,0.0
2024-10-27 07:00:00+00:00,-1.87,-4.084,0.121,-5.903,0.175,0.0
2024-10-27 08:00:00+00:00,-2.41,-4.245,0.818,-6.136,1.182,2.4
2024-10-27 09:00:00+00:00,-1.89,-4.142,1.324,-5.987,1.913,85.6
2024-10-27 10:00:00+00:00,-2.83,-3.907,1.773,-5.648,2.562,172.3
2024-10-27 11:00:00+00:00,-0.42,-3.179,1.547,-4.595,2.237,157.5
2024-10-27 12:00:00+00:00,0.34,-3.592,1.697,-5.191,2.453,190.2
2024-10-27 13:00:00+00:00,4.09,-3.98,2.144,-5.753,3.099,218.5
2024-10-27 14:00:00+00:00,3.91,-4.166,2.138,-6.022,3.091,172.3
2024-10-27 15:00:00+00:00,4.4,-3.738,1.84,-5.402,2.66,98.9
2024-10-27 16:00:00+00:00,2.99,-3.37,1.499,-4.871,2.167,3.1
2024-10-27 17:00:00+00:00,5.16,-3.473,1.686,-5.02,2.438,0.0
2024-10-27 18:00:00+00:00,4.05,-3.294,1.809,-4.761,2.615,0.0
2024-10-27 19:00:00+00:00,5.63,-3.728,2.866,-5.389,4.142,0.0
2024-10-27 20:00:00+00:00,3.51,-3.833,3.919,-5.541,5.664,0.0
2024-10-27 21:00:00+00:00,4.44,-2.569,3.129,-3.713,4.523,0.0
2024-10-27 22:00:00+00:00,8.16,-3.231,4.294,-4.671,6.206,0.0
2024-10-27 23:00:00+00:00,9.45,-3.064,4.281,-4.429,6.188,0.0
2024-10-28 00:00:00+00:00,4.69,-3.314,4.895,-4.79,7.076,0.0
2024-10-28 01:00:00+00:00,7.87,-3.0,4.767,-4.337,6.89,0.0
2024-10-28 02:00:00+00:00,8.69,-3.16,5.206,-4.568,7.525,0.0
2024-10-28 03:00:00+00:00,9.5,-2.51,4.571,-3.629,6.608,0.0
2024-10-28 04:00:00+00:00,6.6,-2.509,4.252,-3.627,6.146,0.0
2024-10-28 05:00:00+00:00,4.16,-1.769,3.099,-2.556,4.48,0.0
2024-10-28 06:00:00+00:00,5.2,-2.278,3.723,-3.293,5.381,0.0
2024-10-28 07:00:00+00:00,8.64,-2.637,3.955,-3.812,5.716,0.0
2024-10-28 08:00:00+00:00,9.71,-2.612,3.242,-3.775,4.686,0.0
2024-10-28 09:00:00+00:00,6.01,-2.414,2.566,-3.489,3.709,93.3
2024-10-28 10:00:00+00:00,7.01,-3.346,3.463,-4.836,5.006,166.7
2024-10-28 11:00:00+00:00,6.97,-3.114,3.368,-4.501,4.868,212.8
2024-10-28 12:00:00+00:00,5.98,-3.079,3.498,-4.451,5.056,228.5
2024-10-28 13:00:00+00:00,5.4,-2.025,2.716,-2.927,3.926,212.8
2024-10-28 14:00:00+00:00,4.75,-2.448,3.451,-3.539,4.989,166.7
2024-10-28 15:00:00+00:00,2.7,-2.441,3.606,-3.529,5.212,93.3
2024-10-28 16:00:00+00:00,0.4,-2.442,3.743,-3.53,5.41,0.0
2024-10-28 17:00:00+00:00,-1.78,-2.241,3.59,-3.239,5.189,0.0
2024-10-28 18:00:00+00:00,-1.17,-1.843,3.461,-2.664,5.002,0.0
2024-10-28 19:00:00+00:00,0.19,-1.757,3.404,-2.539,4.92,0.0
2024-10-28 20:00:00+00:00,-1.98,-1.916,3.695,-2.769,5.341,0.0
2024-10-28 21:00:00+00:00,-0.02,-1.898,3.236,-2.743,4.678,0.0
2024-10-28 22:00:00+00:00,-0.27,-2.069,3.012,-2.991,4.353,0.0
2024-10-28 23:00:00+00:00,-0.18,-2.351,3.002,-3.398,4.339,0.0
2024-10-29 00:00:00+00:00,-1.69,-2.675,2.865,-3.866,4.141,0.0
2024-10-29 01:00:00+00:00,-1.39,-2.406,2.546,-3.478,3.68,0.0
2024-10-29 02:00:00+00:00,-1.45,-2.47,2.748,-3.571,3.972,0.0
2024-10-29 03:00:00+00:00,0.22,-2.238,2.542,-3.235,3.674,0.0
2024-10-29 04:00:00+00:00,2.8,-2.374,2.807,-3.431,4.057,0.0
2024-10-29 05:00:00+00:00,1.04,-2.535,3.348,-3.665,4.839,0.0
2024-10-29 06:00:00+00:00,-0.23,-1.8,2.758,-2.601,3.987,0.0
2024-10-29 07:00:00+00:00,0.08,-1.914,3.008,-2.766,4.347,0.0
2024-10-29 08:00:00+00:00,-0.95,-2.062,3.053,-2.98,4.413,0.0
2024-10-29 09:00:00+00:00,-0.14,-2.239,2.985,-3.237,4.314,19.3
2024-10-29 10:00:00+00:00,-2.73,-2.731,2.933,-3.947,4.239,35.4
2024-10-29 11:00:00+00:00,-2.18,-2.793,2.557,-4.038,3.696,45.6
2024-10-29 12:00:00+00:00,-3.39,-2.865,2.347,-4.141,3.393,61.4
2024-10-29 13:00:00+00:00,-2.96,-3.349,2.157,-4.84,3.118,57.3
2024-10-29 14:00:00+00:00,-3.19,-3.338,2.202,-4.825,3.183,35.4
2024-10-29 15:00:00+00:00,-5.82,-4.368,2.524,-6.314,3.649,19.3
2024-10-29 16:00:00+00:00,-4.89,-4.448,1.975,-6.429,2.855,0.0
2024-10-29 17:00:00+00:00,-2.95,-4.184,1.474,-6.047,2.131,0.0
2024-10-29 18:00:00+00:00,-3.01,-3.944,1.026,-5.701,1.483,0.0
2024-10-29 19:00:00+00:00,-0.92,-4.435,0.774,-6.41,1.119,0.0
2024-10-29 20:00:00+00:00,4.66,-4.302,0.332,-6.218,0.48,0.0
2024-10-29 21:00:00+00:00,4.28,-3.71,0.026,-5.362,0.037,0.0
2024-10-29 22:00:00+00:00,3.85,-4.374,-0.523,-6.322,-0.756,0.0
2024-10-29 23:00:00+00:00,3.38,-4.36,-1.025,-6.302,-1.481,0.0
2024-10-30 00:00:00+00:00,-1.24,-3.763,-1.242,-5.44,-1.796,0.0
2024-10-30 01:00:00+00:00,-1.22,-3.252,-1.72,-4.701,-2.487,0.0
2024-10-30 02:00:00+00:00,-2.52,-3.631,-2.488,-5.249,-3.597,0.0
2024-10-30 03:00:00+00:00,-3.88,-3.144,-2.641,-4.544,-3.818,0.0
2024-10-30 04:00:00+00:00,-4.81,-2.722,-2.165,-3.934,-3.129,0.0
2024-10-30 05:00:00+00:00,-5.76,-2.95,-2.028,-4.264,-2.931,0.0
2024-10-30 06:00:00+00:00,-6.99,-2.641,-1.443,-3.818,-2.085,0.0
2024-10-30 07:00:00+00:00,-6.4,-2.408,-1.155,-3.48,-1.67,0.0
2024-10-30 08:00:00+00:00,-7.47,-2.429,-1.103,-3.511,-1.594,0.0
2024-10-30 09:00:00+00:00,-6.4,-2.745,-1.321,-3.968,-1.909,82.5
2024-10-30 10:00:00+00:00,-6.7,-2.585,-1.317,-3.736,-1.904,154.2
2024-10-30 11:00:00+00:00,-7.31,-2.627,-1.329,-3.797,-1.921,195.8
2024-10-30 12:00:00+00:00,-8.63,-2.588,-1.288,-3.74,-1.862,217.3
2024-10-30 13:00:00+00:00,-8.18,-2.776,-1.286,-4.013,-1.859,154.7
2024-10-30 14:00:00+00:00,-7.68,-3.383,-1.568,-4.89,-2.266,106.9
2024-10-30 15:00:00+00:00,-6.6,-3.769,-1.611,-5.448,-2.328,51.8
2024-10-30 16:00:00+00:00,-5.66,-3.804,-1.689,-5.498,-2.441,0.0
2024-10-30 17:00:00+00:00,-6.58,-3.098,-1.567,-4.478,-2.265,0.0
2024-10-30 18:00:00+00:00,-5.42,-2.909,-1.93,-4.204,-2.789,0.0
2024-10-30 19:00:00+00:00,-6.6,-2.248,-2.28,-3.25,-3.296,0.0
2024-10-30 20:00:00+00:00,-3.92,-1.483,-2.9,-2.144,-4.192,0.0
2024-10-30 21:00:00+00:00,-1.04,-0.729,-3.44,-1.054,-4.973,0.0
2024-10-30 22:00:00+00:00,-1.12,0.003,-2.887,0.005,-4.173,0.0
2024-10-30 23:00:00+00:00,-2.05,0.733,-2.864,1.059,-4.14,0.0
2024-10-31 00:00:00+00:00,-4.71,1.702,-3.294,2.46,-4.762,0.0
2024-10-31 01:00:00+00:00,-6.59,1.905,-2.734,2.753,-3.952,0.0
2024-10-31 02:00:00+00:00,-6.74,3.154,-2.909,4.559,-4.204,0.0
2024-10-31 03:00:00+00:00,-7.38,3.055,-2.034,4.416,-2.94,0.0
2024-10-31 04:00:00+00:00,-7.4,2.668,-1.285,3.856,-1.857,0.0
2024-10-31 05:00:00+00:00,-6.34,3.357,-0.687,4.853,-0.993,0.0
2024-10-31 06:00:00+00:00,-6.14,3.114,-0.053,4.502,-0.076,0.0
2024-10-31 07:00:00+00:00,-5.68,2.737,0.61,3.956,0.881,0.0
2024-10-31 08:00:00+00:00,-5.0,2.229,1.176,3.222,1.699,0.0
2024-10-31 09:00:00+00:00,-4.39,2.259,1.971,3.266,2.849,17.0
2024-10-31 10:00:00+00:00,-7.72,2.084,2.662,3.012,3.848,33.0
2024-10-31 11:00:00+00:00,-7.22,1.535,2.606,2.219,3.767,43.1
2024-10-31 12:00:00+00:00,-6.37,1.186,3.067,1.715,4.433,46.6
2024-10-31 13:00:00+00:00,-4.77,1.166,3.613,1.685,5.222,43.1
2024-10-31 14:00:00+00:00,-7.16,0.936,4.053,1.352,5.859,33.0
2024-10-31 15:00:00+00:00,-7.76,1.613,5.297,2.332,7.657,18.2
2024-10-31 16:00:00+00:00,-8.74,1.583,4.587,2.289,6.63,0.0
2024-10-31 17:00:00+00:00,-8.0,1.898,5.166,2.743,7.467,0.0
2024-10-31 18:00:00+00:00,-7.64,1.947,4.821,2.815,6.969,0.0
2024-10-31 19:00:00+00:00,-6.15,2.081,5.781,3.008,8.356,0.0
2024-10-31 20:00:00+00:00,-5.21,1.655,5.178,2.393,7.485,0.0
2024-10-31 21:00:00+00:00,-6.76,0.777,5.932,1.123,8.574,0.0
2024-10-31 22:00:00+00:00,-4.37,-0.356,5.246,-0.514,7.583,0.0
2024-10-31 23:00:00+00:00,-2.35,-1.155,4.817,-1.67,6.963,0.0
2024-11-01 00:00:00+00:00,-0.68,-1.975,4.529,-2.855,6.547,0.0
2024-11-01 01:00:00+00:00,-1.96,-3.098,4.626,-4.478,6.687,0.0
2024-11-01 02:00:00+00:00,-0.56,-3.965,4.028,-5.732,5.822,0.0
2024-11-01 03:00:00+00:00,-0.44,-4.596,3.516,-6.644,5.082,0.0
2024-11-01 04:00:00+00:00,-2.68,-3.518,2.62,-5.085,3.786,0.0
2024-11-01 05:00:00+00:00,0.14,-3.045,2.358,-4.402,3.409,0.0
2024-11-01 06:00:00+00:00,1.09,-2.626,2.038,-3.796,2.946,0.0
2024-11-01 07:00:00+00:00,1.3,-2.16,1.795,-3.122,2.594,0.0
2024-11-01 08:00:00+00:00,2.64,-2.214,1.71,-3.201,2.471,0.0
2024-11-01 09:00:00+00:00,-0.33,-2.121,1.473,-3.066,2.129,71.9
2024-11-01 10:00:00+00:00,-3.17,-1.837,1.294,-2.655,1.871,119.9
2024-11-01 11:00:00+00:00,-4.67,-2.058,1.247,-2.974,1.803,177.9
2024-11-01 12:00:00+00:00,-4.57,-2.615,1.422,-3.78,2.055,193.7
2024-11-01 13:00:00+00:00,-3.76,-2.99,1.471,-4.321,2.127,147.6
2024-11-01 14:00:00+00:00,-1.5,-3.458,1.482,-4.999,2.143,140.6
2024-11-01 15:00:00+00:00,-1.9,-3.548,1.202,-5.128,1.737,71.9
2024-11-01 16:00:00+00:00,-1.51,-3.517,0.865,-5.083,1.25,0.0
2024-11-01 17:00:00+00:00,0.67,-3.732,0.369,-5.395,0.533,0.0
2024-11-01 18:00:00+00:00,1.39,-4.08,0.188,-5.897,0.272,0.0
2024-11-01 19:00:00+00:00,1.97,-4.948,-0.01,-7.153,-0.015,0.0
2024-11-01 20:00:00+00:00,2.98,-5.156,-0.357,-7.453,-0.517,0.0
2024-11-01 21:00:00+00:00,3.01,-3.677,-0.63,-5.315,-0.91,0.0
2024-11-01 22:00:00+00:00,4.2,-4.302,-1.415,-6.218,-2.045,0.0
2024-11-01 23:00:00+00:00,3.84,-3.405,-1.385,-4.921,-2.002,0.0
2024-11-02 00:00:00+00:00,5.98,-3.0,-1.534,-4.337,-2.217,0.0
2024-11-02 01:00:00+00:00,7.74,-3.313,-2.126,-4.788,-3.073,0.0
2024-11-02 02:00:00+00:00,6.39,-2.822,-2.021,-4.079,-2.922,0.0
2024-11-02 03:00:00+00:00,5.4,-2.671,-2.113,-3.86,-3.055,0.0
2024-11-02 04:00:00+00:00,6.15,-2.726,-2.611,-3.94,-3.773,0.0
2024-11-02 05:00:00+00:00,4.79,-2.146,-2.618,-3.101,-3.784,0.0
2024-11-02 06:00:00+00:00,3.97,-1.682,-2.977,-2.432,-4.303,0.0
2024-11-02 07:00:00+00:00,4.28,-0.847,-3.485,-1.224,-5.038,0.0
2024-11-02 08:00:00+00:00,0.18,-0.075,-4.878,-0.108,-7.052,0.0
2024-11-02 09:00:00+00:00,-1.93,0.891,-4.341,1.288,-6.275,66.8
2024-11-02 10:00:00+00:00,-3.51,1.507,-3.247,2.178,-4.693,139.6
2024-11-02 11:00:00+00:00,-6.68,2.523,-3.662,3.647,-5.294,185.4
2024-11-02 12:00:00+00:00,-8.16,3.447,-2.854,4.982,-4.126,201.0
2024-11-02 13:00:00+00:00,-10.05,4.707,-1.908,6.804,-2.758,167.2
2024-11-02 14:00:00+00:00,-11.02,4.233,-0.288,6.119,-0.416,100.9
2024-11-02 15:00:00+00:00,-12.31,4.538,1.277,6.559,1.845,45.8
2024-11-02 16:00:00+00:00,-10.64,3.833,2.747,5.54,3.97,0.0
2024-11-02 17:00:00+00:00,-9.07,3.091,3.937,4.468,5.691,0.0
2024-11-02 18:00:00+00:00,-5.71,1.507,5.132,2.178,7.418,0.0
2024-11-02 19:00:00+00:00,-7.25,-0.301,4.899,-0.435,7.081,0.0
2024-11-02 20:00:00+00:00,-4.74,-2.073,5.104,-2.997,7.378,0.0
2024-11-02 21:00:00+00:00,-4.54,-3.982,3.929,-5.755,5.679,0.0
2024-11-02 22:00:00+00:00,0.9,-5.771,1.676,-8.342,2.423,0.0
2024-11-02 23:00:00+00:00,0.74,-6.206,-1.098,-8.97,-1.586,0.0
2024-11-03 00:00:00+00:00,-2.77,-5.272,-3.547,-7.621,-5.126,0.0
2024-11-03 01:00:00+00:00,-2.99,-3.471,-5.687,-5.017,-8.22,0.0
2024-11-03 02:00:00+00:00,-2.6,-0.592,-7.729,-0.856,-11.172,0.0
2024-11-03 03:00:00+00:00,-1.8,2.36,-5.365,3.411,-7.755,0.0
2024-11-03 04:00:00+00:00,-0.8,3.654,-2.997,5.281,-4.332,0.0
2024-11-03 05:00:00+00:00,-1.05,4.569,-1.239,6.604,-1.79,0.0
2024-11-03 06:00:00+00:00,-2.89,3.427,0.261,4.953,0.377,0.0
2024-11-03 07:00:00+00:00,-0.86,3.147,1.754,4.548,2.536,0.0
2024-11-03 08:00:00+00:00,-1.36,2.779,3.44,4.016,4.972,0.0
2024-11-03 09:00:00+00:00,-0.74,1.082,3.418,1.564,4.941,61.7
2024-11-03 10:00:00+00:00,-0.13,-0.236,3.824,-0.342,5.527,134.4
2024-11-03 11:00:00+00:00,-1.38,-1.425,2.981,-2.06,4.309,180.1
2024-11-03 12:00:00+00:00,-0.71,-2.703,2.372,-3.907,3.428,195.7
2024-11-03 13:00:00+00:00,-1.81,-3.117,1.176,-4.506,1.7,174.6
2024-11-03 14:00:00+00:00,-1.11,-3.507,0.111,-5.069,0.16,134.4
2024-11-03 15:00:00+00:00,-1.93,-2.608,-0.624,-3.77,-0.901,49.6
2024-11-03 16:00:00+00:00,-2.0,-2.09,-1.292,-3.021,-1.868,0.0
2024-11-03 17:00:00+00:00,-5.22,-1.83,-2.399,-2.645,-3.467,0.0
2024-11-03 18:00:00+00:00,-6.78,-0.696,-2.474,-1.006,-3.575,0.0
2024-11-03 19:00:00+00:00,-5.69,0.511,-3.427,0.738,-4.953,0.0
2024-11-03 20:00:00+00:00,-1.69,2.059,-3.053,2.976,-4.413,0.0
2024-11-03 21:00:00+00:00,-0.7,2.756,-1.525,3.984,-2.204,0.0
2024-11-03 22:00:00+00:00,2.56,3.833,-0.026,5.541,-0.038,0.0
2024-11-03 23:00:00+00:00,3.59,2.633,1.743,3.806,2.52,0.0
2024-11-04 00:00:00+00:00,1.99,0.978,2.995,1.414,4.329,0.0
2024-11-04 01:00:00+00:00,1.69,-1.484,3.794,-2.144,5.484,0.0
2024-11-04 02:00:00+00:00,4.54,-3.11,1.698,-4.495,2.455,0.0
2024-11-04 03:00:00+00:00,3.2,-3.947,-0.931,-5.706,-1.346,0.0
2024-11-04 04:00:00+00:00,1.63,-3.242,-4.675,-4.686,-6.757,0.0
2024-11-04 05:00:00+00:00,-0.98,0.598,-6.249,0.864,-9.032,0.0
2024-11-04 06:00:00+00:00,0.7,3.779,-3.959,5.462,-5.722,0.0
2024-11-04 07:00:00+00:00,0.92,5.782,-1.047,8.358,-1.514,0.0
2024-11-04 08:00:00+00:00,-0.25,4.253,1.817,6.148,2.626,0.0
2024-11-04 09:00:00+00:00,-1.01,3.394,4.702,4.906,6.796,56.7
2024-11-04 10:00:00+00:00,-2.68,0.575,5.459,0.831,7.891,129.3
2024-11-04 11:00:00+00:00,-2.02,-1.895,4.793,-2.74,6.928,174.9
2024-11-04 12:00:00+00:00,-1.4,-4.523,3.181,-6.538,4.598,69.0
2024-11-04 13:00:00+00:00,-4.81,-4.619,0.15,-6.676,0.217,38.5
2024-11-04 14:00:00+00:00,-1.98,-4.096,-2.457,-5.921,-3.552,28.4
2024-11-04 15:00:00+00:00,-3.52,-2.421,-4.371,-3.499,-6.318,12.5
2024-11-04 16:00:00+00:00,-4.37,-0.061,-4.275,-0.088,-6.18,0.0
2024-11-04 17:00:00+00:00,-6.32,2.64,-5.756,3.816,-8.319,0.0
2024-11-04 18:00:00+00:00,-7.29,4.912,-3.952,7.1,-5.712,0.0
2024-11-04 19:00:00+00:00,-3.94,6.143,-2.079,8.88,-3.005,0.0
2024-11-04 20:00:00+00:00,-3.17,4.634,-0.048,6.698,-0.07,0.0
2024-11-04 21:00:00+00:00,-3.81,2.928,1.005,4.232,1.453,0.0
2024-11-04 22:00:00+00:00,-1.64,2.21,1.532,3.195,2.215,0.0
2024-11-04 23:00:00+00:00,-0.46,2.054,2.594,2.969,3.749,0.0
2024-11-05 00:00:00+00:00,1.24,1.121,2.685,1.62,3.881,0.0
2024-11-05 01:00:00+00:00,2.31,0.402,3.934,0.581,5.687,0.0
2024-11-05 02:00:00+00:00,3.9,-0.953,3.938,-1.378,5.692,0.0
2024-11-05 03:00:00+00:00,2.52,-1.883,3.496,-2.722,5.053,0.0
2024-11-05 04:00:00+00:00,2.75,-3.11,3.359,-4.495,4.855,0.0
2024-11-05 05:00:00+00:00,1.83,-3.466,1.973,-5.01,2.852,0.0
2024-11-05 06:00:00+00:00,2.33,-3.47,0.643,-5.016,0.929,0.0
2024-11-05 07:00:00+00:00,0.74,-3.563,-0.304,-5.15,-0.44,0.0
2024-11-05 08:00:00+00:00,0.34,-3.364,-1.304,-4.862,-1.885,0.0
2024-11-05 09:00:00+00:00,-3.27,-2.411,-2.259,-3.485,-3.266,50.1
2024-11-05 10:00:00+00:00,-6.12,-1.821,-3.212,-2.632,-4.643,103.2
2024-11-05 11:00:00+00:00,-5.59,-0.954,-3.335,-1.38,-4.821,169.9
2024-11-05 12:00:00+00:00,-5.59,-0.371,-3.684,-0.536,-5.325,185.4
2024-11-05 13:00:00+00:00,-5.56,0.129,-3.913,0.187,-5.656,169.9
2024-11-05 14:00:00+00:00,-5.53,0.836,-3.406,1.208,-4.923,112.4
2024-11-05 15:00:00+00:00,-5.09,2.064,-4.22,2.984,-6.1,51.8
2024-11-05 16:00:00+00:00,-5.5,3.274,-4.316,4.732,-6.239,0.0
2024-11-05 17:00:00+00:00,-4.32,4.278,-3.531,6.184,-5.103,0.0
2024-11-05 18:00:00+00:00,-5.01,4.841,-2.12,6.997,-3.064,0.0
2024-11-05 19:00:00+00:00,-3.84,5.62,-1.223,8.124,-1.767,0.0
2024-11-05 20:00:00+00:00,-0.69,4.851,-0.248,7.011,-0.359,0.0
2024-11-05 21:00:00+00:00,1.1,5.768,0.635,8.338,0.919,0.0
2024-11-05 22:00:00+00:00,1.81,5.712,2.104,8.256,3.041,0.0
2024-11-05 23:00:00+00:00,0.71,4.781,3.374,6.91,4.877,0.0
2024-11-06 00:00:00+00:00,2.12,3.143,4.475,4.544,6.468,0.0
2024-11-06 01:00:00+00:00,2.36,1.794,5.601,2.593,8.096,0.0
2024-11-06 02:00:00+00:00,3.04,-0.216,5.151,-0.313,7.445,0.0
2024-11-06 03:00:00+00:00,1.82,-2.185,5.454,-3.159,7.884,0.0
2024-11-06 04:00:00+00:00,-1.97,-3.966,4.85,-5.733,7.01,0.0
2024-11-06 05:00:00+00:00,-2.78,-5.362,3.461,-7.751,5.003,0.0
2024-11-06 06:00:00+00:00,-4.93,-5.582,1.013,-8.068,1.464,0.0
2024-11-06 07:00:00+00:00,-4.91,-5.574,-1.436,-8.056,-2.076,0.0
2024-11-06 08:00:00+00:00,-5.7,-4.043,-3.429,-5.843,-4.957,0.0
2024-11-06 09:00:00+00:00,-4.16,-2.112,-5.501,-3.053,-7.951,10.3
2024-11-06 10:00:00+00:00,-3.55,0.742,-6.064,1.072,-8.766,75.8
2024-11-06 11:00:00+00:00,-4.67,2.773,-3.705,4.008,-5.355,65.6
2024-11-06 12:00:00+00:00,-4.7,4.067,-1.822,5.879,-2.633,39.7
2024-11-06 13:00:00+00:00,-5.21,5.79,0.514,8.369,0.742,36.3
2024-11-06 14:00:00+00:00,-8.06,5.59,3.619,8.081,5.231,26.3
2024-11-06 15:00:00+00:00,-7.14,2.755,5.026,3.982,7.264,10.3
2024-11-06 16:00:00+00:00,-6.56,0.475,5.43,0.687,7.848,0.0
2024-11-06 17:00:00+00:00,-2.05,-3.201,6.926,-4.627,10.011,0.0
2024-11-06 18:00:00+00:00,-2.52,-7.322,4.449,-10.583,6.431,0.0
2024-11-06 19:00:00+00:00,-4.34,-8.107,-0.324,-11.718,-0.468,0.0
2024-11-06 20:00:00+00:00,-6.1,-6.04,-4.213,-8.731,-6.09,0.0
2024-11-06 21:00:00+00:00,-4.85,-2.523,-6.731,-3.648,-9.73,0.0
2024-11-06 22:00:00+00:00,-4.46,2.226,-7.757,3.218,-11.212,0.0
2024-11-06 23:00:00+00:00,-3.7,6.692,-3.979,9.672,-5.751,0.0
2024-11-07 00:00:00+00:00,-3.56,8.521,2.098,12.316,3.032,0.0
2024-11-07 01:00:00+00:00,-2.26,3.544,5.94,5.123,8.586,0.0
2024-11-07 02:00:00+00:00,-1.53,-1.511,4.653,-2.184,6.725,0.0
2024-11-07 03:00:00+00:00,0.43,-5.294,2.085,-7.653,3.014,0.0
2024-11-07 04:00:00+00:00,-0.71,-5.92,-3.762,-8.557,-5.438,0.0
2024-11-07 05:00:00+00:00,-0.01,-0.252,-7.609,-0.365,-10.998,0.0
2024-11-07 06:00:00+00:00,-1.83,5.544,-4.208,8.013,-6.083,0.0
2024-11-07 07:00:00+00:00,-2.54,7.457,2.061,10.778,2.978,0.0
2024-11-07 08:00:00+00:00,-2.18,3.555,7.093,5.138,10.253,0.0
2024-11-07 09:00:00+00:00,-3.46,-1.708,5.462,-2.469,7.895,9.3
2024-11-07 10:00:00+00:00,-5.99,-5.117,3.029,-7.397,4.378,25.2
2024-11-07 11:00:00+00:00,-3.47,-5.122,-0.792,-7.404,-1.144,38.9
2024-11-07 12:00:00+00:00,-4.34,-3.768,-4.599,-5.447,-6.648,40.4
2024-11-07 13:00:00+00:00,-8.34,0.296,-6.377,0.427,-9.218,35.2
2024-11-07 14:00:00+00:00,-10.01,5.0,-5.394,7.227,-7.796,25.2
2024-11-07 15:00:00+00:00,-10.35,5.462,-1.131,7.895,-1.635,10.9
2024-11-07 16:00:00+00:00,-10.82,3.987,1.677,5.763,2.423,0.0
2024-11-07 17:00:00+00:00,-9.83,2.085,3.639,3.013,5.26,0.0
2024-11-07 18:00:00+00:00,-7.27,-0.479,5.318,-0.692,7.687,0.0
2024-11-07 19:00:00+00:00,-8.37,-3.4,4.13,-4.915,5.97,0.0
2024-11-07 20:00:00+00:00,-7.39,-4.495,1.379,-6.497,1.993,0.0
2024-11-07 21:00:00+00:00,-7.54,-3.94,-1.12,-5.695,-1.619,0.0
2024-11-07 22:00:00+00:00,-5.53,-2.551,-3.043,-3.687,-4.399,0.0
2024-11-07 23:00:00+00:00,-5.99,-0.215,-4.509,-0.311,-6.518,0.0
2024-11-08 00:00:00+00:00,-3.69,2.727,-3.929,3.942,-5.68,0.0
2024-11-08 01:00:00+00:00,-4.08,5.783,-2.17,8.359,-3.136,0.0
2024-11-08 02:00:00+00:00,-3.08,5.989,1.451,8.656,2.098,0.0
2024-11-08 03:00:00+00:00,-3.56,3.547,4.321,5.127,6.246,0.0
2024-11-08 04:00:00+00:00,-3.79,0.124,5.707,0.179,8.249,0.0
2024-11-08 05:00:00+00:00,-5.59,-3.684,4.982,-5.325,7.201,0.0
2024-11-08 06:00:00+00:00,-6.16,-4.926,1.242,-7.121,1.795,0.0
2024-11-08 07:00:00+00:00,-7.94,-4.562,-2.164,-6.595,-3.128,0.0
2024-11-08 08:00:00+00:00,-8.53,-1.87,-3.95,-2.704,-5.71,0.0
2024-11-08 09:00:00+00:00,-6.85,0.546,-4.856,0.789,-7.02,37.5
2024-11-08 10:00:00+00:00,-7.77,2.892,-3.496,4.18,-5.053,109.7
2024-11-08 11:00:00+00:00,-10.44,4.682,-1.467,6.767,-2.12,155.1
2024-11-08 12:00:00+00:00,-12.55,5.714,2.169,8.259,3.134,170.6
2024-11-08 13:00:00+00:00,-15.03,4.122,6.855,5.958,9.908,134.9
2024-11-08 14:00:00+00:00,-14.86,-0.613,7.311,-0.886,10.568,97.8
2024-11-08 15:00:00+00:00,-15.03,-5.021,6.011,-7.257,8.689,18.2
2024-11-08 16:00:00+00:00,-12.56,-7.117,2.328,-10.288,3.365,0.0
2024-11-08 17:00:00+00:00,-11.97,-7.021,-1.7,-10.148,-2.457,0.0
2024-11-08 18:00:00+00:00,-13.42,-6.403,-5.568,-9.255,-8.048,0.0
2024-11-08 19:00:00+00:00,-10.12,-3.521,-9.958,-5.09,-14.393,0.0
2024-11-08 20:00:00+00:00,-9.57,1.744,-6.995,2.521,-10.111,0.0
2024-11-08 21:00:00+00:00,-7.92,4.776,-4.544,6.904,-6.567,0.0
2024-11-08 22:00:00+00:00,-7.63,5.833,-0.603,8.431,-0.871,0.0
2024-11-08 23:00:00+00:00,-8.21,4.527,2.44,6.544,3.527,0.0
2024-11-09 00:00:00+00:00,-9.66,1.889,3.87,2.73,5.594,0.0
2024-11-09 01:00:00+00:00,-9.15,-0.757,4.311,-1.095,6.232,0.0
2024-11-09 02:00:00+00:00,-6.89,-2.73,2.773,-3.947,4.009,0.0
2024-11-09 03:00:00+00:00,-9.0,-2.739,0.439,-3.959,0.634,0.0
2024-11-09 04:00:00+00:00,-7.92,-2.612,-1.365,-3.775,-1.973,0.0
2024-11-09 05:00:00+00:00,-8.12,-1.545,-3.615,-2.234,-5.226,0.0
2024-11-09 06:00:00+00:00,-7.59,1.341,-4.972,1.938,-7.187,0.0
2024-11-09 07:00:00+00:00,-7.43,3.104,-2.661,4.486,-3.846,0.0
2024-11-09 08:00:00+00:00,-8.61,4.045,-0.335,5.847,-0.484,0.0
2024-11-09 09:00:00+00:00,-7.48,3.206,2.1,4.635,3.036,7.3
2024-11-09 10:00:00+00:00,-7.31,1.183,3.786,1.71,5.472,23.1
2024-11-09 11:00:00+00:00,-7.41,-1.383,3.63,-1.999,5.247,33.1
2024-11-09 12:00:00+00:00,-7.02,-3.338,2.176,-4.825,3.145,36.5
2024-11-09 13:00:00+00:00,-9.6,-4.414,-0.508,-6.381,-0.734,33.1
2024-11-09 14:00:00+00:00,-9.22,-3.075,-2.904,-4.444,-4.197,54.0
2024-11-09 15:00:00+00:00,-7.48,-0.418,-3.745,-0.604,-5.414,7.3
2024-11-09 16:00:00+00:00,-8.34,2.081,-2.957,3.009,-4.274,0.0
2024-11-09 17:00:00+00:00,-4.67,4.337,-1.144,6.269,-1.654,0.0
2024-11-09 18:00:00+00:00,-3.72,4.478,1.968,6.473,2.844,0.0
2024-11-09 19:00:00+00:00,-3.05,2.16,5.043,3.123,7.29,0.0
2024-11-09 20:00:00+00:00,-3.79,-2.065,5.558,-2.984,8.033,0.0
2024-11-09 21:00:00+00:00,-4.06,-5.006,2.825,-7.235,4.084,0.0
2024-11-09 22:00:00+00:00,-5.04,-5.964,-0.569,-8.621,-0.822,0.0
2024-11-09 23:00:00+00:00,-5.89,-4.678,-4.628,-6.762,-6.689,0.0
2024-11-10 00:00:00+00:00,-5.73,-0.957,-6.705,-1.383,-9.692,0.0
2024-11-10 01:00:00+00:00,-5.31,4.365,-7.086,6.31,-10.243,0.0
2024-11-10 02:00:00+00:00,-6.22,7.194,-2.854,10.398,-4.125,0.0
2024-11-10 03:00:00+00:00,-6.42,7.028,2.324,10.158,3.359,0.0
2024-11-10 04:00:00+00:00,-5.15,3.89,6.352,5.623,9.181,0.0
2024-11-10 05:00:00+00:00,-6.19,-0.526,7.174,-0.76,10.37,0.0
2024-11-10 06:00:00+00:00,-5.55,-5.153,6.242,-7.448,9.022,0.0
2024-11-10 07:00:00+00:00,-7.75,-7.614,1.854,-11.006,2.68,0.0
2024-11-10 08:00:00+00:00,-6.7,-6.419,-3.361,-9.279,-4.858,0.0
2024-11-10 09:00:00+00:00,-6.71,-2.301,-7.09,-3.326,-10.249,6.3
2024-11-10 10:00:00+00:00,-3.62,2.602,-5.612,3.761,-8.113,45.1
2024-11-10 11:00:00+00:00,-3.96,4.959,-1.887,7.168,-2.728,49.2
2024-11-10 12:00:00+00:00,-5.1,4.676,1.858,6.758,2.686,35.5
2024-11-10 13:00:00+00:00,-5.75,2.5,5.938,3.614,8.583,32.1
2024-11-10 14:00:00+00:00,-6.81,-2.212,5.67,-3.198,8.195,22.1
2024-11-10 15:00:00+00:00,-5.68,-5.968,2.552,-8.626,3.688,6.3
2024-11-10 16:00:00+00:00,-4.79,-5.987,-2.154,-8.653,-3.114,0.0
2024-11-10 17:00:00+00:00,-0.77,-2.296,-5.703,-3.318,-8.243,0.0
2024-11-10 18:00:00+00:00,-4.75,3.33,-5.773,4.814,-8.345,0.0
2024-11-10 19:00:00+00:00,-4.97,6.224,-0.636,8.996,-0.919,0.0
2024-11-10 20:00:00+00:00,-5.71,3.854,4.332,5.571,6.262,0.0
2024-11-10 21:00:00+00:00,-5.84,-1.301,5.71,-1.88,8.254,0.0
2024-11-10 22:00:00+00:00,-2.95,-4.779,1.856,-6.908,2.682,0.0
2024-11-10 23:00:00+00:00,-3.41,-5.673,-3.89,-8.2,-5.622,0.0
2024-11-11 00:00:00+00:00,-4.05,0.644,-6.191,0.931,-8.949,0.0
2024-11-11 01:00:00+00:00,-5.36,6.079,-2.741,8.787,-3.962,0.0
2024-11-11 02:00:00+00:00,-2.23,4.634,2.907,6.698,4.203,0.0
2024-11-11 03:00:00+00:00,-0.73,0.319,5.528,0.462,7.991,0.0
2024-11-11 04:00:00+00:00,-1.86,-3.449,3.102,-4.985,4.484,0.0
2024-11-11 05:00:00+00:00,-2.6,-4.398,-0.346,-6.357,-0.5,0.0
2024-11-11 06:00:00+00:00,-2.39,-3.007,-3.478,-4.347,-5.027,0.0
2024-11-11 07:00:00+00:00,-1.42,0.098,-3.212,0.141,-4.643,0.0
2024-11-11 08:00:00+00:00,-1.36,3.091,-3.033,4.467,-4.384,0.0
2024-11-11 09:00:00+00:00,-3.1,3.048,-0.151,4.405,-0.219,24.1
2024-11-11 10:00:00+00:00,-4.96,2.67,1.835,3.86,2.652,95.1
2024-11-11 11:00:00+00:00,-5.78,1.206,3.259,1.743,4.71,112.2
2024-11-11 12:00:00+00:00,-6.63,-0.769,3.118,-1.111,4.507,101.2
2024-11-11 13:00:00+00:00,-7.03,-2.569,1.95,-3.713,2.818,53.1
2024-11-11 14:00:00+00:00,-6.76,-3.476,0.029,-5.024,0.042,23.9
2024-11-11 15:00:00+00:00,-4.77,-3.331,-2.265,-4.815,-3.274,12.5
2024-11-11 16:00:00+00:00,-3.17,-1.879,-4.65,-2.716,-6.721,0.0
2024-11-11 17:00:00+00:00,-3.15,0.859,-4.801,1.242,-6.94,0.0
2024-11-11 18:00:00+00:00,-4.13,3.552,-3.679,5.135,-5.318,0.0
2024-11-11 19:00:00+00:00,-5.26,5.701,-1.438,8.24,-2.079,0.0
2024-11-11 20:00:00+00:00,-4.24,6.194,2.028,8.953,2.932,0.0
2024-11-11 21:00:00+00:00,-4.05,3.791,4.366,5.479,6.31,0.0
2024-11-11 22:00:00+00:00,-3.41,0.589,5.557,0.852,8.033,0.0
2024-11-11 23:00:00+00:00,-3.58,-2.245,4.755,-3.245,6.873,0.0
2024-11-12 00:00:00+00:00,-3.1,-3.628,2.382,-5.245,3.444,0.0
2024-11-12 01:00:00+00:00,-4.7,-3.592,0.3,-5.191,0.433,0.0
2024-11-12 02:00:00+00:00,-4.29,-3.59,-1.535,-5.19,-2.219,0.0
2024-11-12 03:00:00+00:00,-4.79,-2.563,-3.009,-3.705,-4.349,0.0
2024-11-12 04:00:00+00:00,-4.95,-1.02,-4.165,-1.475,-6.02,0.0
2024-11-12 05:00:00+00:00,-4.56,1.119,-4.264,1.617,-6.163,0.0
2024-11-12 06:00:00+00:00,-6.9,2.981,-3.969,4.309,-5.737,0.0
2024-11-12 07:00:00+00:00,-6.15,3.97,-2.302,5.739,-3.327,0.0
2024-11-12 08:00:00+00:00,-6.04,4.071,-0.386,5.884,-0.558,0.0
2024-11-12 09:00:00+00:00,-4.71,3.668,1.309,5.301,1.893,15.0
2024-11-12 10:00:00+00:00,-3.77,2.545,2.45,3.679,3.541,80.7
2024-11-12 11:00:00+00:00,-6.46,1.655,3.676,2.391,5.313,56.7
2024-11-12 12:00:00+00:00,-8.52,0.109,4.826,0.158,6.975,33.5
2024-11-12 13:00:00+00:00,-5.37,-2.033,4.314,-2.939,6.235,30.1
2024-11-12 14:00:00+00:00,-3.98,-4.771,3.556,-6.897,5.14,53.0
2024-11-12 15:00:00+00:00,-6.52,-5.605,0.858,-8.102,1.24,15.6
2024-11-12 16:00:00+00:00,-6.26,-5.215,-1.317,-7.538,-1.904,0.0
2024-11-12 17:00:00+00:00,-6.41,-4.227,-3.322,-6.11,-4.802,0.0
2024-11-12 18:00:00+00:00,-6.78,-2.461,-4.104,-3.558,-5.933,0.0
2024-11-12 19:00:00+00:00,-4.36,-0.586,-4.688,-0.846,-6.777,0.0
2024-11-12 20:00:00+00:00,-2.89,1.263,-5.284,1.826,-7.638,0.0
2024-11-12 21:00:00+00:00,-3.04,2.751,-3.644,3.977,-5.267,0.0
2024-11-12 22:00:00+00:00,-2.51,3.619,-2.148,5.231,-3.104,0.0
2024-11-12 23:00:00+00:00,-1.88,3.448,-0.425,4.984,-0.615,0.0
2024-11-13 00:00:00+00:00,-2.73,3.383,1.026,4.89,1.483,0.0
2024-11-13 01:00:00+00:00,-2.85,2.311,1.618,3.34,2.339,0.0
2024-11-13 02:00:00+00:00,-1.06,1.038,2.055,1.5,2.97,0.0
2024-11-13 03:00:00+00:00,-0.45,0.135,2.27,0.196,3.281,0.0
2024-11-13 04:00:00+00:00,-1.15,-1.082,2.365,-1.565,3.419,0.0
2024-11-13 05:00:00+00:00,-3.74,-2.045,1.753,-2.955,2.533,0.0
2024-11-13 06:00:00+00:00,-4.1,-4.257,1.011,-6.153,1.461,0.0
2024-11-13 07:00:00+00:00,-4.42,-3.89,-0.932,-5.623,-1.347,0.0
2024-11-13 08:00:00+00:00,-4.43,-2.98,-2.656,-4.307,-3.839,0.0
2024-11-13 09:00:00+00:00,-3.5,-1.716,-4.399,-2.481,-6.359,12.4
2024-11-13 10:00:00+00:00,-3.93,0.195,-4.09,0.282,-5.912,67.9
2024-11-13 11:00:00+00:00,-4.61,1.61,-3.312,2.327,-4.788,52.8
2024-11-13 12:00:00+00:00,-7.76,2.903,-2.417,4.196,-3.494,78.1
2024-11-13 13:00:00+00:00,-7.24,4.085,-0.965,5.905,-1.395,63.5
2024-11-13 14:00:00+00:00,-8.03,3.54,0.907,5.116,1.311,45.1
2024-11-13 15:00:00+00:00,-12.41,2.623,2.393,3.792,3.459,4.5
2024-11-13 16:00:00+00:00,-11.97,0.644,3.188,0.931,4.608,0.0
2024-11-13 17:00:00+00:00,-12.66,-1.591,2.953,-2.3,4.268,0.0
2024-11-13 18:00:00+00:00,-9.76,-3.473,1.581,-5.019,2.285,0.0
2024-11-13 19:00:00+00:00,-7.71,-3.568,-0.809,-5.157,-1.17,0.0
2024-11-13 20:00:00+00:00,-4.8,-1.908,-2.327,-2.759,-3.363,0.0
2024-11-13 21:00:00+00:00,-4.46,-0.113,-3.639,-0.164,-5.26,0.0
2024-11-13 22:00:00+00:00,-2.96,1.869,-3.199,2.702,-4.623,0.0
2024-11-13 23:00:00+00:00,-2.72,3.353,-1.919,4.846,-2.774,0.0
2024-11-14 00:00:00+00:00,-3.53,4.22,-0.181,6.1,-0.261,0.0
2024-11-14 01:00:00+00:00,-4.79,3.308,1.567,4.782,2.265,0.0
2024-11-14 02:00:00+00:00,-6.29,2.141,3.025,3.094,4.373,0.0
2024-11-14 03:00:00+00:00,-7.85,0.459,3.694,0.664,5.339,0.0
2024-11-14 04:00:00+00:00,-11.78,-1.599,3.457,-2.311,4.997,0.0
2024-11-14 05:00:00+00:00,-8.23,-3.111,2.061,-4.497,2.98,0.0
2024-11-14 06:00:00+00:00,-6.54,-3.87,0.196,-5.593,0.283,0.0
2024-11-14 07:00:00+00:00,-8.09,-3.711,-2.558,-5.364,-3.698,0.0
2024-11-14 08:00:00+00:00,-5.12,-1.425,-4.351,-2.059,-6.289,0.0
2024-11-14 09:00:00+00:00,-6.0,1.208,-3.793,1.746,-5.483,10.0
2024-11-14 10:00:00+00:00,-7.19,2.784,-1.736,4.025,-2.509,37.2
2024-11-14 11:00:00+00:00,-9.04,4.001,0.194,5.783,0.28,64.6
2024-11-14 12:00:00+00:00,-9.75,3.373,2.675,4.875,3.866,43.6
2024-11-14 13:00:00+00:00,-12.64,1.249,4.094,1.805,5.918,66.0
2024-11-14 14:00:00+00:00,-12.39,-1.497,4.719,-2.163,6.821,44.3
2024-11-14 15:00:00+00:00,-11.15,-3.885,3.041,-5.615,4.395,10.3
2024-11-14 16:00:00+00:00,-7.36,-4.763,0.24,-6.884,0.348,0.0
2024-11-14 17:00:00+00:00,-7.8,-3.955,-2.602,-5.716,-3.761,0.0
2024-11-14 18:00:00+00:00,-8.64,-1.162,-3.462,-1.679,-5.005,0.0
2024-11-14 19:00:00+00:00,-9.0,1.722,-3.638,2.488,-5.259,0.0
2024-11-14 20:00:00+00:00,-5.4,3.516,-1.403,5.083,-2.028,0.0
2024-11-14 21:00:00+00:00,-3.36,3.557,1.319,5.141,1.907,0.0
2024-11-14 22:00:00+00:00,-1.08,1.185,3.042,1.712,4.397,0.0
2024-11-14 23:00:00+00:00,-1.55,-1.263,3.086,-1.826,4.46,0.0
2024-11-15 00:00:00+00:00,-1.34,-2.862,1.443,-4.136,2.086,0.0
2024-11-15 01:00:00+00:00,-2.58,-3.328,-1.072,-4.81,-1.549,0.0
2024-11-15 02:00:00+00:00,-0.88,-1.849,-2.918,-2.673,-4.218,0.0
2024-11-15 03:00:00+00:00,-1.83,0.527,-3.983,0.761,-5.758,0.0
2024-11-15 04:00:00+00:00,-2.24,3.203,-2.466,4.63,-3.564,0.0
2024-11-15 05:00:00+00:00,-2.73,4.312,0.452,6.232,0.653,0.0
2024-11-15 06:00:00+00:00,-7.13,2.386,3.258,3.448,4.709,0.0
2024-11-15 07:00:00+00:00,-7.11,-0.821,4.202,-1.186,6.074,0.0
2024-11-15 08:00:00+00:00,-6.09,-3.864,2.666,-5.585,3.854,0.0
2024-11-15 09:00:00+00:00,-3.95,-4.542,-0.555,-6.565,-0.802,4.0
2024-11-15 10:00:00+00:00,-7.05,-2.458,-3.022,-3.553,-4.368,41.3
2024-11-15 11:00:00+00:00,-8.56,0.618,-4.224,0.893,-6.106,55.1
2024-11-15 12:00:00+00:00,-10.21,3.856,-2.315,5.573,-3.347,69.6
2024-11-15 13:00:00+00:00,-15.24,4.426,1.23,6.397,1.778,88.6
2024-11-15 14:00:00+00:00,-11.77,2.129,3.731,3.078,5.393,56.0
2024-11-15 15:00:00+00:00,-13.37,-1.229,3.772,-1.777,5.452,5.9
2024-11-15 16:00:00+00:00,-9.99,-4.366,2.005,-6.311,2.898,0.0
2024-11-15 17:00:00+00:00,-7.92,-3.603,-1.856,-5.208,-2.683,0.0
2024-11-15 18:00:00+00:00,-11.49,-0.552,-4.052,-0.797,-5.857,0.0
2024-11-15 19:00:00+00:00,-9.87,3.362,-3.188,4.86,-4.608,0.0
2024-11-15 20:00:00+00:00,-8.51,4.527,1.035,6.544,1.496,0.0
2024-11-15 21:00:00+00:00,-6.61,1.64,4.505,2.37,6.512,0.0
2024-11-15 22:00:00+00:00,-4.54,-3.06,4.338,-4.423,6.27,0.0
2024-11-15 23:00:00+00:00,-3.16,-6.193,0.215,-8.952,0.31,0.0
2024-11-16 00:00:00+00:00,-3.72,-2.931,-4.491,-4.236,-6.491,0.0
2024-11-16 01:00:00+00:00,-4.15,1.967,-4.181,2.842,-6.043,0.0
2024-11-16 02:00:00+00:00,-4.84,5.066,-0.262,7.323,-0.379,0.0
2024-11-16 03:00:00+00:00,-7.49,2.411,4.453,3.485,6.436,0.0
2024-11-16 04:00:00+00:00,-8.13,-3.278,4.721,-4.738,6.823,0.0
2024-11-16 05:00:00+00:00,-7.1,-7.538,-1.352,-10.896,-1.955,0.0
2024-11-16 06:00:00+00:00,-6.36,-2.452,-7.759,-3.545,-11.215,0.0
2024-11-16 07:00:00+00:00,-8.37,5.584,-5.361,8.071,-7.748,0.0
2024-11-16 08:00:00+00:00,-9.96,7.738,2.564,11.185,3.706,0.0
2024-11-16 09:00:00+00:00,-11.74,1.107,8.011,1.599,11.58,3.7
2024-11-16 10:00:00+00:00,-12.65,-5.695,4.508,-8.232,6.516,65.6
2024-11-16 11:00:00+00:00,-12.06,-7.498,-2.496,-10.838,-3.608,81.9
2024-11-16 12:00:00+00:00,-10.89,-2.22,-7.557,-3.208,-10.923,75.2
2024-11-16 13:00:00+00:00,-11.92,6.442,-7.156,9.312,-10.344,119.9
2024-11-16 14:00:00+00:00,-11.26,9.623,1.081,13.91,1.562,66.4
2024-11-16 15:00:00+00:00,-9.61,4.558,9.555,6.588,13.812,2.3
2024-11-16 16:00:00+00:00,-9.08,-6.024,10.334,-8.707,14.937,0.0
2024-11-16 17:00:00+00:00,-7.38,-11.678,2.101,-16.88,3.037,0.0
2024-11-16 18:00:00+00:00,-7.63,-10.682,-7.657,-15.44,-11.068,0.0
2024-11-16 19:00:00+00:00,-7.85,-1.787,-13.067,-2.582,-18.887,0.0
2024-11-16 20:00:00+00:00,-7.63,10.406,-13.178,15.041,-19.048,0.0
2024-11-16 21:00:00+00:00,-8.12,16.624,-1.56,24.03,-2.255,0.0
2024-11-16 22:00:00+00:00,-8.71,11.043,11.754,15.963,16.989,0.0
2024-11-16 23:00:00+00:00,-8.24,-1.837,16.068,-2.655,23.226,0.0
2024-11-17 00:00:00+00:00,-6.62,-13.166,8.813,-19.03,12.739,0.0
2024-11-17 01:00:00+00:00,-5.39,-16.235,-4.415,-23.467,-6.382,0.0
2024-11-17 02:00:00+00:00,-5.98,-5.666,-11.457,-8.189,-16.56,0.0
2024-11-17 03:00:00+00:00,-7.64,4.53,-12.41,6.548,-17.937,0.0
2024-11-17 04:00:00+00:00,-7.25,11.317,-5.338,16.358,-7.715,0.0
2024-11-17 05:00:00+00:00,-6.72,8.936,3.614,12.916,5.224,0.0
2024-11-17 06:00:00+00:00,-8.78,3.509,8.467,5.071,12.238,0.0
2024-11-17 07:00:00+00:00,-8.53,-5.389,10.86,-7.79,15.697,0.0
2024-11-17 08:00:00+00:00,-9.17,-12.472,2.806,-18.027,4.057,0.0
2024-11-17 09:00:00+00:00,-10.34,-10.722,-8.744,-15.498,-12.639,0.0
2024-11-17 10:00:00+00:00,-10.92,0.369,-13.129,0.534,-18.977,25.5
2024-11-17 11:00:00+00:00,-11.01,8.063,-6.468,11.655,-9.349,35.7
2024-11-17 12:00:00+00:00,-13.64,9.511,1.947,13.748,2.815,106.5
2024-11-17 13:00:00+00:00,-13.0,4.805,9.363,6.946,13.534,115.1
2024-11-17 14:00:00+00:00,-13.33,-3.006,7.149,-4.344,10.333,71.1
2024-11-17 15:00:00+00:00,-11.43,-5.705,1.811,-8.246,2.617,0.0
2024-11-17 16:00:00+00:00,-10.53,-5.682,-3.334,-8.213,-4.82,0.0
2024-11-17 17:00:00+00:00,-10.53,-1.867,-7.171,-2.698,-10.366,0.0
2024-11-17 18:00:00+00:00,-10.35,3.896,-5.294,5.632,-7.652,0.0
2024-11-17 19:00:00+00:00,-9.27,6.157,-0.595,8.9,-0.861,0.0
2024-11-17 20:00:00+00:00,-10.14,4.934,4.131,7.131,5.97,0.0
2024-11-17 21:00:00+00:00,-11.12,0.608,7.457,0.879,10.779,0.0
2024-11-17 22:00:00+00:00,-9.68,-4.406,5.699,-6.369,8.237,0.0
2024-11-17 23:00:00+00:00,-8.82,-6.073,1.094,-8.778,1.582,0.0
2024-11-18 00:00:00+00:00,-8.23,-5.598,-4.215,-8.091,-6.093,0.0
2024-11-18 01:00:00+00:00,-8.38,-1.048,-6.718,-1.515,-9.71,0.0
2024-11-18 02:00:00+00:00,-6.02,3.654,-5.208,5.281,-7.528,0.0
2024-11-18 03:00:00+00:00,-7.51,5.745,-1.236,8.304,-1.786,0.0
2024-11-18 04:00:00+00:00,-9.1,4.217,2.722,6.095,3.934,0.0
2024-11-18 05:00:00+00:00,-9.8,0.932,5.231,1.348,7.561,0.0
2024-11-18 06:00:00+00:00,-8.93,-2.689,3.373,-3.887,4.875,0.0
2024-11-18 07:00:00+00:00,-11.14,-4.638,-0.023,-6.704,-0.033,0.0
2024-11-18 08:00:00+00:00,-12.97,-2.463,-3.381,-3.56,-4.887,0.0
2024-11-18 09:00:00+00:00,-15.05,1.078,-3.295,1.558,-4.762,0.0
2024-11-18 10:00:00+00:00,-15.52,3.755,-1.249,5.428,-1.806,32.6
2024-11-18 11:00:00+00:00,-13.96,3.565,2.447,5.154,3.537,65.7
2024-11-18 12:00:00+00:00,-16.31,0.447,4.541,0.647,6.564,62.2
2024-11-18 13:00:00+00:00,-15.65,-3.446,3.668,-4.981,5.301,65.3
2024-11-18 14:00:00+00:00,-14.83,-4.22,-0.037,-6.1,-0.054,48.1
2024-11-18 15:00:00+00:00,-15.0,-3.184,-3.204,-4.602,-4.631,0.0
2024-11-18 16:00:00+00:00,-16.15,0.049,-3.995,0.071,-5.774,0.0
2024-11-18 17:00:00+00:00,-13.99,2.654,-2.762,3.836,-3.993,0.0
2024-11-18 18:00:00+00:00,-12.64,4.786,-0.397,6.918,-0.574,0.0
2024-11-18 19:00:00+00:00,-14.22,3.963,2.962,5.728,4.282,0.0
2024-11-18 20:00:00+00:00,-15.48,1.236,5.201,1.787,7.518,0.0
2024-11-18 21:00:00+00:00,-15.42,-1.876,4.119,-2.711,5.954,0.0
2024-11-18 22:00:00+00:00,-15.71,-3.582,2.131,-5.177,3.081,0.0
2024-11-18 23:00:00+00:00,-10.83,-4.4,-0.171,-6.361,-0.246,0.0
2024-11-19 00:00:00+00:00,-9.76,-3.378,-2.555,-4.883,-3.693,0.0
2024-11-19 01:00:00+00:00,-7.5,-1.669,-4.306,-2.412,-6.224,0.0
2024-11-19 02:00:00+00:00,-6.22,0.936,-4.087,1.354,-5.907,0.0
2024-11-19 03:00:00+00:00,-2.39,2.815,-2.539,4.069,-3.67,0.0
2024-11-19 04:00:00+00:00,-1.82,4.146,-0.862,5.992,-1.246,0.0
2024-11-19 05:00:00+00:00,-1.06,5.84,1.887,8.441,2.727,0.0
2024-11-19 06:00:00+00:00,-2.43,4.674,4.045,6.755,5.847,0.0
2024-11-19 07:00:00+00:00,-5.64,2.443,5.163,3.532,7.463,0.0
2024-11-19 08:00:00+00:00,-6.62,-0.002,4.315,-0.003,6.238,0.0
2024-11-19 09:00:00+00:00,-7.49,-1.721,3.329,-2.488,4.812,0.0
2024-11-19 10:00:00+00:00,-11.47,-3.109,2.164,-4.493,3.128,53.4
2024-11-19 11:00:00+00:00,-11.42,-4.389,0.375,-6.345,0.542,98.5
2024-11-19 12:00:00+00:00,-10.43,-5.02,-2.589,-7.256,-3.742,123.6
2024-11-19 13:00:00+00:00,-12.02,-3.021,-5.348,-4.366,-7.731,108.3
2024-11-19 14:00:00+00:00,-10.51,0.444,-5.029,0.641,-7.269,63.7
2024-11-19 15:00:00+00:00,-10.86,2.76,-3.021,3.99,-4.367,0.0
2024-11-19 16:00:00+00:00,-10.81,3.574,-0.446,5.166,-0.644,0.0
2024-11-19 17:00:00+00:00,-11.31,2.858,1.563,4.131,2.259,0.0
2024-11-19 18:00:00+00:00,-9.41,1.18,2.833,1.706,4.094,0.0
2024-11-19 19:00:00+00:00,-8.62,-0.72,3.191,-1.041,4.613,0.0
2024-11-19 20:00:00+00:00,-8.28,-2.658,2.281,-3.842,3.297,0.0
2024-11-19 21:00:00+00:00,-6.82,-2.691,0.074,-3.89,0.107,0.0
2024-11-19 22:00:00+00:00,-7.6,-2.085,-1.768,-3.013,-2.556,0.0
2024-11-19 23:00:00+00:00,-5.97,-0.427,-2.841,-0.618,-4.106,0.0
2024-11-20 00:00:00+00:00,-4.01,1.571,-2.842,2.271,-4.108,0.0
2024-11-20 01:00:00+00:00,-3.42,3.088,-1.534,4.463,-2.217,0.0
2024-11-20 02:00:00+00:00,-2.21,3.981,0.804,5.754,1.162,0.0
2024-11-20 03:00:00+00:00,-2.52,3.005,3.399,4.343,4.913,0.0
2024-11-20 04:00:00+00:00,-2.58,0.403,4.97,0.582,7.183,0.0
2024-11-20 05:00:00+00:00,-4.8,-2.082,3.795,-3.01,5.485,0.0
2024-11-20 06:00:00+00:00,-8.58,-3.644,2.262,-5.267,3.269,0.0
2024-11-20 07:00:00+00:00,-8.6,-4.356,0.276,-6.296,0.399,0.0
2024-11-20 08:00:00+00:00,-7.22,-3.551,-1.645,-5.133,-2.377,0.0
2024-11-20 09:00:00+00:00,-8.84,-2.473,-4.416,-3.575,-6.382,0.0
2024-11-20 10:00:00+00:00,-8.98,1.025,-6.34,1.481,-9.164,60.1
2024-11-20 11:00:00+00:00,-8.8,3.992,-3.595,5.77,-5.196,104.7
2024-11-20 12:00:00+00:00,-10.22,5.637,-0.35,8.148,-0.505,119.9
2024-11-20 13:00:00+00:00,-10.74,3.774,2.368,5.456,3.423,104.7
2024-11-20 14:00:00+00:00,-12.23,1.893,4.191,2.736,6.058,60.1
2024-11-20 15:00:00+00:00,-13.0,-1.012,4.858,-1.463,7.022,0.0
2024-11-20 16:00:00+00:00,-13.59,-2.675,2.91,-3.867,4.207,0.0
2024-11-20 17:00:00+00:00,-14.32,-3.306,1.25,-4.779,1.807,0.0
2024-11-20 18:00:00+00:00,-11.43,-3.83,-0.309,-5.536,-0.447,0.0
2024-11-20 19:00:00+00:00,-12.39,-5.045,-3.19,-7.293,-4.61,0.0
2024-11-20 20:00:00+00:00,-10.93,-2.86,-5.172,-4.134,-7.476,0.0
2024-11-20 21:00:00+00:00,-7.72,-0.277,-6.094,-0.4,-8.809,0.0
2024-11-20 22:00:00+00:00,-7.6,2.846,-6.214,4.113,-8.982,0.0
2024-11-20 23:00:00+00:00,-8.15,6.049,-4.027,8.743,-5.821,0.0
2024-11-21 00:00:00+00:00,-9.04,7.227,-0.522,10.446,-0.754,0.0
2024-11-21 01:00:00+00:00,-7.53,6.788,2.84,9.811,4.105,0.0
2024-11-21 02:00:00+00:00,-6.89,5.921,6.281,8.559,9.079,0.0
2024-11-21 03:00:00+00:00,-6.66,2.969,8.132,4.292,11.754,0.0
2024-11-21 04:00:00+00:00,-5.5,-0.482,8.92,-0.696,12.893,0.0
2024-11-21 05:00:00+00:00,-6.6,-5.238,9.693,-7.571,14.011,0.0
2024-11-21 06:00:00+00:00,-6.11,-10.615,8.286,-15.343,11.977,0.0
2024-11-21 07:00:00+00:00,-5.64,-8.292,2.602,-11.985,3.761,0.0
2024-11-21 08:00:00+00:00,-5.6,-8.346,-0.684,-12.064,-0.988,0.0
2024-11-21 09:00:00+00:00,-6.31,-6.659,-2.842,-9.625,-4.109,0.0
2024-11-21 10:00:00+00:00,-4.28,-5.418,-4.869,-7.832,-7.038,12.5
2024-11-21 11:00:00+00:00,-4.58,-3.545,-5.66,-5.124,-8.182,22.3
2024-11-21 12:00:00+00:00,-5.58,-1.138,-5.042,-1.645,-7.288,25.6
2024-11-21 13:00:00+00:00,-8.38,0.546,-5.668,0.789,-8.192,22.3
2024-11-21 14:00:00+00:00,-11.81,2.159,-4.784,3.121,-6.915,12.5
2024-11-21 15:00:00+00:00,-8.76,3.281,-3.729,4.743,-5.39,0.0
2024-11-21 16:00:00+00:00,-5.57,3.713,-2.2,5.367,-3.18,0.0
2024-11-21 17:00:00+00:00,-5.13,4.135,-0.702,5.977,-1.015,0.0
2024-11-21 18:00:00+00:00,-5.87,3.516,0.734,5.082,1.061,0.0
2024-11-21 19:00:00+00:00,-5.46,3.453,2.663,4.992,3.85,0.0
2024-11-21 20:00:00+00:00,-2.54,2.077,4.317,3.002,6.24,0.0
2024-11-21 21:00:00+00:00,-2.39,0.151,4.207,0.218,6.081,0.0
2024-11-21 22:00:00+00:00,-3.17,-1.394,4.34,-2.015,6.274,0.0
2024-11-21 23:00:00+00:00,-2.54,-2.799,3.946,-4.046,5.704,0.0
2024-11-22 00:00:00+00:00,0.12,-3.957,3.34,-5.72,4.828,0.0
2024-11-22 01:00:00+00:00,0.19,-3.824,2.141,-5.528,3.094,0.0
2024-11-22 02:00:00+00:00,-1.83,-4.321,1.871,-6.245,2.705,0.0
2024-11-22 03:00:00+00:00,-1.74,-5.189,1.363,-7.501,1.971,0.0
2024-11-22 04:00:00+00:00,-2.9,-4.488,1.089,-6.487,1.574,0.0
2024-11-22 05:00:00+00:00,-3.9,-4.334,1.203,-6.265,1.739,0.0
2024-11-22 06:00:00+00:00,-2.42,-4.809,1.397,-6.952,2.019,0.0
2024-11-22 07:00:00+00:00,-3.04,-4.281,1.617,-6.187,2.337,0.0
2024-11-22 08:00:00+00:00,-4.12,-5.472,2.16,-7.909,3.122,0.0
2024-11-22 09:00:00+00:00,-3.05,-4.615,1.642,-6.671,2.374,0.0
2024-11-22 10:00:00+00:00,-3.21,-4.927,1.083,-7.121,1.566,43.0
2024-11-22 11:00:00+00:00,-3.1,-4.913,0.342,-7.101,0.495,63.8
2024-11-22 12:00:00+00:00,-5.22,-4.868,0.099,-7.036,0.143,85.3
2024-11-22 13:00:00+00:00,-6.06,-5.188,-0.346,-7.499,-0.501,21.5
2024-11-22 14:00:00+00:00,-8.25,-4.871,-0.676,-7.041,-0.977,11.7
2024-11-22 15:00:00+00:00,-8.62,-4.359,-0.941,-6.3,-1.36,0.0
2024-11-22 16:00:00+00:00,-7.43,-4.204,-1.31,-6.077,-1.894,0.0
2024-11-22 17:00:00+00:00,-6.63,-3.758,-1.557,-5.432,-2.251,0.0
2024-11-22 18:00:00+00:00,-6.32,-3.539,-1.551,-5.116,-2.242,0.0
2024-11-22 19:00:00+00:00,-4.62,-4.46,-1.805,-6.446,-2.609,0.0
2024-11-22 20:00:00+00:00,-0.26,-3.513,-1.389,-5.078,-2.008,0.0
2024-11-22 21:00:00+00:00,-1.25,-3.74,-1.401,-5.405,-2.025,0.0
2024-11-22 22:00:00+00:00,1.81,-2.758,-1.112,-3.987,-1.608,0.0
2024-11-22 23:00:00+00:00,1.79,-3.19,-1.094,-4.611,-1.582,0.0
2024-11-23 00:00:00+00:00,-0.18,-3.684,-1.141,-5.324,-1.65,0.0
2024-11-23 01:00:00+00:00,0.61,-3.493,-0.978,-5.049,-1.413,0.0
2024-11-23 02:00:00+00:00,1.42,-4.258,-0.989,-6.155,-1.429,0.0
2024-11-23 03:00:00+00:00,2.94,-4.226,-0.606,-6.108,-0.876,0.0
2024-11-23 04:00:00+00:00,1.18,-4.517,-0.183,-6.529,-0.264,0.0
2024-11-23 05:00:00+00:00,-0.31,-5.61,0.222,-8.109,0.321,0.0
2024-11-23 06:00:00+00:00,-2.02,-5.986,0.612,-8.652,0.884,0.0
2024-11-23 07:00:00+00:00,-4.02,-5.757,0.426,-8.321,0.616,0.0
2024-11-23 08:00:00+00:00,-5.98,-6.789,0.476,-9.814,0.688,0.0
2024-11-23 09:00:00+00:00,-6.64,-7.654,0.058,-11.064,0.083,0.0
2024-11-23 10:00:00+00:00,-8.55,-8.565,-0.159,-12.38,-0.23,27.3
2024-11-23 11:00:00+00:00,-8.92,-10.529,-0.148,-15.219,-0.214,29.8
2024-11-23 12:00:00+00:00,-8.96,-10.903,-0.163,-15.76,-0.235,24.1
2024-11-23 13:00:00+00:00,-8.31,-9.611,-0.694,-13.892,-1.003,20.8
2024-11-23 14:00:00+00:00,-8.8,-9.07,-1.287,-13.11,-1.86,11.0
2024-11-23 15:00:00+00:00,-11.02,-9.325,-1.486,-13.479,-2.148,0.0
2024-11-23 16:00:00+00:00,-9.83,-8.491,-1.028,-12.273,-1.486,0.0
2024-11-23 17:00:00+00:00,-7.64,-7.818,-0.576,-11.3,-0.833,0.0
2024-11-23 18:00:00+00:00,-6.4,-7.242,0.058,-10.468,0.084,0.0
2024-11-23 19:00:00+00:00,-1.86,-7.558,0.756,-10.925,1.093,0.0
2024-11-23 20:00:00+00:00,0.35,-6.974,1.16,-10.08,1.677,0.0
2024-11-23 21:00:00+00:00,-1.71,-7.054,1.131,-10.196,1.635,0.0
2024-11-23 22:00:00+00:00,-0.26,-8.566,2.27,-12.381,3.282,0.0
2024-11-23 23:00:00+00:00,0.45,-7.703,3.289,-11.134,4.754,0.0
2024-11-24 00:00:00+00:00,3.81,-7.995,4.223,-11.556,6.104,0.0
2024-11-24 01:00:00+00:00,5.62,-7.05,4.604,-10.19,6.654,0.0
2024-11-24 02:00:00+00:00,2.51,-5.851,5.669,-8.457,8.195,0.0
2024-11-24 03:00:00+00:00,2.17,-4.294,6.348,-6.206,9.176,0.0
2024-11-24 04:00:00+00:00,1.45,-2.624,7.748,-3.792,11.199,0.0
2024-11-24 05:00:00+00:00,-0.66,-0.957,7.74,-1.383,11.188,0.0
2024-11-24 06:00:00+00:00,-0.94,1.374,7.086,1.986,10.242,0.0
2024-11-24 07:00:00+00:00,-4.43,4.031,7.027,5.826,10.157,0.0
2024-11-24 08:00:00+00:00,-4.66,5.737,5.866,8.292,8.478,0.0
2024-11-24 09:00:00+00:00,-5.24,6.682,3.355,9.658,4.85,0.0
2024-11-24 10:00:00+00:00,-6.79,7.045,0.8,10.183,1.156,26.6
2024-11-24 11:00:00+00:00,-7.88,7.822,-2.357,11.307,-3.408,68.1
2024-11-24 12:00:00+00:00,-7.76,6.832,-6.051,9.876,-8.747,93.6
2024-11-24 13:00:00+00:00,-8.66,3.941,-9.1,5.696,-13.154,65.8
2024-11-24 14:00:00+00:00,-6.76,-0.995,-9.776,-1.438,-14.131,24.8
2024-11-24 15:00:00+00:00,-2.89,-4.612,-5.846,-6.667,-8.451,0.0
2024-11-24 16:00:00+00:00,-4.01,-7.314,-2.794,-10.572,-4.039,0.0
2024-11-24 17:00:00+00:00,-2.15,-6.615,1.473,-9.562,2.129,0.0
2024-11-24 18:00:00+00:00,-2.14,-5.074,6.143,-7.334,8.879,0.0
2024-11-24 19:00:00+00:00,-2.73,0.111,7.383,0.16,10.672,0.0
2024-11-24 20:00:00+00:00,-5.1,4.667,5.777,6.746,8.35,0.0
2024-11-24 21:00:00+00:00,-3.66,8.466,1.84,12.237,2.659,0.0
2024-11-24 22:00:00+00:00,-3.47,7.402,-3.549,10.699,-5.129,0.0
2024-11-24 23:00:00+00:00,-5.81,3.782,-7.842,5.466,-11.335,0.0
2024-11-25 00:00:00+00:00,-5.97,-1.35,-7.247,-1.951,-10.475,0.0
2024-11-25 01:00:00+00:00,-5.19,-5.778,-5.894,-8.351,-8.519,0.0
2024-11-25 02:00:00+00:00,-3.69,-7.514,-1.075,-10.861,-1.553,0.0
2024-11-25 03:00:00+00:00,-3.77,-6.076,3.007,-8.782,4.346,0.0
2024-11-25 04:00:00+00:00,-5.81,-3.231,6.884,-4.671,9.95,0.0
2024-11-25 05:00:00+00:00,-3.97,1.49,7.821,2.154,11.304,0.0
2024-11-25 06:00:00+00:00,-4.97,5.28,4.578,7.632,6.617,0.0
2024-11-25 07:00:00+00:00,-6.27,8.613,0.589,12.45,0.851,0.0
2024-11-25 08:00:00+00:00,-7.31,9.29,-5.748,13.428,-8.308,0.0
2024-11-25 09:00:00+00:00,-8.06,4.068,-9.648,5.88,-13.946,0.0
2024-11-25 10:00:00+00:00,-9.96,-1.955,-10.313,-2.825,-14.907,29.7
2024-11-25 11:00:00+00:00,-8.7,-8.337,-8.306,-12.051,-12.006,74.4
2024-11-25 12:00:00+00:00,-8.17,-11.772,-2.112,-17.016,-3.053,72.1
2024-11-25 13:00:00+00:00,-10.63,-8.453,3.727,-12.219,5.387,59.8
2024-11-25 14:00:00+00:00,-10.45,-6.385,8.256,-9.229,11.933,31.4
2024-11-25 15:00:00+00:00,-9.22,-1.631,10.36,-2.357,14.975,0.0
2024-11-25 16:00:00+00:00,-8.54,3.168,8.554,4.579,12.365,0.0
2024-11-25 17:00:00+00:00,-9.02,7.842,6.298,11.335,9.103,0.0
2024-11-25 18:00:00+00:00,-8.34,10.008,1.113,14.465,1.609,0.0
2024-11-25 19:00:00+00:00,-6.92,12.854,-5.402,18.58,-7.808,0.0
2024-11-25 20:00:00+00:00,-2.46,8.216,-12.271,11.876,-17.737,0.0
2024-11-25 21:00:00+00:00,-1.31,-0.786,-14.684,-1.136,-21.225,0.0
2024-11-25 22:00:00+00:00,0.06,-9.614,-11.973,-13.896,-17.306,0.0
2024-11-25 23:00:00+00:00,1.15,-13.141,-3.577,-18.994,-5.171,0.0
2024-11-26 00:00:00+00:00,0.0,-10.418,3.745,-15.058,5.413,0.0
2024-11-26 01:00:00+00:00,0.77,-8.293,11.654,-11.988,16.845,0.0
2024-11-26 02:00:00+00:00,2.03,0.776,16.453,1.121,23.782,0.0
2024-11-26 03:00:00+00:00,2.72,10.53,12.278,15.221,17.747,0.0
2024-11-26 04:00:00+00:00,1.23,16.352,1.976,23.636,2.857,0.0
2024-11-26 05:00:00+00:00,3.38,16.527,-10.104,23.89,-14.605,0.0
2024-11-26 06:00:00+00:00,1.55,6.273,-18.328,9.067,-26.491,0.0
2024-11-26 07:00:00+00:00,-1.95,-6.813,-16.81,-9.848,-24.298,0.0
2024-11-26 08:00:00+00:00,-4.08,-14.822,-7.063,-21.425,-10.208,0.0
2024-11-26 09:00:00+00:00,-5.77,-12.587,3.13,-18.193,4.524,0.0
2024-11-26 10:00:00+00:00,-5.5,-7.235,8.743,-10.457,12.638,40.9
2024-11-26 11:00:00+00:00,-6.83,-0.472,9.694,-0.683,14.013,85.2
2024-11-26 12:00:00+00:00,-7.46,4.173,7.039,6.032,10.174,100.3
2024-11-26 13:00:00+00:00,-7.14,6.955,3.727,10.053,5.387,66.3
2024-11-26 14:00:00+00:00,-6.7,6.253,-0.066,9.038,-0.095,40.9
2024-11-26 15:00:00+00:00,-7.57,5.288,-3.221,7.643,-4.656,0.0
2024-11-26 16:00:00+00:00,-8.5,2.081,-5.266,3.007,-7.612,0.0
2024-11-26 17:00:00+00:00,-8.75,-1.411,-5.87,-2.04,-8.484,0.0
2024-11-26 18:00:00+00:00,-7.86,-3.771,-3.466,-5.45,-5.01,0.0
2024-11-26 19:00:00+00:00,-8.12,-4.436,-0.737,-6.412,-1.065,0.0
2024-11-26 20:00:00+00:00,-10.88,-5.015,2.047,-7.248,2.959,0.0
2024-11-26 21:00:00+00:00,-7.93,-2.703,4.317,-3.907,6.24,0.0
2024-11-26 22:00:00+00:00,-7.31,0.29,4.78,0.419,6.909,0.0
2024-11-26 23:00:00+00:00,-7.16,2.835,3.628,4.097,5.244,0.0
2024-11-27 00:00:00+00:00,-9.98,5.21,2.027,7.53,2.93,0.0
2024-11-27 01:00:00+00:00,-9.12,7.067,-1.287,10.215,-1.86,0.0
2024-11-27 02:00:00+00:00,-7.92,5.604,-4.718,8.101,-6.82,0.0
2024-11-27 03:00:00+00:00,-5.77,2.69,-6.436,3.888,-9.304,0.0
2024-11-27 04:00:00+00:00,-5.26,-0.81,-6.947,-1.17,-10.042,0.0
2024-11-27 05:00:00+00:00,-8.2,-3.498,-5.142,-5.056,-7.432,0.0
2024-11-27 06:00:00+00:00,-9.32,-4.489,-2.063,-6.488,-2.983,0.0
2024-11-27 07:00:00+00:00,-7.72,-5.581,0.562,-8.067,0.813,0.0
2024-11-27 08:00:00+00:00,-7.79,-4.213,2.785,-6.089,4.026,0.0
2024-11-27 09:00:00+00:00,-7.56,-2.748,4.666,-3.971,6.744,0.0
2024-11-27 10:00:00+00:00,-10.1,-0.199,5.313,-0.288,7.68,8.4
2024-11-27 11:00:00+00:00,-9.56,2.023,4.246,2.924,6.138,18.1
2024-11-27 12:00:00+00:00,-10.66,3.764,2.729,5.44,3.945,21.4
2024-11-27 13:00:00+00:00,-12.09,4.735,0.312,6.844,0.451,18.1
2024-11-27 14:00:00+00:00,-10.81,3.194,-1.68,4.616,-2.429,19.2
2024-11-27 15:00:00+00:00,-7.66,2.255,-3.44,3.26,-4.973,0.0
2024-11-27 16:00:00+00:00,-6.93,0.15,-3.628,0.216,-5.243,0.0
2024-11-27 17:00:00+00:00,-8.04,-1.82,-4.505,-2.631,-6.511,0.0
2024-11-27 18:00:00+00:00,-8.47,-3.37,-3.409,-4.871,-4.928,0.0
2024-11-27 19:00:00+00:00,-6.82,-5.182,-2.443,-7.491,-3.531,0.0
2024-11-27 20:00:00+00:00,-6.53,-4.936,-0.459,-7.135,-0.664,0.0
2024-11-27 21:00:00+00:00,-6.92,-5.254,1.16,-7.594,1.677,0.0
2024-11-27 22:00:00+00:00,-8.5,-4.674,2.618,-6.756,3.784,0.0
2024-11-27 23:00:00+00:00,-7.65,-3.409,3.041,-4.927,4.395,0.0
2024-11-28 00:00:00+00:00,-11.27,-2.379,3.602,-3.439,5.206,0.0
2024-11-28 01:00:00+00:00,-10.24,-1.159,3.989,-1.676,5.765,0.0
2024-11-28 02:00:00+00:00,-11.02,0.237,3.149,0.343,4.552,0.0
2024-11-28 03:00:00+00:00,-9.43,1.973,3.981,2.852,5.754,0.0
2024-11-28 04:00:00+00:00,-10.53,3.65,3.767,5.276,5.445,0.0
2024-11-28 05:00:00+00:00,-11.12,5.117,2.705,7.396,3.91,0.0
2024-11-28 06:00:00+00:00,-10.43,5.528,1.099,7.99,1.588,0.0
2024-11-28 07:00:00+00:00,-8.97,6.657,-0.524,9.622,-0.758,0.0
2024-11-28 08:00:00+00:00,-10.06,6.899,-2.555,9.971,-3.693,0.0
2024-11-28 09:00:00+00:00,-10.35,5.772,-3.745,8.343,-5.413,0.0
2024-11-28 10:00:00+00:00,-11.68,5.175,-5.021,7.48,-7.258,35.4
2024-11-28 11:00:00+00:00,-13.44,3.441,-4.647,4.974,-6.718,79.6
2024-11-28 12:00:00+00:00,-13.08,2.361,-4.987,3.412,-7.209,94.7
2024-11-28 13:00:00+00:00,-13.31,1.513,-5.55,2.187,-8.023,79.6
2024-11-28 14:00:00+00:00,-10.59,0.666,-6.204,0.963,-8.967,35.4
2024-11-28 15:00:00+00:00,-8.66,-0.262,-5.16,-0.378,-7.458,0.0
2024-11-28 16:00:00+00:00,-6.12,-0.819,-5.474,-1.184,-7.912,0.0
2024-11-28 17:00:00+00:00,-4.93,-1.559,-5.527,-2.253,-7.99,0.0
2024-11-28 18:00:00+00:00,-5.45,-2.211,-4.799,-3.196,-6.937,0.0
2024-11-28 19:00:00+00:00,-4.63,-3.023,-3.59,-4.369,-5.19,0.0
2024-11-28 20:00:00+00:00,-7.15,-4.47,-2.463,-6.461,-3.56,0.0
2024-11-28 21:00:00+00:00,-8.52,-5.106,-0.811,-7.381,-1.172,0.0
2024-11-28 22:00:00+00:00,-7.51,-3.931,0.973,-5.682,1.407,0.0
2024-11-28 23:00:00+00:00,-6.51,-3.045,1.843,-4.402,2.664,0.0
2024-11-29 00:00:00+00:00,-7.17,-1.945,1.975,-2.812,2.855,0.0
2024-11-29 01:00:00+00:00,-9.74,-1.742,2.665,-2.518,3.853,0.0
2024-11-29 02:00:00+00:00,-9.3,-1.334,2.875,-1.929,4.155,0.0
2024-11-29 03:00:00+00:00,-7.01,-1.126,3.114,-1.627,4.501,0.0
2024-11-29 04:00:00+00:00,-5.46,-0.938,3.37,-1.356,4.872,0.0
2024-11-29 05:00:00+00:00,-7.41,-0.844,3.045,-1.22,4.402,0.0
2024-11-29 06:00:00+00:00,-4.65,-1.031,3.61,-1.491,5.218,0.0
2024-11-29 07:00:00+00:00,-3.87,-1.221,3.853,-1.765,5.57,0.0
2024-11-29 08:00:00+00:00,-5.85,-1.229,3.018,-1.776,4.362,0.0
2024-11-29 09:00:00+00:00,-4.7,-1.138,2.256,-1.644,3.261,0.0
2024-11-29 10:00:00+00:00,-5.11,-1.418,2.298,-2.049,3.322,32.8
2024-11-29 11:00:00+00:00,-4.56,-1.509,1.777,-2.182,2.569,77.0
2024-11-29 12:00:00+00:00,-3.33,-1.645,1.718,-2.377,2.483,92.1
2024-11-29 13:00:00+00:00,-4.18,-2.158,2.051,-3.12,2.965,77.0
2024-11-29 14:00:00+00:00,-4.55,-2.503,2.077,-3.618,3.002,32.8
2024-11-29 15:00:00+00:00,-6.37,-2.354,1.907,-3.402,2.757,0.0
2024-11-29 16:00:00+00:00,-6.54,-3.265,2.8,-4.719,4.047,0.0
2024-11-29 17:00:00+00:00,-5.91,-2.689,2.652,-3.887,3.833,0.0
2024-11-29 18:00:00+00:00,-1.72,-2.498,3.011,-3.611,4.352,0.0
2024-11-29 19:00:00+00:00,-0.11,-2.254,3.269,-3.258,4.726,0.0
2024-11-29 20:00:00+00:00,-1.65,-2.13,3.816,-3.079,5.516,0.0
2024-11-29 21:00:00+00:00,-0.75,-2.16,3.986,-3.122,5.761,0.0
2024-11-29 22:00:00+00:00,0.2,-1.78,3.624,-2.573,5.238,0.0
2024-11-29 23:00:00+00:00,1.17,-1.472,3.707,-2.128,5.359,0.0
2024-11-30 00:00:00+00:00,2.37,-1.366,3.901,-1.974,5.639,0.0
2024-11-30 01:00:00+00:00,2.93,-1.201,4.112,-1.736,5.944,0.0
2024-11-30 02:00:00+00:00,3.28,-1.004,3.564,-1.452,5.151,0.0
2024-11-30 03:00:00+00:00,1.95,-1.054,4.146,-1.524,5.993,0.0
2024-11-30 04:00:00+00:00,2.38,-0.611,3.492,-0.883,5.048,0.0
2024-11-30 05:00:00+00:00,2.62,-0.167,3.704,-0.241,5.354,0.0
2024-11-30 06:00:00+00:00,4.82,0.312,4.148,0.451,5.996,0.0
2024-11-30 07:00:00+00:00,-0.0,0.918,4.651,1.328,6.723,0.0
2024-11-30 08:00:00+00:00,-0.13,1.492,4.082,2.156,5.901,0.0
2024-11-30 09:00:00+00:00,-2.01,1.84,3.521,2.66,5.089,0.0
2024-11-30 10:00:00+00:00,-3.92,2.064,2.671,2.983,3.861,6.7
2024-11-30 11:00:00+00:00,-7.06,2.39,2.65,3.455,3.83,16.4
2024-11-30 12:00:00+00:00,-5.82,3.833,3.911,5.54,5.653,19.7
2024-11-30 13:00:00+00:00,-6.16,4.078,3.853,5.894,5.569,16.4
2024-11-30 14:00:00+00:00,-6.11,3.727,3.059,5.387,4.421,6.7
2024-11-30 15:00:00+00:00,-7.79,4.11,2.471,5.941,3.572,0.0
2024-11-30 16:00:00+00:00,-8.52,3.537,1.613,5.112,2.331,0.0
2024-11-30 17:00:00+00:00,-10.53,3.97,1.483,5.738,2.143,0.0
2024-11-30 18:00:00+00:00,-12.02,4.283,0.866,6.19,1.252,0.0
2024-11-30 19:00:00+00:00,-11.59,4.108,0.562,5.938,0.812,0.0
2024-11-30 20:00:00+00:00,-8.3,4.254,0.691,6.149,0.999,0.0
2024-11-30 21:00:00+00:00,-9.37,3.784,0.662,5.47,0.957,0.0
2024-11-30 22:00:00+00:00,-9.46,3.746,0.848,5.415,1.226,0.0
2024-11-30 23:00:00+00:00,-6.07,3.166,0.94,4.577,1.359,0.0
2024-12-01 00:00:00+00:00,-7.13,3.582,1.265,5.178,1.828,0.0
2024-12-01 01:00:00+00:00,-9.01,3.242,1.248,4.686,1.804,0.0
2024-12-01 02:00:00+00:00,-9.47,3.29,1.25,4.755,1.806,0.0
2024-12-01 03:00:00+00:00,-8.56,3.435,1.417,4.966,2.048,0.0
2024-12-01 04:00:00+00:00,-9.14,3.536,1.628,5.111,2.354,0.0
2024-12-01 05:00:00+00:00,-10.02,3.554,1.818,5.137,2.628,0.0
2024-12-01 06:00:00+00:00,-10.37,3.077,1.992,4.448,2.88,0.0
2024-12-01 07:00:00+00:00,-11.01,2.544,2.033,3.678,2.939,0.0
2024-12-01 08:00:00+00:00,-11.33,2.381,2.41,3.441,3.484,0.0
2024-12-01 09:00:00+00:00,-6.83,2.291,3.013,3.312,4.355,0.0
2024-12-01 10:00:00+00:00,-8.15,2.472,2.946,3.573,4.258,6.2
2024-12-01 11:00:00+00:00,-6.89,2.398,2.499,3.467,3.612,15.9
2024-12-01 12:00:00+00:00,-8.74,2.392,2.912,3.458,4.209,19.2
2024-12-01 13:00:00+00:00,-10.26,1.992,2.415,2.879,3.491,15.9
2024-12-01 14:00:00+00:00,-9.5,2.274,2.909,3.287,4.205,6.2
2024-12-01 15:00:00+00:00,-6.76,2.731,3.276,3.947,4.735,0.0
2024-12-01 16:00:00+00:00,-8.58,3.364,3.753,4.862,5.425,0.0
2024-12-01 17:00:00+00:00,-8.08,3.302,3.366,4.772,4.866,0.0
2024-12-01 18:00:00+00:00,-6.27,3.74,2.916,5.406,4.215,0.0
2024-12-01 19:00:00+00:00,-6.78,3.904,1.984,5.643,2.868,0.0
2024-12-01 20:00:00+00:00,-6.37,4.312,1.356,6.233,1.959,0.0
2024-12-01 21:00:00+00:00,-5.64,5.654,0.638,8.173,0.922,0.0
2024-12-01 22:00:00+00:00,-4.03,4.559,-0.362,6.59,-0.524,0.0
2024-12-01 23:00:00+00:00,-4.39,5.424,-1.754,7.84,-2.536,0.0
2024-12-02 00:00:00+00:00,-2.83,4.37,-2.629,6.316,-3.8,0.0
2024-12-02 01:00:00+00:00,-2.96,3.802,-3.875,5.495,-5.601,0.0
2024-12-02 02:00:00+00:00,-3.39,2.226,-3.861,3.217,-5.58,0.0
2024-12-02 03:00:00+00:00,-3.98,1.365,-4.768,1.973,-6.892,0.0
2024-12-02 04:00:00+00:00,-4.02,0.463,-3.88,0.669,-5.609,0.0
2024-12-02 05:00:00+00:00,-5.74,0.044,-4.116,0.064,-5.95,0.0
2024-12-02 06:00:00+00:00,-6.49,-0.386,-4.15,-0.558,-5.999,0.0
2024-12-02 07:00:00+00:00,-4.09,-1.015,-4.107,-1.468,-5.936,0.0
2024-12-02 08:00:00+00:00,-3.75,-1.94,-4.02,-2.804,-5.81,0.0
2024-12-02 09:00:00+00:00,-3.03,-3.502,-4.482,-5.062,-6.478,0.0
2024-12-02 10:00:00+00:00,-4.92,-5.271,-4.344,-7.62,-6.279,16.4
2024-12-02 11:00:00+00:00,-8.99,-6.525,-2.655,-9.432,-3.838,54.5
2024-12-02 12:00:00+00:00,-10.82,-5.531,0.198,-7.995,0.286,64.3
2024-12-02 13:00:00+00:00,-12.93,-6.132,2.627,-8.863,3.797,51.8
2024-12-02 14:00:00+00:00,-13.48,-4.783,4.4,-6.913,6.359,19.9
2024-12-02 15:00:00+00:00,-13.84,-3.159,5.05,-4.566,7.299,0.0
2024-12-02 16:00:00+00:00,-15.24,-1.119,4.775,-1.618,6.902,0.0
2024-12-02 17:00:00+00:00,-11.61,1.026,4.508,1.483,6.516,0.0
2024-12-02 18:00:00+00:00,-11.77,2.192,2.853,3.169,4.125,0.0
2024-12-02 19:00:00+00:00,-11.23,3.155,1.687,4.56,2.439,0.0
2024-12-02 20:00:00+00:00,-9.59,4.048,0.557,5.851,0.806,0.0
2024-12-02 21:00:00+00:00,-10.35,5.123,-0.871,7.405,-1.259,0.0
2024-12-02 22:00:00+00:00,-10.45,4.175,-2.526,6.034,-3.652,0.0
2024-12-02 23:00:00+00:00,-12.01,2.85,-3.584,4.12,-5.181,0.0
2024-12-03 00:00:00+00:00,-10.64,2.169,-5.194,3.135,-7.508,0.0
2024-12-03 01:00:00+00:00,-12.92,1.179,-5.758,1.704,-8.322,0.0
2024-12-03 02:00:00+00:00,-14.08,0.144,-6.802,0.208,-9.831,0.0
2024-12-03 03:00:00+00:00,-12.89,-1.033,-8.283,-1.493,-11.972,0.0
2024-12-03 04:00:00+00:00,-16.54,-1.808,-6.465,-2.613,-9.345,0.0
2024-12-03 05:00:00+00:00,-17.57,-1.782,-4.986,-2.576,-7.207,0.0
2024-12-03 06:00:00+00:00,-17.55,-1.739,-4.787,-2.514,-6.919,0.0
2024-12-03 07:00:00+00:00,-12.96,-2.525,-6.33,-3.649,-9.15,0.0
2024-12-03 08:00:00+00:00,-10.92,-2.583,-6.433,-3.734,-9.299,0.0
2024-12-03 09:00:00+00:00,-9.61,-2.799,-7.474,-4.046,-10.803,0.0
2024-12-03 10:00:00+00:00,-12.18,-1.675,-7.12,-2.421,-10.292,23.7
2024-12-03 11:00:00+00:00,-13.04,-0.303,-7.744,-0.438,-11.194,67.7
2024-12-03 12:00:00+00:00,-11.18,1.592,-9.191,2.302,-13.285,82.7
2024-12-03 13:00:00+00:00,-13.43,3.498,-9.418,5.056,-13.613,67.7
2024-12-03 14:00:00+00:00,-13.89,5.077,-7.87,7.338,-11.375,23.7
2024-12-03 15:00:00+00:00,-16.84,6.466,-6.969,9.346,-10.074,0.0
2024-12-03 16:00:00+00:00,-17.39,9.785,-6.681,14.144,-9.657,0.0
2024-12-03 17:00:00+00:00,-17.89,11.581,-3.959,16.739,-5.722,0.0
2024-12-03 18:00:00+00:00,-17.6,12.708,0.125,18.369,0.181,0.0
2024-12-03 19:00:00+00:00,-16.27,10.508,4.058,15.189,5.866,0.0
2024-12-03 20:00:00+00:00,-15.64,7.806,6.218,11.284,8.987,0.0
2024-12-03 21:00:00+00:00,-17.67,3.863,5.79,5.584,8.37,0.0
2024-12-03 22:00:00+00:00,-16.4,1.972,6.573,2.85,9.501,0.0
2024-12-03 23:00:00+00:00,-13.97,-0.204,6.436,-0.295,9.302,0.0
2024-12-04 00:00:00+00:00,-13.42,-2.215,6.487,-3.202,9.376,0.0
2024-12-04 01:00:00+00:00,-12.48,-4.047,5.532,-5.85,7.997,0.0
2024-12-04 02:00:00+00:00,-14.09,-5.337,3.618,-7.714,5.229,0.0
2024-12-04 03:00:00+00:00,-13.85,-4.617,1.325,-6.673,1.915,0.0
2024-12-04 04:00:00+00:00,-14.64,-4.762,-0.378,-6.883,-0.546,0.0
2024-12-04 05:00:00+00:00,-13.24,-4.587,-2.024,-6.63,-2.925,0.0
2024-12-04 06:00:00+00:00,-12.05,-4.022,-3.565,-5.814,-5.153,0.0
2024-12-04 07:00:00+00:00,-11.68,-2.905,-4.891,-4.199,-7.07,0.0
2024-12-04 08:00:00+00:00,-12.76,-1.374,-5.447,-1.986,-7.873,0.0
2024-12-04 09:00:00+00:00,-15.04,0.42,-5.687,0.607,-8.22,0.0
2024-12-04 10:00:00+00:00,-17.85,1.763,-4.91,2.549,-7.097,16.4
2024-12-04 11:00:00+00:00,-16.81,2.76,-3.957,3.99,-5.719,65.7
2024-12-04 12:00:00+00:00,-17.82,2.909,-2.18,4.205,-3.151,80.6
2024-12-04 13:00:00+00:00,-21.46,3.123,-1.174,4.514,-1.697,41.6
2024-12-04 14:00:00+00:00,-21.56,3.894,-0.157,5.629,-0.227,15.8
2024-12-04 15:00:00+00:00,-20.98,3.146,1.225,4.547,1.771,0.0
2024-12-04 16:00:00+00:00,-20.39,2.576,2.35,3.723,3.397,0.0
2024-12-04 17:00:00+00:00,-20.3,1.128,2.279,1.631,3.295,0.0
2024-12-04 18:00:00+00:00,-21.22,0.213,2.454,0.308,3.547,0.0
2024-12-04 19:00:00+00:00,-18.75,-0.607,2.178,-0.877,3.148,0.0
2024-12-04 20:00:00+00:00,-16.86,-1.177,1.884,-1.701,2.724,0.0
2024-12-04 21:00:00+00:00,-14.07,-1.6,1.538,-2.313,2.223,0.0
2024-12-04 22:00:00+00:00,-13.3,-2.932,1.573,-4.237,2.274,0.0
2024-12-04 23:00:00+00:00,-10.82,-3.286,0.738,-4.75,1.067,0.0
2024-12-05 00:00:00+00:00,-13.17,-3.403,0.114,-4.919,0.165,0.0
2024-12-05 01:00:00+00:00,-9.46,-4.505,-0.535,-6.512,-0.774,0.0
2024-12-05 02:00:00+00:00,-11.76,-3.859,-1.121,-5.579,-1.62,0.0
2024-12-05 03:00:00+00:00,-11.94,-3.877,-2.116,-5.604,-3.059,0.0
2024-12-05 04:00:00+00:00,-10.2,-3.002,-2.634,-4.339,-3.808,0.0
2024-12-05 05:00:00+00:00,-12.21,-2.776,-3.335,-4.013,-4.82,0.0
2024-12-05 06:00:00+00:00,-9.63,-1.757,-2.835,-2.54,-4.098,0.0
2024-12-05 07:00:00+00:00,-11.5,-1.164,-2.577,-1.682,-3.725,0.0
2024-12-05 08:00:00+00:00,-12.49,-0.673,-2.769,-0.973,-4.002,0.0
2024-12-05 09:00:00+00:00,-14.99,-0.125,-2.395,-0.18,-3.461,0.0
2024-12-05 10:00:00+00:00,-15.33,0.23,-2.327,0.332,-3.363,19.8
2024-12-05 11:00:00+00:00,-12.79,0.473,-2.099,0.683,-3.033,63.1
2024-12-05 12:00:00+00:00,-16.71,0.584,-1.928,0.844,-2.787,78.8
2024-12-05 13:00:00+00:00,-17.41,0.884,-2.099,1.277,-3.034,63.8
2024-12-05 14:00:00+00:00,-16.03,1.049,-1.805,1.516,-2.609,19.8
2024-12-05 15:00:00+00:00,-15.65,1.083,-1.244,1.565,-1.798,0.0
2024-12-05 16:00:00+00:00,-18.47,1.243,-1.201,1.797,-1.736,0.0
2024-12-05 17:00:00+00:00,-16.19,1.541,-1.294,2.227,-1.871,0.0
2024-12-05 18:00:00+00:00,-14.75,1.683,-1.034,2.433,-1.495,0.0
2024-12-05 19:00:00+00:00,-12.63,1.76,-0.699,2.545,-1.01,0.0
2024-12-05 20:00:00+00:00,-9.66,1.789,-0.398,2.585,-0.575,0.0
2024-12-05 21:00:00+00:00,-11.37,1.719,-0.098,2.485,-0.142,0.0
2024-12-05 22:00:00+00:00,-10.56,1.824,0.204,2.636,0.296,0.0
2024-12-05 23:00:00+00:00,-8.61,1.779,0.448,2.572,0.648,0.0
2024-12-06 00:00:00+00:00,-9.41,2.093,0.951,3.025,1.374,0.0
2024-12-06 01:00:00+00:00,-6.88,2.59,2.039,3.744,2.948,0.0
2024-12-06 02:00:00+00:00,-6.1,1.904,2.59,2.752,3.744,0.0
2024-12-06 03:00:00+00:00,-3.17,1.246,3.063,1.801,4.427,0.0
2024-12-06 04:00:00+00:00,-2.68,0.735,3.7,1.062,5.349,0.0
2024-12-06 05:00:00+00:00,-6.52,0.125,3.409,0.181,4.928,0.0
2024-12-06 06:00:00+00:00,-6.06,-0.241,3.783,-0.349,5.468,0.0
2024-12-06 07:00:00+00:00,-6.93,-0.756,3.91,-1.093,5.652,0.0
2024-12-06 08:00:00+00:00,-5.15,-1.263,3.517,-1.826,5.083,0.0
2024-12-06 09:00:00+00:00,-8.32,-2.015,3.978,-2.912,5.749,0.0
2024-12-06 10:00:00+00:00,-7.73,-2.491,5.007,-3.601,7.237,15.6
2024-12-06 11:00:00+00:00,-11.81,-2.304,5.948,-3.331,8.598,23.5
2024-12-06 12:00:00+00:00,-11.5,-1.46,6.552,-2.111,9.47,68.6
2024-12-06 13:00:00+00:00,-14.02,-0.619,6.31,-0.895,9.121,62.0
2024-12-06 14:00:00+00:00,-11.9,0.575,7.118,0.831,10.289,18.1
2024-12-06 15:00:00+00:00,-12.62,0.759,6.294,1.097,9.097,0.0
2024-12-06 16:00:00+00:00,-10.63,0.274,6.214,0.397,8.982,0.0
2024-12-06 17:00:00+00:00,-9.55,0.281,7.335,0.407,10.603,0.0
2024-12-06 18:00:00+00:00,-6.66,-0.081,7.848,-0.117,11.343,0.0
2024-12-06 19:00:00+00:00,-7.0,-0.82,8.225,-1.185,11.888,0.0
2024-12-06 20:00:00+00:00,-7.81,-1.239,6.881,-1.791,9.945,0.0
2024-12-06 21:00:00+00:00,-9.13,-1.25,5.891,-1.806,8.515,0.0
2024-12-06 22:00:00+00:00,-7.99,-1.514,6.39,-2.189,9.237,0.0
2024-12-06 23:00:00+00:00,-5.99,-1.735,7.288,-2.508,10.535,0.0
2024-12-07 00:00:00+00:00,-8.74,-1.684,6.791,-2.434,9.816,0.0
2024-12-07 01:00:00+00:00,-6.47,-1.211,6.838,-1.75,9.884,0.0
2024-12-07 02:00:00+00:00,-9.34,-0.792,7.081,-1.145,10.236,0.0
2024-12-07 03:00:00+00:00,-6.44,0.308,6.113,0.444,8.836,0.0
2024-12-07 04:00:00+00:00,-10.02,1.269,5.198,1.834,7.514,0.0
2024-12-07 05:00:00+00:00,-10.64,2.497,5.146,3.609,7.438,0.0
2024-12-07 06:00:00+00:00,-9.5,4.457,5.156,6.442,7.453,0.0
2024-12-07 07:00:00+00:00,-9.6,5.607,4.024,8.104,5.816,0.0
2024-12-07 08:00:00+00:00,-13.43,6.226,3.073,8.999,4.442,0.0
2024-12-07 09:00:00+00:00,-14.77,4.994,1.613,7.218,2.331,0.0
2024-12-07 10:00:00+00:00,-12.88,4.694,0.643,6.785,0.93,3.6
2024-12-07 11:00:00+00:00,-13.6,4.886,-0.306,7.062,-0.442,13.3
2024-12-07 12:00:00+00:00,-15.28,5.423,-1.335,7.838,-1.929,16.6
2024-12-07 13:00:00+00:00,-15.46,5.093,-2.544,7.361,-3.678,13.3
2024-12-07 14:00:00+00:00,-15.39,3.149,-3.018,4.551,-4.362,3.6
2024-12-07 15:00:00+00:00,-13.72,2.121,-3.887,3.066,-5.618,0.0
2024-12-07 16:00:00+00:00,-14.53,1.24,-4.197,1.792,-6.067,0.0
2024-12-07 17:00:00+00:00,-13.92,-0.066,-3.459,-0.095,-5.0,0.0
2024-12-07 18:00:00+00:00,-13.92,-1.032,-2.906,-1.492,-4.2,0.0
2024-12-07 19:00:00+00:00,-12.77,-1.75,-2.552,-2.53,-3.689,0.0
2024-12-07 20:00:00+00:00,-11.16,-2.029,-1.798,-2.933,-2.598,0.0
2024-12-07 21:00:00+00:00,-9.75,-2.052,-1.044,-2.966,-1.509,0.0
2024-12-07 22:00:00+00:00,-11.59,-2.175,-0.532,-3.144,-0.768,0.0
2024-12-07 23:00:00+00:00,-12.55,-2.251,-0.177,-3.254,-0.256,0.0
2024-12-08 00:00:00+00:00,-12.97,-2.552,0.212,-3.688,0.306,0.0
2024-12-08 01:00:00+00:00,-13.76,-2.661,0.792,-3.846,1.145,0.0
2024-12-08 02:00:00+00:00,-12.4,-2.393,1.026,-3.459,1.484,0.0
2024-12-08 03:00:00+00:00,-13.47,-2.635,1.477,-3.809,2.135,0.0
2024-12-08 04:00:00+00:00,-10.89,-3.086,1.918,-4.461,2.772,0.0
2024-12-08 05:00:00+00:00,-12.12,-3.149,2.037,-4.552,2.944,0.0
2024-12-08 06:00:00+00:00,-12.69,-3.743,2.473,-5.41,3.574,0.0
2024-12-08 07:00:00+00:00,-15.06,-4.063,2.912,-5.873,4.209,0.0
2024-12-08 08:00:00+00:00,-13.87,-5.621,3.522,-8.125,5.09,0.0
2024-12-08 09:00:00+00:00,-12.65,-6.887,3.464,-9.955,5.008,0.0
2024-12-08 10:00:00+00:00,-13.86,-5.523,2.494,-7.983,3.605,3.3
2024-12-08 11:00:00+00:00,-14.76,-4.652,1.986,-6.724,2.871,12.9
2024-12-08 12:00:00+00:00,-15.44,-4.0,1.603,-5.782,2.317,16.2
2024-12-08 13:00:00+00:00,-16.25,-3.245,1.288,-4.691,1.862,12.9
2024-12-08 14:00:00+00:00,-14.22,-4.136,1.583,-5.978,2.288,3.3
2024-12-08 15:00:00+00:00,-12.85,-5.626,1.77,-8.131,2.559,0.0
2024-12-08 16:00:00+00:00,-12.01,-6.337,1.187,-9.159,1.715,0.0
2024-12-08 17:00:00+00:00,-9.94,-5.207,0.599,-7.527,0.866,0.0
2024-12-08 18:00:00+00:00,-10.13,-6.866,0.847,-9.924,1.225,0.0
2024-12-08 19:00:00+00:00,-10.86,-6.974,0.95,-10.08,1.372,0.0
2024-12-08 20:00:00+00:00,-9.35,-7.089,1.241,-10.247,1.794,0.0
2024-12-08 21:00:00+00:00,-9.66,-5.431,1.053,-7.85,1.522,0.0
2024-12-08 22:00:00+00:00,-9.33,-6.197,1.197,-8.957,1.73,0.0
2024-12-08 23:00:00+00:00,-11.62,-7.014,1.405,-10.139,2.03,0.0
2024-12-09 00:00:00+00:00,-9.49,-8.461,1.183,-12.229,1.71,0.0
2024-12-09 01:00:00+00:00,-8.2,-8.394,0.247,-12.132,0.357,0.0
2024-12-09 02:00:00+00:00,-7.82,-9.676,-0.775,-13.985,-1.12,0.0
2024-12-09 03:00:00+00:00,-6.33,-7.871,-1.888,-11.377,-2.729,0.0
2024-12-09 04:00:00+00:00,-4.0,-7.191,-3.325,-10.394,-4.805,0.0
2024-12-09 05:00:00+00:00,-5.96,-5.621,-3.97,-8.125,-5.738,0.0
2024-12-09 06:00:00+00:00,-4.79,-4.495,-5.462,-6.497,-7.895,0.0
2024-12-09 07:00:00+00:00,-8.68,-2.804,-6.235,-4.054,-9.012,0.0
2024-12-09 08:00:00+00:00,-8.9,-1.002,-6.138,-1.448,-8.872,0.0
2024-12-09 09:00:00+00:00,-8.16,0.317,-6.386,0.458,-9.231,0.0
2024-12-09 10:00:00+00:00,-8.46,1.296,-6.773,1.874,-9.79,12.5
2024-12-09 11:00:00+00:00,-10.96,2.519,-6.409,3.64,-9.264,57.4
2024-12-09 12:00:00+00:00,-10.42,3.233,-5.414,4.673,-7.826,72.3
2024-12-09 13:00:00+00:00,-11.66,4.89,-5.58,7.069,-8.066,57.4
2024-12-09 14:00:00+00:00,-10.86,6.308,-5.09,9.117,-7.358,13.6
2024-12-09 15:00:00+00:00,-10.41,7.033,-3.956,10.166,-5.718,0.0
2024-12-09 16:00:00+00:00,-10.06,8.711,-2.704,12.591,-3.908,0.0
2024-12-09 17:00:00+00:00,-10.15,9.807,-0.683,14.175,-0.988,0.0
2024-12-09 18:00:00+00:00,-8.89,11.363,1.439,16.424,2.08,0.0
2024-12-09 19:00:00+00:00,-8.68,12.987,4.153,18.772,6.004,0.0
2024-12-09 20:00:00+00:00,-8.74,11.333,6.036,16.382,8.725,0.0
2024-12-09 21:00:00+00:00,-7.37,9.781,8.041,14.138,11.623,0.0
2024-12-09 22:00:00+00:00,-3.92,7.456,10.171,10.777,14.702,0.0
2024-12-09 23:00:00+00:00,-4.82,4.95,11.884,7.155,17.178,0.0
2024-12-10 00:00:00+00:00,-3.8,1.758,11.825,2.542,17.092,0.0
2024-12-10 01:00:00+00:00,-6.09,-1.187,11.363,-1.716,16.424,0.0
2024-12-10 02:00:00+00:00,-5.07,-3.789,8.881,-5.477,12.837,0.0
2024-12-10 03:00:00+00:00,-3.44,-5.057,6.627,-7.31,9.58,0.0
2024-12-10 04:00:00+00:00,-3.7,-5.967,5.332,-8.626,7.707,0.0
2024-12-10 05:00:00+00:00,-4.83,-7.096,3.174,-10.257,4.588,0.0
2024-12-10 06:00:00+00:00,-9.32,-7.473,0.823,-10.802,1.189,0.0
2024-12-10 07:00:00+00:00,-11.99,-9.189,-2.002,-13.282,-2.894,0.0
2024-12-10 08:00:00+00:00,-10.02,-6.897,-4.236,-9.97,-6.122,0.0
2024-12-10 09:00:00+00:00,-11.99,-4.987,-7.086,-7.208,-10.242,0.0
2024-12-10 10:00:00+00:00,-12.35,-1.333,-7.132,-1.927,-10.309,4.7
2024-12-10 11:00:00+00:00,-12.48,1.768,-6.272,2.555,-9.066,23.6
2024-12-10 12:00:00+00:00,-12.16,4.598,-5.498,6.646,-7.946,18.2
2024-12-10 13:00:00+00:00,-12.57,6.58,-3.583,9.511,-5.178,25.8
2024-12-10 14:00:00+00:00,-12.39,8.816,-1.167,12.743,-1.686,6.6
2024-12-10 15:00:00+00:00,-11.64,9.504,1.475,13.737,2.133,0.0
2024-12-10 16:00:00+00:00,-10.94,8.155,4.176,11.787,6.036,0.0
2024-12-10 17:00:00+00:00,-9.89,5.787,6.134,8.364,8.867,0.0
2024-12-10 18:00:00+00:00,-9.95,3.125,7.595,4.517,10.978,0.0
2024-12-10 19:00:00+00:00,-9.86,0.886,9.164,1.28,13.246,0.0
2024-12-10 20:00:00+00:00,-9.35,-1.367,8.872,-1.976,12.824,0.0
2024-12-10 21:00:00+00:00,-8.33,-3.849,8.347,-5.564,12.066,0.0
2024-12-10 22:00:00+00:00,-7.94,-5.999,6.401,-8.671,9.252,0.0
2024-12-10 23:00:00+00:00,-6.06,-8.711,4.565,-12.591,6.598,0.0
2024-12-11 00:00:00+00:00,-4.27,-7.742,1.402,-11.19,2.026,0.0
2024-12-11 01:00:00+00:00,-3.76,-9.769,-0.974,-14.12,-1.409,0.0
2024-12-11 02:00:00+00:00,-0.86,-7.411,-3.121,-10.712,-4.511,0.0
2024-12-11 03:00:00+00:00,2.21,-5.244,-4.155,-7.579,-6.006,0.0
2024-12-11 04:00:00+00:00,-0.19,-4.24,-6.014,-6.129,-8.693,0.0
2024-12-11 05:00:00+00:00,-0.46,-3.16,-6.907,-4.568,-9.983,0.0
2024-12-11 06:00:00+00:00,-2.77,-1.099,-8.169,-1.588,-11.808,0.0
2024-12-11 07:00:00+00:00,-5.06,1.588,-7.992,2.295,-11.552,0.0
2024-12-11 08:00:00+00:00,-7.98,3.681,-6.693,5.321,-9.675,0.0
2024-12-11 09:00:00+00:00,-8.86,5.845,-6.239,8.448,-9.019,0.0
2024-12-11 10:00:00+00:00,-10.06,7.669,-4.77,11.085,-6.895,9.9
2024-12-11 11:00:00+00:00,-12.41,6.513,-2.533,9.414,-3.661,53.4
2024-12-11 12:00:00+00:00,-10.13,6.417,-1.72,9.276,-2.486,44.6
2024-12-11 13:00:00+00:00,-10.17,6.515,-0.855,9.418,-1.236,38.8
2024-12-11 14:00:00+00:00,-10.0,7.732,-0.43,11.177,-0.622,8.2
2024-12-11 15:00:00+00:00,-11.64,6.84,0.414,9.886,0.598,0.0
2024-12-11 16:00:00+00:00,-11.26,6.013,0.976,8.692,1.411,0.0
2024-12-11 17:00:00+00:00,-9.7,5.456,1.122,7.886,1.622,0.0
2024-12-11 18:00:00+00:00,-11.83,6.331,2.148,9.151,3.104,0.0
2024-12-11 19:00:00+00:00,-11.29,5.896,3.456,8.523,4.995,0.0
2024-12-11 20:00:00+00:00,-10.92,4.968,4.646,7.181,6.715,0.0
2024-12-11 21:00:00+00:00,-12.0,3.408,4.637,4.926,6.702,0.0
2024-12-11 22:00:00+00:00,-13.25,2.205,5.146,3.187,7.439,0.0
2024-12-11 23:00:00+00:00,-12.94,1.993,6.006,2.881,8.682,0.0
2024-12-12 00:00:00+00:00,-10.2,1.13,6.77,1.634,9.785,0.0
2024-12-12 01:00:00+00:00,-7.41,0.682,5.533,0.985,7.998,0.0
2024-12-12 02:00:00+00:00,-7.93,0.381,6.434,0.55,9.299,0.0
2024-12-12 03:00:00+00:00,-7.34,-0.218,6.044,-0.315,8.736,0.0
2024-12-12 04:00:00+00:00,-5.28,-0.323,5.241,-0.466,7.575,0.0
2024-12-12 05:00:00+00:00,-7.76,0.375,6.825,0.542,9.865,0.0
2024-12-12 06:00:00+00:00,-10.08,0.938,7.248,1.356,10.476,0.0
2024-12-12 07:00:00+00:00,-9.37,2.17,7.288,3.137,10.534,0.0
2024-12-12 08:00:00+00:00,-12.29,3.227,5.567,4.664,8.047,0.0
2024-12-12 09:00:00+00:00,-11.1,5.249,6.003,7.587,8.677,0.0
2024-12-12 10:00:00+00:00,-12.9,6.513,4.517,9.414,6.53,3.1
2024-12-12 11:00:00+00:00,-13.9,5.777,2.761,8.351,3.991,26.6
2024-12-12 12:00:00+00:00,-11.05,4.948,1.052,7.151,1.521,58.2
2024-12-12 13:00:00+00:00,-10.33,7.031,-0.072,10.162,-0.104,44.5
2024-12-12 14:00:00+00:00,-12.65,6.034,-1.83,8.722,-2.645,10.1
2024-12-12 15:00:00+00:00,-11.61,6.101,-4.954,8.819,-7.16,0.0
2024-12-12 16:00:00+00:00,-10.69,4.296,-7.219,6.209,-10.435,0.0
2024-12-12 17:00:00+00:00,-9.94,1.934,-10.34,2.795,-14.945,0.0
2024-12-12 18:00:00+00:00,-7.98,-2.616,-10.608,-3.782,-15.334,0.0
2024-12-12 19:00:00+00:00,-8.24,-5.361,-7.484,-7.749,-10.818,0.0
2024-12-12 20:00:00+00:00,-7.46,-7.713,-4.56,-11.149,-6.592,0.0
2024-12-12 21:00:00+00:00,-7.83,-7.007,-1.543,-10.129,-2.23,0.0
2024-12-12 22:00:00+00:00,-6.7,-6.654,0.481,-9.618,0.696,0.0
2024-12-12 23:00:00+00:00,-6.59,-4.946,1.944,-7.149,2.81,0.0
2024-12-13 00:00:00+00:00,-2.76,-4.673,4.099,-6.754,5.925,0.0
2024-12-13 01:00:00+00:00,-3.89,-2.478,3.827,-3.582,5.532,0.0
2024-12-13 02:00:00+00:00,-3.52,-1.606,4.255,-2.322,6.151,0.0
2024-12-13 03:00:00+00:00,-3.39,-0.6,5.599,-0.867,8.093,0.0
2024-12-13 04:00:00+00:00,-7.98,1.113,6.632,1.609,9.586,0.0
2024-12-13 05:00:00+00:00,-7.71,2.845,6.748,4.113,9.753,0.0
2024-12-13 06:00:00+00:00,-8.12,4.479,6.128,6.474,8.858,0.0
2024-12-13 07:00:00+00:00,-10.36,6.484,5.355,9.373,7.74,0.0
2024-12-13 08:00:00+00:00,-11.16,5.919,3.336,8.555,4.823,0.0
2024-12-13 09:00:00+00:00,-11.52,7.778,2.5,11.242,3.613,0.0
2024-12-13 10:00:00+00:00,-10.14,7.924,1.157,11.454,1.672,2.2
2024-12-13 11:00:00+00:00,-11.77,8.219,-0.052,11.88,-0.074,28.4
2024-12-13 12:00:00+00:00,-14.19,8.561,-0.786,12.374,-1.136,39.6
2024-12-13 13:00:00+00:00,-12.46,8.37,-1.168,12.099,-1.689,46.3
2024-12-13 14:00:00+00:00,-12.57,9.865,-1.775,14.259,-2.565,9.2
2024-12-13 15:00:00+00:00,-12.82,10.158,-1.302,14.683,-1.882,0.0
2024-12-13 16:00:00+00:00,-12.84,8.904,-0.054,12.871,-0.079,0.0
2024-12-13 17:00:00+00:00,-12.9,8.599,0.673,12.429,0.973,0.0
2024-12-13 18:00:00+00:00,-11.14,8.56,1.249,12.372,1.806,0.0
2024-12-13 19:00:00+00:00,-10.01,9.731,3.448,14.066,4.984,0.0
2024-12-13 20:00:00+00:00,-12.58,6.494,4.355,9.387,6.295,0.0
2024-12-13 21:00:00+00:00,-14.05,4.641,5.619,6.708,8.121,0.0
2024-12-13 22:00:00+00:00,-13.34,2.579,5.938,3.727,8.583,0.0
2024-12-13 23:00:00+00:00,-13.3,0.933,6.274,1.348,9.069,0.0
2024-12-14 00:00:00+00:00,-14.74,-1.501,7.959,-2.169,11.505,0.0
2024-12-14 01:00:00+00:00,-12.64,-3.834,6.176,-5.542,8.927,0.0
2024-12-14 02:00:00+00:00,-13.13,-6.038,4.599,-8.727,6.647,0.0
2024-12-14 03:00:00+00:00,-12.92,-7.978,1.59,-11.531,2.298,0.0
2024-12-14 04:00:00+00:00,-12.9,-8.3,-1.849,-11.997,-2.673,0.0
2024-12-14 05:00:00+00:00,-11.84,-7.084,-4.847,-10.239,-7.006,0.0
2024-12-14 06:00:00+00:00,-10.19,-5.009,-7.162,-7.24,-10.353,0.0
2024-12-14 07:00:00+00:00,-12.07,-1.605,-7.011,-2.32,-10.134,0.0
2024-12-14 08:00:00+00:00,-9.7,1.112,-6.685,1.607,-9.662,0.0
2024-12-14 09:00:00+00:00,-10.4,3.429,-5.501,4.956,-7.951,0.0
2024-12-14 10:00:00+00:00,-11.12,4.76,-3.367,6.88,-4.867,1.9
2024-12-14 11:00:00+00:00,-11.37,6.487,-1.016,9.377,-1.469,11.5
2024-12-14 12:00:00+00:00,-13.51,5.57,1.586,8.051,2.293,14.8
2024-12-14 13:00:00+00:00,-13.98,4.309,3.947,6.228,5.705,15.3
2024-12-14 14:00:00+00:00,-13.38,2.172,5.945,3.139,8.593,1.9
2024-12-14 15:00:00+00:00,-14.77,-1.19,6.471,-1.72,9.353,0.0
2024-12-14 16:00:00+00:00,-14.12,-2.825,4.105,-4.083,5.933,0.0
2024-12-14 17:00:00+00:00,-14.36,-4.554,1.967,-6.582,2.843,0.0
2024-12-14 18:00:00+00:00,-14.45,-4.344,-0.755,-6.278,-1.091,0.0
2024-12-14 19:00:00+00:00,-15.22,-3.095,-3.052,-4.473,-4.411,0.0
2024-12-14 20:00:00+00:00,-13.68,-0.593,-3.573,-0.857,-5.164,0.0
2024-12-14 21:00:00+00:00,-14.05,1.847,-3.693,2.67,-5.338,0.0
2024-12-14 22:00:00+00:00,-11.06,3.911,-2.179,5.653,-3.15,0.0
2024-12-14 23:00:00+00:00,-10.82,5.543,0.534,8.011,0.771,0.0
2024-12-15 00:00:00+00:00,-14.76,5.258,5.708,7.6,8.25,0.0
2024-12-15 01:00:00+00:00,-13.29,-0.042,8.044,-0.06,11.627,0.0
2024-12-15 02:00:00+00:00,-12.24,-5.193,6.576,-7.507,9.505,0.0
2024-12-15 03:00:00+00:00,-9.14,-8.385,1.948,-12.12,2.816,0.0
2024-12-15 04:00:00+00:00,-11.79,-6.346,-2.838,-9.173,-4.103,0.0
2024-12-15 05:00:00+00:00,-10.91,-3.725,-5.876,-5.384,-8.493,0.0
2024-12-15 06:00:00+00:00,-9.78,0.616,-7.002,0.89,-10.121,0.0
2024-12-15 07:00:00+00:00,-10.88,4.12,-4.426,5.955,-6.397,0.0
2024-12-15 08:00:00+00:00,-9.54,6.887,-1.078,9.954,-1.558,0.0
2024-12-15 09:00:00+00:00,-11.28,4.768,3.309,6.891,4.783,0.0
2024-12-15 10:00:00+00:00,-10.38,1.261,4.822,1.823,6.97,1.7
2024-12-15 11:00:00+00:00,-10.33,-1.789,4.367,-2.586,6.313,11.3
2024-12-15 12:00:00+00:00,-9.01,-4.287,2.838,-6.197,4.101,14.6
2024-12-15 13:00:00+00:00,-12.48,-5.842,-0.173,-8.445,-0.249,11.3
2024-12-15 14:00:00+00:00,-15.32,-5.861,-4.344,-8.472,-6.28,1.7
2024-12-15 15:00:00+00:00,-14.01,-2.053,-6.306,-2.967,-9.115,0.0
2024-12-15 16:00:00+00:00,-14.91,2.242,-6.731,3.241,-9.73,0.0
2024-12-15 17:00:00+00:00,-15.97,6.048,-4.605,8.743,-6.657,0.0
2024-12-15 18:00:00+00:00,-13.91,7.818,0.061,11.301,0.089,0.0
2024-12-15 19:00:00+00:00,-14.35,6.879,5.293,9.944,7.65,0.0
2024-12-15 20:00:00+00:00,-12.72,2.34,7.304,3.383,10.557,0.0
2024-12-15 21:00:00+00:00,-13.67,-2.665,9.401,-3.852,13.588,0.0
2024-12-15 22:00:00+00:00,-12.23,-6.287,5.296,-9.088,7.655,0.0
2024-12-15 23:00:00+00:00,-13.48,-7.796,1.298,-11.269,1.876,0.0
2024-12-16 00:00:00+00:00,-10.16,-7.403,-2.818,-10.701,-4.073,0.0
2024-12-16 01:00:00+00:00,-12.69,-4.38,-5.375,-6.332,-7.769,0.0
2024-12-16 02:00:00+00:00,-14.09,-1.374,-6.39,-1.986,-9.236,0.0
2024-12-16 03:00:00+00:00,-13.23,1.747,-6.448,2.526,-9.32,0.0
2024-12-16 04:00:00+00:00,-15.07,5.918,-5.836,8.554,-8.435,0.0
2024-12-16 05:00:00+00:00,-16.56,8.681,-2.314,12.548,-3.344,0.0
2024-12-16 06:00:00+00:00,-15.1,12.065,3.865,17.439,5.587,0.0
2024-12-16 07:00:00+00:00,-16.52,6.246,7.845,9.028,11.34,0.0
2024-12-16 08:00:00+00:00,-16.27,1.061,10.084,1.533,14.576,0.0
2024-12-16 09:00:00+00:00,-17.81,-4.806,9.463,-6.947,13.678,0.0
2024-12-16 10:00:00+00:00,-18.91,-10.124,5.592,-14.633,8.084,1.9
2024-12-16 11:00:00+00:00,-19.45,-10.464,-0.874,-15.125,-1.264,24.1
2024-12-16 12:00:00+00:00,-20.37,-7.772,-6.313,-11.234,-9.125,17.4
2024-12-16 13:00:00+00:00,-17.72,-3.349,-10.704,-4.841,-15.472,17.9
2024-12-16 14:00:00+00:00,-18.9,2.702,-9.935,3.906,-14.36,3.3
2024-12-16 15:00:00+00:00,-16.95,5.267,-4.961,7.613,-7.171,0.0
2024-12-16 16:00:00+00:00,-17.65,9.927,-0.439,14.349,-0.634,0.0
2024-12-16 17:00:00+00:00,-18.27,8.031,4.949,11.608,7.153,0.0
2024-12-16 18:00:00+00:00,-18.73,3.955,10.342,5.717,14.948,0.0
2024-12-16 19:00:00+00:00,-17.73,-2.226,9.846,-3.218,14.232,0.0
2024-12-16 20:00:00+00:00,-14.44,-6.002,5.623,-8.676,8.128,0.0
2024-12-16 21:00:00+00:00,-15.31,-8.762,1.776,-12.665,2.567,0.0
2024-12-16 22:00:00+00:00,-15.22,-6.918,-1.757,-10.0,-2.539,0.0
2024-12-16 23:00:00+00:00,-15.62,-4.736,-3.753,-6.846,-5.424,0.0
2024-12-17 00:00:00+00:00,-14.53,-2.494,-5.429,-3.605,-7.847,0.0
2024-12-17 01:00:00+00:00,-13.03,0.344,-8.324,0.497,-12.032,0.0
2024-12-17 02:00:00+00:00,-10.74,4.735,-7.3,6.845,-10.552,0.0
2024-12-17 03:00:00+00:00,-12.55,7.401,-3.357,10.697,-4.852,0.0
2024-12-17 04:00:00+00:00,-12.87,9.409,0.812,13.601,1.173,0.0
2024-12-17 05:00:00+00:00,-11.2,7.255,5.342,10.487,7.721,0.0
2024-12-17 06:00:00+00:00,-12.26,3.275,8.533,4.734,12.334,0.0
2024-12-17 07:00:00+00:00,-13.59,-2.733,8.181,-3.95,11.825,0.0
2024-12-17 08:00:00+00:00,-13.79,-6.421,4.426,-9.281,6.397,0.0
2024-12-17 09:00:00+00:00,-13.98,-8.176,-0.918,-11.818,-1.326,0.0
2024-12-17 10:00:00+00:00,-12.68,-6.741,-6.116,-9.743,-8.841,1.5
2024-12-17 11:00:00+00:00,-13.78,-2.347,-8.918,-3.393,-12.89,11.1
2024-12-17 12:00:00+00:00,-15.3,2.926,-9.528,4.229,-13.772,46.1
2024-12-17 13:00:00+00:00,-16.03,6.697,-6.051,9.68,-8.746,16.3
2024-12-17 14:00:00+00:00,-16.22,7.01,-1.548,10.133,-2.237,4.9
2024-12-17 15:00:00+00:00,-16.19,6.691,1.736,9.672,2.509,0.0
2024-12-17 16:00:00+00:00,-17.56,6.26,5.331,9.049,7.706,0.0
2024-12-17 17:00:00+00:00,-17.2,4.029,8.504,5.823,12.292,0.0
2024-12-17 18:00:00+00:00,-12.95,0.743,8.352,1.074,12.072,0.0
2024-12-17 19:00:00+00:00,-13.0,-1.755,8.976,-2.537,12.974,0.0
2024-12-17 20:00:00+00:00,-12.1,-3.538,6.757,-5.114,9.767,0.0
2024-12-17 21:00:00+00:00,-13.13,-4.659,4.821,-6.734,6.969,0.0
2024-12-17 22:00:00+00:00,-12.61,-6.724,3.076,-9.718,4.446,0.0
2024-12-17 23:00:00+00:00,-12.81,-7.283,-0.068,-10.528,-0.098,0.0
2024-12-18 00:00:00+00:00,-15.44,-6.247,-3.811,-9.029,-5.509,0.0
2024-12-18 01:00:00+00:00,-14.03,-2.666,-5.384,-3.854,-7.783,0.0
2024-12-18 02:00:00+00:00,-14.07,0.929,-5.6,1.342,-8.094,0.0
2024-12-18 03:00:00+00:00,-14.73,4.223,-4.467,6.104,-6.457,0.0
2024-12-18 04:00:00+00:00,-13.26,6.932,-0.928,10.02,-1.341,0.0
2024-12-18 05:00:00+00:00,-14.18,6.099,3.892,8.816,5.625,0.0
2024-12-18 06:00:00+00:00,-14.49,1.597,5.362,2.308,7.751,0.0
2024-12-18 07:00:00+00:00,-14.26,-2.225,5.816,-3.216,8.407,0.0
2024-12-18 08:00:00+00:00,-14.15,-4.375,2.717,-6.324,3.928,0.0
2024-12-18 09:00:00+00:00,-13.96,-5.957,-0.43,-8.611,-0.621,0.0
2024-12-18 10:00:00+00:00,-15.02,-4.22,-3.936,-6.1,-5.69,6.5
2024-12-18 11:00:00+00:00,-14.06,-1.473,-6.856,-2.13,-9.91,37.4
2024-12-18 12:00:00+00:00,-11.87,3.352,-6.51,4.846,-9.41,28.3
2024-12-18 13:00:00+00:00,-10.61,7.692,-3.388,11.119,-4.898,12.1
2024-12-18 14:00:00+00:00,-10.96,6.984,1.408,10.095,2.035,1.5
2024-12-18 15:00:00+00:00,-12.69,5.299,5.368,7.659,7.759,0.0
2024-12-18 16:00:00+00:00,-14.76,1.669,7.412,2.412,10.714,0.0
2024-12-18 17:00:00+00:00,-13.46,-2.382,7.034,-3.443,10.167,0.0
2024-12-18 18:00:00+00:00,-12.34,-4.984,3.982,-7.204,5.756,0.0
2024-12-18 19:00:00+00:00,-13.81,-6.744,0.741,-9.748,1.071,0.0
2024-12-18 20:00:00+00:00,-13.5,-5.935,-2.713,-8.578,-3.921,0.0
2024-12-18 21:00:00+00:00,-12.24,-4.0,-5.106,-5.782,-7.381,0.0
2024-12-18 22:00:00+00:00,-14.96,-1.138,-4.559,-1.644,-6.59,0.0
2024-12-18 23:00:00+00:00,-8.75,1.228,-5.126,1.776,-7.41,0.0
2024-12-19 00:00:00+00:00,-8.92,4.245,-4.224,6.135,-6.106,0.0
2024-12-19 01:00:00+00:00,-9.99,5.982,-1.235,8.647,-1.786,0.0
2024-12-19 02:00:00+00:00,-5.7,5.105,2.091,7.379,3.022,0.0
2024-12-19 03:00:00+00:00,-8.82,2.877,5.717,4.159,8.263,0.0
2024-12-19 04:00:00+00:00,-10.34,-1.365,5.863,-1.973,8.474,0.0
2024-12-19 05:00:00+00:00,-13.38,-3.734,2.884,-5.398,4.169,0.0
2024-12-19 06:00:00+00:00,-13.61,-5.276,0.065,-7.626,0.094,0.0
2024-12-19 07:00:00+00:00,-13.85,-4.43,-3.429,-6.403,-4.956,0.0
2024-12-19 08:00:00+00:00,-14.5,-1.075,-6.226,-1.554,-8.999,0.0
2024-12-19 09:00:00+00:00,-16.05,3.029,-4.671,4.379,-6.751,0.0
2024-12-19 10:00:00+00:00,-19.73,5.015,-1.109,7.249,-1.604,1.4
2024-12-19 11:00:00+00:00,-20.6,5.289,3.35,7.645,4.842,39.9
2024-12-19 12:00:00+00:00,-18.7,1.187,5.79,1.716,8.368,60.3
2024-12-19 13:00:00+00:00,-17.14,-2.91,3.686,-4.206,5.328,50.1
2024-12-19 14:00:00+00:00,-17.87,-4.941,0.17,-7.141,0.245,6.2
2024-12-19 15:00:00+00:00,-15.62,-3.135,-2.931,-4.532,-4.236,0.0
2024-12-19 16:00:00+00:00,-15.74,-0.399,-4.834,-0.576,-6.987,0.0
2024-12-19 17:00:00+00:00,-16.7,3.474,-4.536,5.021,-6.556,0.0
2024-12-19 18:00:00+00:00,-14.63,6.804,-0.969,9.835,-1.401,0.0
2024-12-19 19:00:00+00:00,-10.95,6.633,4.063,9.587,5.873,0.0
2024-12-19 20:00:00+00:00,-10.13,3.268,9.085,4.723,13.132,0.0
2024-12-19 21:00:00+00:00,-9.53,-3.411,8.387,-4.931,12.123,0.0
2024-12-19 22:00:00+00:00,-8.71,-6.959,2.77,-10.059,4.004,0.0
2024-12-19 23:00:00+00:00,-7.69,-5.872,-2.106,-8.488,-3.044,0.0
2024-12-20 00:00:00+00:00,-7.41,-3.022,-4.988,-4.369,-7.209,0.0
2024-12-20 01:00:00+00:00,-5.99,0.7,-6.328,1.012,-9.146,0.0
2024-12-20 02:00:00+00:00,-5.78,6.35,-5.964,9.178,-8.62,0.0
2024-12-20 03:00:00+00:00,-5.57,7.233,-0.652,10.456,-0.942,0.0
2024-12-20 04:00:00+00:00,-5.43,6.802,4.558,9.832,6.589,0.0
2024-12-20 05:00:00+00:00,-8.1,1.781,8.878,2.574,12.833,0.0
2024-12-20 06:00:00+00:00,-9.59,-5.379,7.169,-7.774,10.362,0.0
2024-12-20 07:00:00+00:00,-10.56,-8.374,1.118,-12.105,1.616,0.0
2024-12-20 08:00:00+00:00,-13.79,-5.817,-5.199,-8.409,-7.515,0.0
2024-12-20 09:00:00+00:00,-13.01,-0.014,-6.746,-0.02,-9.752,0.0
2024-12-20 10:00:00+00:00,-15.85,3.946,-3.244,5.704,-4.689,3.2
2024-12-20 11:00:00+00:00,-16.53,4.672,1.616,6.753,2.336,11.8
2024-12-20 12:00:00+00:00,-18.08,0.885,4.125,1.28,5.962,14.3
2024-12-20 13:00:00+00:00,-18.18,-2.604,2.358,-3.765,3.408,11.0
2024-12-20 14:00:00+00:00,-19.6,-4.269,-1.227,-6.17,-1.774,1.4
2024-12-20 15:00:00+00:00,-19.53,-1.484,-4.124,-2.145,-5.96,0.0
2024-12-20 16:00:00+00:00,-15.58,2.41,-4.054,3.483,-5.86,0.0
2024-12-20 17:00:00+00:00,-14.1,4.264,-0.846,6.164,-1.222,0.0
2024-12-20 18:00:00+00:00,-11.8,3.096,2.792,4.475,4.036,0.0
2024-12-20 19:00:00+00:00,-12.4,-0.316,3.782,-0.457,5.467,0.0
2024-12-20 20:00:00+00:00,-10.43,-3.196,2.109,-4.62,3.049,0.0
2024-12-20 21:00:00+00:00,-12.26,-4.372,-0.91,-6.319,-1.315,0.0
2024-12-20 22:00:00+00:00,-10.63,-2.38,-3.828,-3.44,-5.534,0.0
2024-12-20 23:00:00+00:00,-10.02,1.114,-5.042,1.61,-7.288,0.0
2024-12-21 00:00:00+00:00,-9.06,4.376,-2.917,6.326,-4.216,0.0
2024-12-21 01:00:00+00:00,-10.21,5.222,1.302,7.549,1.883,0.0
2024-12-21 02:00:00+00:00,-11.02,2.758,5.238,3.986,7.571,0.0
2024-12-21 03:00:00+00:00,-10.61,-1.668,4.78,-2.41,6.909,0.0
2024-12-21 04:00:00+00:00,-12.4,-4.303,1.784,-6.219,2.579,0.0
2024-12-21 05:00:00+00:00,-15.29,-3.422,-1.898,-4.946,-2.743,0.0
2024-12-21 06:00:00+00:00,-13.22,-0.447,-3.193,-0.646,-4.615,0.0
2024-12-21 07:00:00+00:00,-11.4,1.773,-1.94,2.563,-2.805,0.0
2024-12-21 08:00:00+00:00,-12.07,2.683,0.004,3.878,0.006,0.0
2024-12-21 09:00:00+00:00,-13.28,2.003,2.243,2.895,3.242,0.0
2024-12-21 10:00:00+00:00,-10.84,-0.278,3.63,-0.403,5.247,6.5
2024-12-21 11:00:00+00:00,-7.82,-2.981,2.796,-4.309,4.041,50.2
2024-12-21 12:00:00+00:00,-9.63,-4.947,0.241,-7.15,0.348,65.1
2024-12-21 13:00:00+00:00,-9.0,-3.587,-2.697,-5.185,-3.898,50.2
2024-12-21 14:00:00+00:00,-9.2,-0.841,-3.866,-1.216,-5.588,5.5
2024-12-21 15:00:00+00:00,-10.28,1.79,-3.445,2.587,-4.979,0.0
2024-12-21 16:00:00+00:00,-12.22,3.588,-1.562,5.186,-2.258,0.0
2024-12-21 17:00:00+00:00,-11.08,3.68,0.919,5.319,1.329,0.0
2024-12-21 18:00:00+00:00,-13.32,1.986,2.777,2.871,4.014,0.0
2024-12-21 19:00:00+00:00,-12.13,-0.089,3.415,-0.129,4.937,0.0
2024-12-21 20:00:00+00:00,-10.96,-2.119,2.687,-3.062,3.884,0.0
2024-12-21 21:00:00+00:00,-9.93,-4.142,0.865,-5.987,1.25,0.0
2024-12-21 22:00:00+00:00,-11.81,-4.254,-2.443,-6.149,-3.531,0.0
2024-12-21 23:00:00+00:00,-11.01,-1.522,-4.372,-2.2,-6.32,0.0
2024-12-22 00:00:00+00:00,-12.2,1.953,-4.336,2.823,-6.268,0.0
2024-12-22 01:00:00+00:00,-13.66,4.361,-1.898,6.303,-2.743,0.0
2024-12-22 02:00:00+00:00,-13.12,5.233,1.89,7.564,2.732,0.0
2024-12-22 03:00:00+00:00,-12.4,2.475,4.696,3.577,6.788,0.0
2024-12-22 04:00:00+00:00,-12.64,-1.38,5.218,-1.994,7.542,0.0
2024-12-22 05:00:00+00:00,-14.64,-4.618,2.643,-6.675,3.821,0.0
2024-12-22 06:00:00+00:00,-12.61,-6.155,-1.48,-8.896,-2.139,0.0
2024-12-22 07:00:00+00:00,-14.07,-4.35,-5.95,-6.287,-8.6,0.0
2024-12-22 08:00:00+00:00,-13.77,0.443,-8.761,0.641,-12.663,0.0
2024-12-22 09:00:00+00:00,-10.39,3.827,-5.758,5.532,-8.322,0.0
2024-12-22 10:00:00+00:00,-10.68,5.226,-2.472,7.555,-3.573,2.5
2024-12-22 11:00:00+00:00,-12.05,5.626,0.596,8.131,0.861,21.4
2024-12-22 12:00:00+00:00,-11.67,5.362,3.989,7.751,5.766,14.4
2024-12-22 13:00:00+00:00,-12.05,2.07,5.183,2.993,7.492,11.1
2024-12-22 14:00:00+00:00,-11.33,-0.706,5.666,-1.02,8.19,1.5
2024-12-22 15:00:00+00:00,-9.84,-2.886,4.254,-4.171,6.149,0.0
2024-12-22 16:00:00+00:00,-9.34,-4.75,2.594,-6.865,3.75,0.0
2024-12-22 17:00:00+00:00,-7.51,-6.436,0.268,-9.302,0.388,0.0
2024-12-22 18:00:00+00:00,-6.18,-5.488,-2.753,-7.932,-3.98,0.0
2024-12-22 19:00:00+00:00,-8.84,-3.393,-5.164,-4.904,-7.464,0.0
2024-12-22 20:00:00+00:00,-11.53,-0.58,-6.017,-0.839,-8.697,0.0
2024-12-22 21:00:00+00:00,-10.96,2.336,-5.411,3.377,-7.821,0.0
2024-12-22 22:00:00+00:00,-14.69,4.48,-3.695,6.476,-5.341,0.0
2024-12-22 23:00:00+00:00,-15.35,6.14,-1.668,8.875,-2.411,0.0
2024-12-23 00:00:00+00:00,-11.31,5.092,0.587,7.361,0.848,0.0
2024-12-23 01:00:00+00:00,-9.47,4.844,2.226,7.002,3.217,0.0
2024-12-23 02:00:00+00:00,-9.21,4.285,4.051,6.194,5.856,0.0
2024-12-23 03:00:00+00:00,-7.92,2.566,4.398,3.708,6.357,0.0
2024-12-23 04:00:00+00:00,-10.26,0.913,4.56,1.32,6.592,0.0
2024-12-23 05:00:00+00:00,-10.98,-0.423,4.367,-0.611,6.312,0.0
2024-12-23 06:00:00+00:00,-11.46,-1.673,4.225,-2.418,6.108,0.0
2024-12-23 07:00:00+00:00,-12.65,-2.516,3.084,-3.636,4.457,0.0
2024-12-23 08:00:00+00:00,-11.74,-3.845,2.568,-5.558,3.712,0.0
2024-12-23 09:00:00+00:00,-12.16,-4.93,1.451,-7.126,2.097,0.0
2024-12-23 10:00:00+00:00,-8.27,-5.702,0.101,-8.242,0.146,3.7
2024-12-23 11:00:00+00:00,-6.35,-5.663,-1.54,-8.185,-2.227,25.1
2024-12-23 12:00:00+00:00,-7.65,-5.071,-3.348,-7.33,-4.839,40.1
2024-12-23 13:00:00+00:00,-7.39,-3.584,-4.442,-5.18,-6.421,44.6
2024-12-23 14:00:00+00:00,-7.72,-1.634,-3.905,-2.362,-5.644,5.9
2024-12-23 15:00:00+00:00,-6.71,-0.517,-4.239,-0.747,-6.128,0.0
2024-12-23 16:00:00+00:00,-4.97,0.342,-3.707,0.495,-5.359,0.0
2024-12-23 17:00:00+00:00,-4.88,1.61,-4.087,2.327,-5.908,0.0
2024-12-23 18:00:00+00:00,-4.65,3.343,-4.244,4.832,-6.135,0.0
2024-12-23 19:00:00+00:00,-3.84,3.667,-2.499,5.3,-3.612,0.0
2024-12-23 20:00:00+00:00,-5.58,3.368,-0.993,4.869,-1.435,0.0
2024-12-23 21:00:00+00:00,-4.15,3.209,0.215,4.638,0.311,0.0
2024-12-23 22:00:00+00:00,-6.62,2.823,1.243,4.08,1.797,0.0
2024-12-23 23:00:00+00:00,-7.56,2.483,2.178,3.589,3.148,0.0
2024-12-24 00:00:00+00:00,-8.42,1.738,2.875,2.512,4.156,0.0
2024-12-24 01:00:00+00:00,-8.93,0.965,3.408,1.395,4.926,0.0
2024-12-24 02:00:00+00:00,-10.6,-0.147,4.111,-0.212,5.942,0.0
2024-12-24 03:00:00+00:00,-12.81,-1.35,4.062,-1.952,5.872,0.0
2024-12-24 04:00:00+00:00,-12.89,-2.572,3.665,-3.717,5.297,0.0
2024-12-24 05:00:00+00:00,-14.68,-3.754,2.989,-5.426,4.321,0.0
2024-12-24 06:00:00+00:00,-14.84,-4.826,1.778,-6.976,2.57,0.0
2024-12-24 07:00:00+00:00,-14.71,-5.871,0.293,-8.486,0.424,0.0
2024-12-24 08:00:00+00:00,-12.0,-7.459,-2.239,-10.781,-3.236,0.0
2024-12-24 09:00:00+00:00,-11.74,-6.684,-4.271,-9.661,-6.173,0.0
2024-12-24 10:00:00+00:00,-13.87,-5.105,-5.416,-7.379,-7.829,3.4
2024-12-24 11:00:00+00:00,-11.96,-3.388,-6.59,-4.898,-9.525,26.9
2024-12-24 12:00:00+00:00,-12.7,-1.283,-6.289,-1.854,-9.09,14.6
2024-12-24 13:00:00+00:00,-12.98,0.652,-6.975,0.942,-10.081,26.3
2024-12-24 14:00:00+00:00,-12.14,3.116,-6.042,4.504,-8.733,4.1
2024-12-24 15:00:00+00:00,-11.39,5.229,-4.141,7.558,-5.986,0.0
2024-12-24 16:00:00+00:00,-15.13,8.022,-1.926,11.595,-2.784,0.0
2024-12-24 17:00:00+00:00,-15.89,9.514,2.153,13.752,3.112,0.0
2024-12-24 18:00:00+00:00,-15.57,8.067,6.2,11.66,8.961,0.0
2024-12-24 19:00:00+00:00,-15.05,5.044,9.263,7.29,13.389,0.0
2024-12-24 20:00:00+00:00,-13.54,0.824,10.907,1.191,15.765,0.0
2024-12-24 21:00:00+00:00,-9.53,-3.686,9.261,-5.328,13.386,0.0
2024-12-24 22:00:00+00:00,-9.34,-8.23,7.23,-11.896,10.451,0.0
2024-12-24 23:00:00+00:00,-8.31,-9.178,2.464,-13.266,3.562,0.0
2024-12-25 00:00:00+00:00,-8.12,-8.835,-1.144,-12.771,-1.654,0.0
2024-12-25 01:00:00+00:00,-6.94,-7.773,-5.543,-11.235,-8.013,0.0
2024-12-25 02:00:00+00:00,-7.15,-4.99,-9.669,-7.213,-13.976,0.0
2024-12-25 03:00:00+00:00,-8.51,-0.221,-8.37,-0.319,-12.099,0.0
2024-12-25 04:00:00+00:00,-7.19,2.485,-7.142,3.591,-10.323,0.0
2024-12-25 05:00:00+00:00,-7.24,6.112,-6.385,8.834,-9.23,0.0
2024-12-25 06:00:00+00:00,-7.08,6.707,-2.014,9.695,-2.911,0.0
2024-12-25 07:00:00+00:00,-5.85,6.547,1.176,9.463,1.7,0.0
2024-12-25 08:00:00+00:00,-6.1,6.202,4.215,8.964,6.092,0.0
2024-12-25 09:00:00+00:00,-7.25,4.233,7.102,6.119,10.266,0.0
2024-12-25 10:00:00+00:00,-8.97,0.984,9.492,1.423,13.72,1.8
2024-12-25 11:00:00+00:00,-13.54,-2.004,9.151,-2.897,13.227,11.4
2024-12-25 12:00:00+00:00,-15.57,-3.479,7.009,-5.028,10.131,14.7
2024-12-25 13:00:00+00:00,-14.55,-4.362,4.973,-6.305,7.189,11.4
2024-12-25 14:00:00+00:00,-15.74,-5.393,2.994,-7.795,4.328,1.8
2024-12-25 15:00:00+00:00,-18.21,-5.827,0.533,-8.423,0.771,0.0
2024-12-25 16:00:00+00:00,-18.9,-7.389,-2.883,-10.681,-4.167,0.0
2024-12-25 17:00:00+00:00,-17.98,-4.569,-5.988,-6.605,-8.655,0.0
2024-12-25 18:00:00+00:00,-19.22,-0.89,-8.905,-1.287,-12.872,0.0
2024-12-25 19:00:00+00:00,-18.55,3.376,-8.461,4.879,-12.23,0.0
2024-12-25 20:00:00+00:00,-15.76,7.269,-6.054,10.507,-8.751,0.0
2024-12-25 21:00:00+00:00,-17.79,10.122,-0.983,14.631,-1.421,0.0
2024-12-25 22:00:00+00:00,-16.77,8.405,5.698,12.148,8.236,0.0
2024-12-25 23:00:00+00:00,-16.21,2.851,9.759,4.121,14.107,0.0
2024-12-26 00:00:00+00:00,-16.09,-4.013,8.848,-5.801,12.789,0.0
2024-12-26 01:00:00+00:00,-14.35,-6.409,3.148,-9.264,4.55,0.0
2024-12-26 02:00:00+00:00,-12.28,-8.649,-1.438,-12.501,-2.078,0.0
2024-12-26 03:00:00+00:00,-12.87,-6.88,-6.98,-9.945,-10.089,0.0
2024-12-26 04:00:00+00:00,-15.5,-0.5,-8.913,-0.722,-12.884,0.0
2024-12-26 05:00:00+00:00,-13.46,4.918,-6.041,7.109,-8.732,0.0
2024-12-26 06:00:00+00:00,-12.38,6.443,-0.796,9.313,-1.15,0.0
2024-12-26 07:00:00+00:00,-11.85,5.887,3.785,8.51,5.471,0.0
2024-12-26 08:00:00+00:00,-16.07,2.442,8.43,3.53,12.185,0.0
2024-12-26 09:00:00+00:00,-16.99,-4.198,7.818,-6.068,11.3,0.0
2024-12-26 10:00:00+00:00,-17.19,-8.051,3.443,-11.637,4.976,4.1
2024-12-26 11:00:00+00:00,-17.65,-7.709,-2.066,-11.143,-2.986,32.6
2024-12-26 12:00:00+00:00,-16.84,-4.464,-6.574,-6.453,-9.503,30.9
2024-12-26 13:00:00+00:00,-13.71,0.836,-8.629,1.209,-12.473,33.2
2024-12-26 14:00:00+00:00,-14.3,5.213,-5.244,7.535,-7.58,8.4
2024-12-26 15:00:00+00:00,-13.5,6.86,-1.022,9.916,-1.478,0.0
2024-12-26 16:00:00+00:00,-14.2,7.019,3.953,10.145,5.714,0.0
2024-12-26 17:00:00+00:00,-14.82,3.771,8.892,5.451,12.853,0.0
2024-12-26 18:00:00+00:00,-14.49,-3.281,10.322,-4.743,14.92,0.0
2024-12-26 19:00:00+00:00,-14.87,-10.177,5.493,-14.71,7.94,0.0
2024-12-26 20:00:00+00:00,-12.21,-9.912,-2.541,-14.327,-3.673,0.0
2024-12-26 21:00:00+00:00,-11.37,-5.451,-9.239,-7.88,-13.355,0.0
2024-12-26 22:00:00+00:00,-10.94,2.047,-8.883,2.958,-12.84,0.0
2024-12-26 23:00:00+00:00,-12.13,9.869,-6.629,14.265,-9.583,0.0
2024-12-27 00:00:00+00:00,-9.06,9.997,0.299,14.45,0.432,0.0
2024-12-27 01:00:00+00:00,-7.73,9.311,7.543,13.459,10.902,0.0
2024-12-27 02:00:00+00:00,-7.6,2.143,8.548,3.098,12.356,0.0
2024-12-27 03:00:00+00:00,-9.13,-3.434,8.299,-4.963,11.995,0.0
2024-12-27 04:00:00+00:00,-6.65,-5.431,3.528,-7.85,5.099,0.0
2024-12-27 05:00:00+00:00,-8.48,-6.072,-0.887,-8.777,-1.282,0.0
2024-12-27 06:00:00+00:00,-7.81,-4.698,-5.524,-6.791,-7.985,0.0
2024-12-27 07:00:00+00:00,-9.84,0.143,-6.372,0.207,-9.21,0.0
2024-12-27 08:00:00+00:00,-7.99,4.02,-4.679,5.811,-6.763,0.0
2024-12-27 09:00:00+00:00,-11.34,6.331,-1.449,9.151,-2.094,0.0
2024-12-27 10:00:00+00:00,-14.28,6.045,2.565,8.738,3.707,8.1
2024-12-27 11:00:00+00:00,-14.6,3.826,5.887,5.53,8.51,43.9
2024-12-27 12:00:00+00:00,-11.69,-0.408,6.637,-0.589,9.594,44.4
2024-12-27 13:00:00+00:00,-13.57,-4.512,5.012,-6.521,7.244,35.5
2024-12-27 14:00:00+00:00,-12.38,-7.194,1.109,-10.398,1.603,5.9
2024-12-27 15:00:00+00:00,-10.31,-5.332,-3.504,-7.708,-5.064,0.0
2024-12-27 16:00:00+00:00,-10.08,-0.978,-5.195,-1.414,-7.509,0.0
2024-12-27 17:00:00+00:00,-10.18,2.843,-4.715,4.11,-6.815,0.0
2024-12-27 18:00:00+00:00,-8.94,4.673,-1.856,6.755,-2.683,0.0
2024-12-27 19:00:00+00:00,-5.59,4.976,1.575,7.192,2.276,0.0
2024-12-27 20:00:00+00:00,-6.16,3.334,5.037,4.819,7.28,0.0
2024-12-27 21:00:00+00:00,-4.07,-0.61,5.765,-0.882,8.333,0.0
2024-12-27 22:00:00+00:00,-3.82,-5.506,4.741,-7.959,6.852,0.0
2024-12-27 23:00:00+00:00,-2.86,-7.496,-0.122,-10.834,-0.177,0.0
2024-12-28 00:00:00+00:00,-2.59,-4.925,-5.039,-7.119,-7.284,0.0
2024-12-28 01:00:00+00:00,-0.74,0.409,-6.408,0.591,-9.262,0.0
2024-12-28 02:00:00+00:00,-0.22,4.031,-3.246,5.827,-4.692,0.0
2024-12-28 03:00:00+00:00,-2.41,4.736,0.379,6.846,0.547,0.0
2024-12-28 04:00:00+00:00,-4.08,3.418,4.48,4.941,6.475,0.0
2024-12-28 05:00:00+00:00,-6.59,-1.026,5.178,-1.483,7.485,0.0
2024-12-28 06:00:00+00:00,-6.45,-4.101,2.846,-5.928,4.114,0.0
2024-12-28 07:00:00+00:00,-7.37,-4.872,-0.898,-7.042,-1.298,0.0
2024-12-28 08:00:00+00:00,-11.39,-3.175,-4.222,-4.589,-6.102,0.0
2024-12-28 09:00:00+00:00,-9.53,-0.122,-5.62,-0.176,-8.123,0.0
2024-12-28 10:00:00+00:00,-9.52,3.185,-5.14,4.604,-7.429,7.3
2024-12-28 11:00:00+00:00,-7.04,5.679,-3.048,8.208,-4.406,51.1
2024-12-28 12:00:00+00:00,-9.75,4.918,-0.008,7.108,-0.011,45.2
2024-12-28 13:00:00+00:00,-10.29,4.045,1.877,5.847,2.713,46.8
2024-12-28 14:00:00+00:00,-13.01,2.606,2.724,3.766,3.937,10.6
2024-12-28 15:00:00+00:00,-13.26,1.469,3.31,2.123,4.785,0.0
2024-12-28 16:00:00+00:00,-13.02,0.415,3.112,0.599,4.499,0.0
2024-12-28 17:00:00+00:00,-14.32,-0.49,3.369,-0.709,4.87,0.0
2024-12-28 18:00:00+00:00,-13.27,-1.709,3.108,-2.471,4.493,0.0
2024-12-28 19:00:00+00:00,-14.09,-2.981,2.557,-4.308,3.695,0.0
2024-12-28 20:00:00+00:00,-10.55,-4.078,1.129,-5.895,1.632,0.0
2024-12-28 21:00:00+00:00,-9.9,-3.625,-0.758,-5.24,-1.096,0.0
2024-12-28 22:00:00+00:00,-11.11,-3.241,-2.259,-4.684,-3.266,0.0
2024-12-28 23:00:00+00:00,-10.62,-2.573,-4.398,-3.719,-6.357,0.0
2024-12-29 00:00:00+00:00,-10.84,-0.565,-5.032,-0.816,-7.273,0.0
2024-12-29 01:00:00+00:00,-11.67,1.981,-5.049,2.864,-7.298,0.0
2024-12-29 02:00:00+00:00,-13.6,4.664,-4.04,6.742,-5.84,0.0
2024-12-29 03:00:00+00:00,-12.32,6.858,-1.663,9.913,-2.404,0.0
2024-12-29 04:00:00+00:00,-12.57,7.324,2.029,10.586,2.933,0.0
2024-12-29 05:00:00+00:00,-13.67,6.279,6.661,9.076,9.629,0.0
2024-12-29 06:00:00+00:00,-12.3,1.569,8.065,2.268,11.657,0.0
2024-12-29 07:00:00+00:00,-14.21,-2.798,7.071,-4.044,10.221,0.0
2024-12-29 08:00:00+00:00,-12.67,-6.636,4.448,-9.592,6.429,0.0
2024-12-29 09:00:00+00:00,-12.44,-7.999,-0.672,-11.562,-0.972,0.0
2024-12-29 10:00:00+00:00,-10.13,-6.314,-6.25,-9.127,-9.034,7.0
2024-12-29 11:00:00+00:00,-12.34,-1.987,-9.016,-2.872,-13.033,16.9
2024-12-29 12:00:00+00:00,-16.0,2.297,-7.891,3.32,-11.406,37.8
2024-12-29 13:00:00+00:00,-14.42,6.154,-5.931,8.895,-8.573,49.2
2024-12-29 14:00:00+00:00,-13.81,8.458,-2.3,12.226,-3.324,10.3
2024-12-29 15:00:00+00:00,-14.16,7.492,1.839,10.829,2.658,0.0
2024-12-29 16:00:00+00:00,-16.41,6.394,4.695,9.243,6.786,0.0
2024-12-29 17:00:00+00:00,-15.58,2.996,5.144,4.33,7.436,0.0
2024-12-29 18:00:00+00:00,-17.34,0.5,5.391,0.722,7.792,0.0
2024-12-29 19:00:00+00:00,-15.64,-2.171,5.283,-3.138,7.636,0.0
2024-12-29 20:00:00+00:00,-18.69,-4.172,3.034,-6.03,4.385,0.0
2024-12-29 21:00:00+00:00,-18.17,-5.091,0.313,-7.359,0.452,0.0
2024-12-29 22:00:00+00:00,-14.89,-4.03,-2.465,-5.825,-3.563,0.0
2024-12-29 23:00:00+00:00,-14.47,-1.439,-3.601,-2.08,-5.206,0.0
2024-12-30 00:00:00+00:00,-16.15,1.166,-3.404,1.686,-4.921,0.0
2024-12-30 01:00:00+00:00,-16.57,3.27,-2.066,4.727,-2.987,0.0
2024-12-30 02:00:00+00:00,-16.26,3.475,0.421,5.022,0.609,0.0
2024-12-30 03:00:00+00:00,-15.4,2.548,2.601,3.683,3.759,0.0
2024-12-30 04:00:00+00:00,-18.0,0.298,3.804,0.43,5.499,0.0
2024-12-30 05:00:00+00:00,-17.5,-2.347,3.691,-3.392,5.335,0.0
2024-12-30 06:00:00+00:00,-17.68,-4.246,1.813,-6.138,2.62,0.0
2024-12-30 07:00:00+00:00,-17.8,-5.074,-0.996,-7.334,-1.439,0.0
2024-12-30 08:00:00+00:00,-16.27,-3.599,-3.48,-5.203,-5.03,0.0
2024-12-30 09:00:00+00:00,-17.51,-1.224,-4.663,-1.77,-6.74,0.0
2024-12-30 10:00:00+00:00,-17.62,1.362,-4.444,1.969,-6.423,9.6
2024-12-30 11:00:00+00:00,-16.3,3.434,-3.093,4.963,-4.47,48.4
2024-12-30 12:00:00+00:00,-16.29,4.517,-0.774,6.529,-1.119,39.7
2024-12-30 13:00:00+00:00,-16.67,3.272,1.646,4.73,2.379,12.5
2024-12-30 14:00:00+00:00,-15.37,1.119,3.068,1.617,4.435,4.1
2024-12-30 15:00:00+00:00,-15.83,-1.267,2.532,-1.831,3.66,0.0
2024-12-30 16:00:00+00:00,-14.99,-1.834,0.752,-2.651,1.086,0.0
2024-12-30 17:00:00+00:00,-13.14,-1.393,-0.38,-2.014,-0.549,0.0
2024-12-30 18:00:00+00:00,-8.41,-1.165,-1.404,-1.684,-2.03,0.0
2024-12-30 19:00:00+00:00,-7.91,-0.062,-1.962,-0.09,-2.836,0.0
2024-12-30 20:00:00+00:00,-7.29,1.477,-1.803,2.135,-2.607,0.0
2024-12-30 21:00:00+00:00,-5.63,2.183,-0.304,3.155,-0.44,0.0
2024-12-30 22:00:00+00:00,-8.27,1.903,1.41,2.751,2.038,0.0
2024-12-30 23:00:00+00:00,-5.65,0.424,2.602,0.614,3.761,0.0
2024-12-31 00:00:00+00:00,-6.39,-1.874,2.658,-2.709,3.842,0.0
2024-12-31 01:00:00+00:00,-6.17,-2.317,0.159,-3.349,0.231,0.0
2024-12-31 02:00:00+00:00,-3.69,-1.699,-1.75,-2.456,-2.53,0.0
2024-12-31 03:00:00+00:00,-4.43,0.295,-2.313,0.427,-3.344,0.0
2024-12-31 04:00:00+00:00,-7.0,2.643,-1.575,3.82,-2.277,0.0
2024-12-31 05:00:00+00:00,-7.97,2.539,0.887,3.669,1.282,0.0
2024-12-31 06:00:00+00:00,-9.12,1.193,3.0,1.724,4.336,0.0
2024-12-31 07:00:00+00:00,-10.09,-1.954,4.642,-2.824,6.71,0.0
2024-12-31 08:00:00+00:00,-12.66,-4.767,1.845,-6.891,2.667,0.0
2024-12-31 09:00:00+00:00,-11.02,-4.512,-1.806,-6.522,-2.61,0.0
2024-12-31 10:00:00+00:00,-13.14,-2.42,-5.118,-3.498,-7.398,5.7
2024-12-31 11:00:00+00:00,-16.54,1.466,-5.252,2.119,-7.592,15.2
2024-12-31 12:00:00+00:00,-16.73,4.397,-3.428,6.355,-4.956,33.6
2024-12-31 13:00:00+00:00,-15.66,5.315,-0.449,7.682,-0.649,15.4
2024-12-31 14:00:00+00:00,-16.49,3.964,2.376,5.729,3.435,6.0
2024-12-31 15:00:00+00:00,-15.37,2.185,4.83,3.158,6.981,0.0
2024-12-31 16:00:00+00:00,-13.97,-0.928,3.956,-1.342,5.719,0.0
2024-12-31 17:00:00+00:00,-11.71,-2.377,1.94,-3.435,2.804,0.0
2024-12-31 18:00:00+00:00,-12.14,-3.129,0.144,-4.522,0.207,0.0
2024-12-31 19:00:00+00:00,-11.33,-2.668,-1.787,-3.856,-2.583,0.0
2024-12-31 20:00:00+00:00,-11.72,-1.075,-2.815,-1.553,-4.069,0.0
2024-12-31 21:00:00+00:00,-12.27,0.825,-3.153,1.192,-4.558,0.0
2024-12-31 22:00:00+00:00,-12.24,2.281,-1.982,3.297,-2.864,0.0
2024-12-31 23:00:00+00:00,-13.59,3.309,-0.237,4.783,-0.343,0.0
2025-01-01 00:00:00+00:00,-15.06,2.89,1.85,4.177,2.674,0.0
